Transaction ID,Item,Quantity,Price Per Unit,Total Spent,Payment Method,Location,Transaction Date
txn_1961373,coffee,2,2.0,4.0,credit card,takeaway,2023-09-08
txn_4977031,cake,4,3.0,12.0,cash,in-store,2023-05-16
txn_4271903,cookie,4,1.0,,credit card,in-store,2023-07-19
txn_7034554,salad,2,5.0,10.0,unknown,unknown,2023-04-27
txn_3160411,coffee,2,2.0,4.0,digital wallet,in-store,2023-06-11
txn_2602893,smoothie,5,4.0,20.0,credit card,,2023-03-31
txn_4433211,unknown,3,3.0,9.0,error,takeaway,2023-10-06
txn_6699534,sandwich,4,4.0,16.0,cash,unknown,2023-10-28
txn_4717867,,5,3.0,15.0,,takeaway,2023-07-28
txn_2064365,sandwich,5,4.0,20.0,,in-store,2023-12-31
txn_2548360,salad,5,5.0,25.0,cash,takeaway,2023-11-07
txn_3051279,sandwich,2,4.0,8.0,credit card,takeaway,
txn_7619095,sandwich,2,4.0,8.0,cash,in-store,2023-05-03
txn_9437049,cookie,5,1.0,5.0,,takeaway,2023-06-01
txn_8915701,error,2,1.5,3.0,,in-store,2023-03-21
txn_2847255,salad,3,5.0,15.0,credit card,in-store,2023-11-15
txn_3765707,sandwich,1,4.0,4.0,,,2023-06-10
txn_6769710,juice,2,3.0,6.0,cash,in-store,2023-02-24
txn_8876618,cake,5,3.0,15.0,cash,error,2023-03-25
txn_3709394,juice,4,3.0,12.0,cash,takeaway,2023-01-15
txn_3522028,smoothie,error,4.0,20.0,cash,in-store,2023-04-04
txn_3567645,smoothie,4,4.0,16.0,credit card,takeaway,2023-03-30
txn_5132361,sandwich,3,4.0,12.0,digital wallet,takeaway,2023-12-01
txn_2616390,sandwich,2,4.0,8.0,,,2023-09-18
txn_9400181,sandwich,5,4.0,20.0,cash,in-store,2023-06-03
txn_7958992,smoothie,3,4.0,,unknown,unknown,2023-12-13
txn_5183041,cookie,5,1.0,5.0,credit card,in-store,2023-04-20
txn_5695074,juice,4,3.0,12.0,credit card,takeaway,2023-04-10
txn_8467949,smoothie,5,4.0,20.0,credit card,,2023-03-11
txn_7640952,cake,4,3.0,12.0,digital wallet,takeaway,
txn_1736287,,5,2.0,10.0,digital wallet,,2023-06-02
txn_8927252,unknown,2,1.0,,credit card,error,2023-11-06
txn_9677376,smoothie,4,4.0,16.0,,in-store,2023-08-15
txn_7710508,unknown,5,1.0,5.0,cash,,
txn_8853997,smoothie,2,4.0,8.0,digital wallet,takeaway,2023-10-09
txn_9130559,sandwich,1,4.0,4.0,credit card,unknown,2023-05-28
txn_6855453,unknown,4,3.0,12.0,,in-store,2023-07-17
txn_1080432,salad,2,5.0,10.0,credit card,in-store,2023-04-29
txn_2655815,smoothie,4,4.0,16.0,,takeaway,2023-06-08
txn_6688524,coffee,4,2.0,8.0,error,,2023-06-29
txn_2083138,smoothie,3,4.0,12.0,,in-store,2023-04-17
txn_2427584,sandwich,4,4.0,16.0,,takeaway,2023-12-22
txn_6650263,tea,2,1.5,,,takeaway,2023-01-10
txn_9620080,juice,4,3.0,12.0,,takeaway,2023-10-02
txn_1491578,cookie,2,1.0,2.0,,,2023-02-23
txn_5455792,salad,3,5.0,15.0,cash,,2023-03-22
txn_8078640,juice,4,3.0,12.0,digital wallet,in-store,2023-11-03
txn_9499313,juice,5,3.0,15.0,,,2023-03-02
txn_8201146,juice,5,3.0,15.0,cash,,2023-06-26
txn_8230936,cake,3,3.0,9.0,,error,2023-05-02
txn_7742742,cake,5,3.0,15.0,,takeaway,2023-09-05
txn_6342161,salad,5,5.0,25.0,error,takeaway,2023-01-08
txn_8914892,unknown,5,5.0,25.0,digital wallet,,2023-03-15
txn_3363746,smoothie,3,4.0,12.0,credit card,,2023-11-25
txn_8614868,smoothie,5,4.0,20.0,digital wallet,takeaway,2023-12-05
txn_5522862,cookie,error,1.0,2.0,credit card,takeaway,2023-03-19
txn_3578141,cake,5,,15.0,,takeaway,2023-06-27
txn_2080895,cake,unknown,3.0,3.0,digital wallet,in-store,2023-04-19
txn_6421134,sandwich,4,4.0,16.0,cash,takeaway,2023-11-03
txn_8813311,juice,5,3.0,15.0,,in-store,2023-10-07
txn_9023317,salad,1,5.0,5.0,,,2023-09-30
txn_8051289,,1,3.0,3.0,,in-store,2023-10-09
txn_2537617,sandwich,1,4.0,4.0,cash,,2023-05-27
txn_9099694,unknown,3,5.0,15.0,,takeaway,2023-11-18
txn_9230615,smoothie,4,4.0,16.0,digital wallet,,2023-06-01
txn_4987129,sandwich,3,,,,in-store,2023-10-20
txn_8501819,juice,,3.0,6.0,cash,,2023-03-30
txn_3068204,cookie,1,1.0,1.0,credit card,takeaway,2023-10-03
txn_8427104,salad,2,,10.0,,in-store,2023-10-27
txn_8471743,error,5,3.0,15.0,digital wallet,in-store,2023-04-06
txn_2621580,tea,2,1.5,3.0,cash,in-store,2023-03-22
txn_4726376,cake,2,3.0,6.0,credit card,in-store,2023-01-31
txn_6044979,,1,1.0,1.0,cash,in-store,2023-12-08
txn_4238417,salad,2,5.0,10.0,,error,2023-06-19
txn_1900620,smoothie,2,4.0,8.0,credit card,error,2023-12-14
txn_6420335,coffee,1,2.0,2.0,cash,takeaway,2023-07-16
txn_3858209,sandwich,4,4.0,16.0,cash,,2023-02-22
txn_2091733,salad,1,5.0,5.0,,in-store,
txn_8735480,tea,5,1.5,7.5,cash,,2023-06-02
txn_3829165,juice,4,3.0,12.0,cash,in-store,2023-06-15
txn_3748616,coffee,2,2.0,4.0,credit card,in-store,2023-12-09
txn_1993289,sandwich,2,4.0,8.0,,in-store,2023-04-18
txn_2123367,cookie,2,1.0,2.0,,,2023-11-07
txn_5266394,cake,3,3.0,9.0,cash,in-store,2023-10-28
txn_5107946,cake,4,3.0,12.0,credit card,,2023-12-22
txn_8035512,tea,3,,4.5,cash,unknown,2023-10-29
txn_8718498,cake,5,3.0,15.0,credit card,error,2023-04-30
txn_3955361,cookie,5,1.0,5.0,,takeaway,2023-04-02
txn_9487821,error,1,5.0,5.0,digital wallet,takeaway,2023-05-24
txn_4132730,,5,1.0,5.0,,in-store,2023-03-12
txn_8976658,tea,2,1.5,3.0,credit card,in-store,2023-08-16
txn_5455936,unknown,5,3.0,15.0,,in-store,2023-10-28
txn_2725602,juice,5,3.0,15.0,credit card,,2023-09-10
txn_3011323,coffee,3,2.0,6.0,credit card,,2023-03-07
txn_6289610,juice,3,3.0,,cash,takeaway,2023-08-07
txn_8268061,salad,3,5.0,15.0,error,takeaway,2023-08-20
txn_5220895,salad,5,5.0,25.0,cash,in-store,2023-06-10
txn_3085509,coffee,4,2.0,8.0,digital wallet,in-store,2023-04-15
txn_9999113,juice,4,3.0,12.0,cash,takeaway,2023-05-27
txn_8779771,coffee,4,2.0,8.0,cash,in-store,2023-07-25
txn_9517146,,5,5.0,25.0,cash,takeaway,2023-10-30
txn_1621920,salad,3,5.0,15.0,,takeaway,2023-10-28
txn_3808639,juice,2,3.0,6.0,digital wallet,takeaway,2023-12-15
txn_7028009,cake,4,3.0,12.0,,takeaway,
txn_7447872,juice,2,,6.0,,,
txn_6955416,salad,4,5.0,20.0,error,in-store,2023-02-25
txn_3775339,cookie,3,1.0,3.0,credit card,unknown,2023-04-03
txn_9547091,cookie,3,1.0,3.0,credit card,,2023-10-08
txn_4358673,cookie,5,1.0,5.0,digital wallet,takeaway,2023-12-28
txn_4174591,tea,4,1.5,6.0,digital wallet,,2023-08-30
txn_3398520,sandwich,1,4.0,4.0,,in-store,2023-02-03
txn_6171384,smoothie,2,4.0,8.0,credit card,,2023-09-12
txn_2530938,smoothie,5,4.0,20.0,,takeaway,2023-04-27
txn_3314971,juice,3,3.0,9.0,digital wallet,,2023-05-04
txn_3092382,coffee,5,2.0,10.0,digital wallet,,2023-02-21
txn_1001832,salad,2,5.0,10.0,cash,takeaway,
txn_1535311,juice,3,3.0,9.0,cash,,2023-03-16
txn_2148617,juice,error,3.0,9.0,digital wallet,unknown,2023-01-10
txn_4633784,error,5,,15.0,,in-store,2023-02-06
txn_4368416,salad,2,5.0,10.0,credit card,takeaway,2023-02-24
txn_9790731,cake,2,3.0,6.0,unknown,,2023-06-02
txn_9339456,coffee,3,2.0,6.0,,takeaway,2023-03-29
txn_5179020,cake,2,3.0,6.0,,takeaway,2023-06-18
txn_6258471,coffee,5,2.0,10.0,digital wallet,in-store,2023-09-23
txn_7945375,juice,3,3.0,9.0,,,2023-01-14
txn_4685453,tea,4,1.5,6.0,cash,in-store,2023-09-14
txn_9646452,juice,5,3.0,15.0,credit card,,2023-09-16
txn_9096052,smoothie,4,4.0,16.0,credit card,takeaway,2023-12-28
txn_5916991,juice,2,3.0,6.0,digital wallet,takeaway,2023-02-06
txn_3407169,sandwich,2,4.0,8.0,cash,in-store,2023-03-11
txn_2277042,tea,1,1.5,1.5,cash,,2023-04-08
txn_9273729,tea,1,1.5,1.5,,,2023-12-19
txn_2181545,juice,4,3.0,12.0,credit card,takeaway,2023-07-14
txn_1150033,juice,5,3.0,15.0,cash,in-store,2023-04-18
txn_1443912,juice,2,3.0,6.0,,,2023-06-08
txn_8700451,tea,5,1.5,7.5,credit card,takeaway,2023-12-12
txn_6380550,coffee,5,2.0,10.0,cash,in-store,2023-01-05
txn_4885518,salad,3,5.0,15.0,credit card,in-store,2023-06-10
txn_3972167,sandwich,5,4.0,20.0,,in-store,2023-01-23
txn_4878378,tea,1,1.5,1.5,credit card,,2023-02-20
txn_2484241,cake,3,,9.0,digital wallet,,2023-07-19
txn_2368126,cake,5,3.0,15.0,,in-store,2023-12-06
txn_7943008,coffee,1,2.0,2.0,credit card,,
txn_8495063,juice,1,3.0,,cash,,2023-05-31
txn_4811133,salad,2,5.0,10.0,cash,,2023-08-11
txn_8729570,tea,5,1.5,7.5,unknown,in-store,2023-09-03
txn_7623634,cake,2,3.0,,credit card,in-store,2023-07-11
txn_9336980,salad,4,,20.0,cash,in-store,2023-06-06
txn_3424331,cake,4,3.0,12.0,,,2023-01-18
txn_5072031,cake,2,3.0,6.0,cash,takeaway,2023-03-23
txn_8687151,salad,5,5.0,25.0,cash,,2023-06-10
txn_4031509,,4,,16.0,credit card,takeaway,2023-01-04
txn_5265095,coffee,1,2.0,2.0,error,,2023-06-23
txn_6541415,unknown,unknown,3.0,12.0,cash,in-store,2023-11-25
txn_4108138,coffee,5,2.0,10.0,cash,,2023-08-03
txn_1909796,smoothie,2,4.0,8.0,,takeaway,2023-07-12
txn_1928241,coffee,3,2.0,6.0,cash,in-store,2023-04-30
txn_4283157,salad,5,5.0,25.0,digital wallet,in-store,2023-11-25
txn_8013032,coffee,2,2.0,4.0,credit card,,2023-03-07
txn_8301424,juice,2,3.0,6.0,,error,2023-06-27
txn_1093800,sandwich,3,4.0,12.0,cash,takeaway,
txn_7965998,juice,1,,3.0,credit card,in-store,2023-11-02
txn_9238666,cookie,1,,1.0,error,takeaway,2023-07-31
txn_1631695,tea,2,1.5,3.0,,in-store,2023-09-19
txn_1435086,cake,5,,15.0,,error,2023-02-09
txn_3226832,unknown,5,4.0,20.0,cash,unknown,2023-09-04
txn_1648671,sandwich,3,4.0,12.0,cash,takeaway,2023-05-21
txn_4062737,cake,3,3.0,9.0,cash,in-store,2023-07-02
txn_3494565,,2,4.0,8.0,error,,2023-07-10
txn_9249507,cookie,4,1.0,4.0,credit card,in-store,2023-11-21
txn_4689500,sandwich,4,4.0,16.0,,,2023-12-02
txn_8989148,tea,2,1.5,,,,2023-11-25
txn_8316826,coffee,3,2.0,6.0,,in-store,2023-04-17
txn_9836934,cookie,3,1.0,3.0,digital wallet,in-store,2023-03-13
txn_8005489,cake,3,3.0,9.0,,in-store,2023-08-12
txn_6463132,cookie,5,1.0,5.0,credit card,takeaway,
txn_3925836,cookie,3,1.0,3.0,digital wallet,in-store,2023-02-16
txn_1896955,salad,error,5.0,25.0,,in-store,2023-09-23
txn_5075974,smoothie,error,4.0,16.0,digital wallet,,2023-04-11
txn_3978874,smoothie,5,4.0,20.0,credit card,in-store,2023-03-13
txn_8955912,sandwich,1,4.0,4.0,,,2023-11-07
txn_1136554,smoothie,3,4.0,12.0,unknown,takeaway,2023-03-26
txn_8007337,cake,2,3.0,6.0,digital wallet,takeaway,2023-11-01
txn_8129834,salad,1,5.0,5.0,cash,,2023-07-22
txn_3831848,unknown,1,4.0,4.0,digital wallet,takeaway,2023-11-03
txn_5365809,cake,3,3.0,9.0,cash,in-store,2023-09-14
txn_8166407,smoothie,2,,8.0,,,2023-07-26
txn_6629480,smoothie,5,4.0,20.0,credit card,in-store,2023-02-28
txn_3833797,coffee,4,2.0,8.0,unknown,in-store,2023-01-27
txn_2643815,cookie,unknown,1.0,3.0,error,,2023-12-06
txn_2996519,cake,5,3.0,15.0,cash,,2023-01-19
txn_8810894,smoothie,1,4.0,4.0,,,2023-02-20
txn_7412722,juice,4,3.0,12.0,cash,in-store,2023-04-07
txn_3937509,smoothie,2,4.0,8.0,,in-store,2023-03-20
txn_6000201,cookie,3,1.0,3.0,cash,takeaway,2023-02-16
txn_1714274,cookie,4,1.0,4.0,,in-store,2023-12-27
txn_3800182,tea,2,,3.0,cash,in-store,2023-10-26
txn_5115080,,5,3.0,15.0,credit card,,2023-02-18
txn_9788956,juice,error,3.0,12.0,error,,2023-04-11
txn_6311602,juice,3,3.0,9.0,credit card,,2023-05-15
txn_2950680,coffee,2,2.0,4.0,credit card,takeaway,2023-12-10
txn_6749847,cake,2,3.0,6.0,credit card,,2023-08-15
txn_2143187,smoothie,1,4.0,4.0,,in-store,2023-04-21
txn_8964522,,3,3.0,9.0,credit card,takeaway,2023-10-28
txn_4088917,coffee,3,2.0,6.0,cash,takeaway,2023-02-04
txn_3779366,cookie,1,1.0,1.0,digital wallet,in-store,2023-04-15
txn_7724048,smoothie,1,4.0,4.0,error,in-store,2023-11-12
txn_2698591,tea,5,1.5,7.5,,,2023-08-05
txn_3171373,smoothie,3,4.0,12.0,credit card,in-store,2023-05-10
txn_4129248,sandwich,2,4.0,8.0,credit card,,
txn_6498163,smoothie,5,4.0,20.0,,in-store,2023-07-15
txn_6717827,error,3,5.0,15.0,digital wallet,,2023-11-15
txn_9089898,salad,3,,15.0,credit card,,2023-01-11
txn_8587583,cake,1,,3.0,,,2023-10-01
txn_8693704,salad,error,5.0,25.0,cash,in-store,2023-05-04
txn_3857960,salad,4,5.0,20.0,cash,in-store,2023-04-26
txn_3499124,error,4,4.0,16.0,credit card,,2023-08-25
txn_9250710,salad,1,5.0,5.0,cash,in-store,2023-05-28
txn_7058377,juice,1,3.0,3.0,,takeaway,2023-04-30
txn_6766492,salad,1,5.0,5.0,,error,2023-01-14
txn_9879996,coffee,4,2.0,8.0,digital wallet,in-store,2023-03-01
txn_4291940,cake,3,3.0,9.0,credit card,in-store,2023-11-13
txn_7433461,cookie,2,1.0,2.0,digital wallet,,2023-07-09
txn_4068262,salad,2,5.0,10.0,credit card,,2023-05-13
txn_5761073,cookie,1,1.0,1.0,cash,in-store,
txn_5047447,salad,1,5.0,5.0,digital wallet,takeaway,2023-12-27
txn_6623508,cookie,5,1.0,5.0,digital wallet,takeaway,2023-05-18
txn_2651216,unknown,3,4.0,12.0,,,2023-04-04
txn_9350833,cake,1,,3.0,cash,takeaway,2023-01-17
txn_8377564,cake,5,3.0,15.0,,in-store,2023-07-14
txn_7031118,salad,1,5.0,5.0,credit card,error,2023-03-29
txn_2230167,cake,4,3.0,12.0,digital wallet,takeaway,2023-09-22
txn_6446616,tea,3,1.5,4.5,error,,2023-09-30
txn_1721827,cake,4,3.0,12.0,digital wallet,error,2023-08-22
txn_6334895,smoothie,1,4.0,4.0,credit card,error,2023-07-27
txn_7077119,error,1,4.0,4.0,digital wallet,in-store,2023-12-30
txn_8562645,salad,error,5.0,,,in-store,2023-05-18
txn_4700144,coffee,4,2.0,8.0,,in-store,2023-12-21
txn_5526852,sandwich,5,4.0,,digital wallet,in-store,2023-09-28
txn_6846228,salad,3,,15.0,,in-store,2023-11-16
txn_8570890,juice,4,3.0,12.0,,,2023-04-14
txn_3205009,error,2,1.5,3.0,cash,in-store,2023-01-03
txn_3786188,tea,3,1.5,4.5,credit card,in-store,2023-10-20
txn_4530804,coffee,4,2.0,8.0,,,2023-01-12
txn_9642066,sandwich,3,4.0,12.0,credit card,in-store,2023-08-31
txn_7328294,juice,2,3.0,6.0,cash,,2023-07-07
txn_1908636,tea,2,1.5,3.0,,unknown,
txn_9238066,,5,1.5,7.5,digital wallet,in-store,2023-09-15
txn_5415901,cake,2,3.0,6.0,digital wallet,,2023-10-21
txn_6714420,error,2,3.0,6.0,credit card,takeaway,2023-03-30
txn_6616971,juice,2,3.0,6.0,digital wallet,takeaway,2023-09-02
txn_7803615,salad,3,5.0,15.0,cash,in-store,2023-12-13
txn_7549542,cookie,5,1.0,5.0,,takeaway,
txn_3544789,tea,4,1.5,,unknown,in-store,2023-07-14
txn_1583597,salad,1,5.0,5.0,cash,in-store,2023-05-10
txn_8472308,cookie,2,1.0,2.0,digital wallet,takeaway,2023-08-19
txn_1967565,smoothie,5,4.0,20.0,credit card,takeaway,2023-03-31
txn_2029497,sandwich,2,4.0,8.0,cash,takeaway,2023-01-06
txn_8929774,error,3,3.0,9.0,cash,,2023-10-02
txn_5003018,cookie,4,1.0,,digital wallet,,
txn_7852990,sandwich,5,4.0,20.0,digital wallet,takeaway,2023-07-10
txn_2534066,salad,2,5.0,10.0,cash,,2023-10-13
txn_2059647,tea,1,1.5,1.5,digital wallet,in-store,2023-05-29
txn_2485183,smoothie,5,4.0,20.0,cash,in-store,2023-07-07
txn_7374846,sandwich,1,4.0,4.0,credit card,unknown,2023-05-29
txn_9401522,sandwich,4,4.0,16.0,digital wallet,in-store,2023-11-16
txn_8250651,sandwich,4,4.0,16.0,digital wallet,in-store,2023-03-13
txn_7191245,cake,4,3.0,12.0,,takeaway,2023-05-22
txn_8982764,cake,5,3.0,15.0,digital wallet,takeaway,2023-11-23
txn_8669422,,4,3.0,12.0,cash,takeaway,2023-10-15
txn_1153869,smoothie,5,4.0,20.0,credit card,takeaway,2023-11-03
txn_5043774,sandwich,3,4.0,12.0,cash,,2023-06-08
txn_1746320,salad,1,5.0,5.0,cash,,2023-11-14
txn_1077129,cookie,1,1.0,1.0,,in-store,2023-09-12
txn_4865338,sandwich,unknown,4.0,16.0,,in-store,2023-11-26
txn_5616583,smoothie,1,4.0,4.0,,,2023-10-13
txn_2078474,cookie,2,1.0,2.0,,takeaway,2023-11-03
txn_2130245,smoothie,5,4.0,20.0,credit card,,2023-11-13
txn_3229409,juice,unknown,3.0,,cash,takeaway,2023-04-15
txn_9076216,cake,1,3.0,3.0,cash,,2023-12-17
txn_6371987,tea,5,1.5,,unknown,takeaway,2023-03-13
txn_9913877,error,2,2.0,4.0,credit card,,2023-05-09
txn_2084377,smoothie,1,4.0,4.0,credit card,error,2023-10-22
txn_1842675,error,4,1.0,4.0,credit card,takeaway,2023-06-23
txn_8605813,cookie,1,1.0,1.0,,,2023-06-30
txn_9755352,sandwich,5,4.0,20.0,,in-store,2023-05-13
txn_7550498,juice,5,3.0,15.0,,in-store,
txn_2305908,coffee,unknown,2.0,8.0,cash,,2023-04-25
txn_6953697,unknown,3,4.0,12.0,,takeaway,2023-05-27
txn_3495950,,4,,6.0,credit card,in-store,2023-02-19
txn_7557340,tea,5,1.5,7.5,credit card,in-store,2023-12-11
txn_1157817,smoothie,1,4.0,4.0,digital wallet,in-store,2023-04-25
txn_2020318,tea,3,1.5,4.5,digital wallet,in-store,2023-10-12
txn_8692094,coffee,5,2.0,10.0,,takeaway,2023-08-30
txn_5307411,cake,3,3.0,,digital wallet,takeaway,2023-10-21
txn_9703120,coffee,3,2.0,6.0,credit card,,2023-11-02
txn_1289133,juice,1,3.0,3.0,cash,unknown,2023-09-19
txn_2031459,cake,3,3.0,9.0,cash,takeaway,2023-07-04
txn_1333682,smoothie,1,4.0,4.0,digital wallet,,2023-01-28
txn_2256622,cookie,2,,2.0,cash,in-store,2023-10-04
txn_1623966,tea,2,1.5,3.0,cash,takeaway,
txn_4912930,smoothie,3,4.0,12.0,credit card,in-store,2023-02-26
txn_4942692,coffee,2,2.0,4.0,,takeaway,2023-01-15
txn_3723007,tea,3,1.5,4.5,digital wallet,in-store,2023-05-18
txn_7922392,sandwich,3,4.0,12.0,,,2023-05-03
txn_7498727,salad,3,5.0,15.0,cash,,2023-11-06
txn_1222338,cookie,1,1.0,1.0,,in-store,2023-10-11
txn_6878866,smoothie,3,4.0,12.0,credit card,,2023-02-25
txn_1260335,cookie,4,1.0,4.0,digital wallet,in-store,
txn_9223242,smoothie,2,4.0,8.0,,,2023-09-10
txn_6244211,smoothie,2,4.0,8.0,,,2023-08-11
txn_5446858,,1,1.0,1.0,cash,in-store,2023-11-07
txn_4612864,tea,3,1.5,4.5,,,2023-02-14
txn_5411381,cookie,error,1.0,1.0,,,2023-04-28
txn_3047598,cookie,1,1.0,1.0,,,2023-09-06
txn_5754317,coffee,2,,4.0,credit card,takeaway,2023-01-10
txn_7496926,sandwich,3,4.0,12.0,error,in-store,2023-04-23
txn_1726858,smoothie,3,4.0,12.0,cash,in-store,
txn_7559388,salad,4,5.0,20.0,digital wallet,takeaway,2023-02-26
txn_8540499,cookie,3,1.0,3.0,cash,in-store,2023-01-22
txn_4225756,cookie,3,1.0,3.0,,in-store,2023-03-10
txn_6795640,cookie,4,1.0,4.0,digital wallet,takeaway,2023-01-28
txn_6702428,coffee,5,2.0,10.0,cash,takeaway,2023-08-11
txn_8955259,error,2,4.0,8.0,credit card,,2023-11-18
txn_4639319,coffee,5,2.0,10.0,cash,,2023-01-09
txn_5997803,coffee,5,2.0,10.0,,in-store,2023-12-03
txn_1340956,error,4,2.0,8.0,,,2023-10-26
txn_1259671,sandwich,unknown,4.0,12.0,digital wallet,in-store,2023-10-08
txn_8319993,juice,1,3.0,3.0,digital wallet,,2023-08-06
txn_8894157,sandwich,4,4.0,16.0,credit card,,
txn_5523450,salad,5,5.0,25.0,credit card,takeaway,2023-07-02
txn_7838964,sandwich,3,4.0,12.0,credit card,in-store,2023-06-15
txn_2773987,smoothie,5,4.0,20.0,error,,2023-01-11
txn_1158829,tea,1,,1.5,credit card,,2023-10-02
txn_2523298,,4,,6.0,error,in-store,2023-03-25
txn_8685737,smoothie,2,4.0,8.0,,in-store,2023-11-02
txn_5634135,cookie,2,,2.0,,error,2023-01-27
txn_1524626,smoothie,2,4.0,8.0,digital wallet,,2023-12-29
txn_7275407,smoothie,2,4.0,8.0,digital wallet,in-store,2023-10-20
txn_2889622,juice,4,3.0,12.0,credit card,,2023-11-01
txn_6849113,cookie,error,1.0,1.0,credit card,,2023-07-14
txn_2265316,cookie,,1.0,3.0,credit card,in-store,2023-12-29
txn_9472241,salad,3,5.0,15.0,cash,takeaway,2023-06-30
txn_7345414,salad,1,,5.0,,unknown,2023-02-15
txn_4473352,cake,1,3.0,3.0,unknown,in-store,2023-11-16
txn_2814363,tea,2,1.5,3.0,,,2023-07-02
txn_1846004,juice,3,3.0,9.0,cash,in-store,2023-05-21
txn_7140471,cake,1,3.0,3.0,credit card,,2023-05-25
txn_3119542,smoothie,1,4.0,4.0,credit card,,2023-10-31
txn_7773968,sandwich,5,4.0,20.0,digital wallet,takeaway,2023-02-24
txn_9081088,tea,2,1.5,3.0,cash,takeaway,2023-02-27
txn_8559167,sandwich,5,4.0,,unknown,takeaway,2023-12-09
txn_1130191,smoothie,2,4.0,8.0,cash,in-store,2023-04-06
txn_5215451,sandwich,5,4.0,20.0,digital wallet,,2023-11-02
txn_1040764,coffee,3,2.0,6.0,cash,takeaway,2023-07-27
txn_5457133,juice,5,3.0,15.0,error,in-store,2023-03-03
txn_8365478,,3,4.0,12.0,cash,takeaway,2023-02-06
txn_2100697,coffee,3,2.0,6.0,digital wallet,takeaway,2023-09-19
txn_7676968,smoothie,4,4.0,16.0,unknown,in-store,2023-02-21
txn_5726998,cake,3,3.0,9.0,credit card,,2023-08-12
txn_4134594,sandwich,3,4.0,12.0,digital wallet,in-store,2023-09-27
txn_5079340,cookie,4,1.0,4.0,cash,in-store,2023-08-18
txn_8276635,,4,4.0,16.0,digital wallet,takeaway,2023-12-16
txn_1380601,tea,4,1.5,6.0,digital wallet,in-store,2023-03-11
txn_3959152,juice,1,3.0,3.0,,in-store,2023-05-21
txn_7776739,tea,2,1.5,3.0,,takeaway,2023-02-23
txn_7569615,error,2,3.0,6.0,cash,takeaway,2023-06-07
txn_8703771,cake,5,3.0,15.0,,in-store,2023-05-12
txn_2052395,smoothie,3,4.0,12.0,credit card,in-store,2023-07-06
txn_9421441,,2,4.0,8.0,cash,,2023-06-20
txn_9065402,unknown,1,5.0,5.0,cash,takeaway,2023-12-22
txn_3638955,cookie,2,,2.0,cash,takeaway,2023-09-02
txn_2635532,error,4,4.0,16.0,cash,takeaway,2023-01-14
txn_8256593,salad,2,5.0,10.0,digital wallet,takeaway,2023-08-09
txn_9271457,cake,3,3.0,9.0,digital wallet,in-store,2023-02-27
txn_5392603,coffee,1,2.0,2.0,cash,in-store,2023-05-14
txn_6319728,coffee,,2.0,4.0,credit card,in-store,2023-07-18
txn_9263299,cookie,2,1.0,2.0,credit card,takeaway,2023-10-08
txn_2301505,cake,5,3.0,15.0,digital wallet,,2023-03-21
txn_5895177,cake,5,3.0,15.0,,,2023-08-16
txn_8751516,tea,3,1.5,4.5,cash,takeaway,
txn_8147357,tea,5,1.5,7.5,,takeaway,2023-04-20
txn_1436343,cookie,1,1.0,1.0,credit card,in-store,2023-11-26
txn_2214698,salad,4,5.0,20.0,credit card,,2023-10-10
txn_7480234,salad,1,5.0,5.0,cash,takeaway,2023-05-10
txn_3283097,error,5,2.0,10.0,cash,takeaway,2023-02-28
txn_2633602,unknown,2,3.0,6.0,digital wallet,in-store,2023-02-02
txn_3093219,juice,5,3.0,,cash,,2023-01-28
txn_3515730,,1,1.0,1.0,credit card,,2023-08-14
txn_3665733,coffee,5,2.0,10.0,cash,takeaway,
txn_4010658,tea,5,1.5,7.5,,,2023-09-26
txn_1454467,juice,3,3.0,9.0,cash,in-store,2023-03-15
txn_2598728,cake,2,3.0,6.0,credit card,,2023-01-13
txn_3390285,tea,2,1.5,3.0,,takeaway,2023-02-06
txn_8224079,cookie,5,1.0,5.0,cash,in-store,2023-10-16
txn_1916339,cake,1,3.0,3.0,cash,in-store,2023-07-15
txn_8611035,sandwich,5,4.0,20.0,digital wallet,in-store,2023-05-28
txn_3595735,tea,4,1.5,6.0,digital wallet,takeaway,2023-03-26
txn_4884822,cookie,1,1.0,1.0,credit card,,2023-04-23
txn_3668051,cake,1,3.0,3.0,unknown,unknown,2023-11-17
txn_6169633,salad,4,5.0,20.0,credit card,takeaway,2023-12-20
txn_3884811,coffee,4,2.0,8.0,credit card,,2023-06-10
txn_7050740,error,1,3.0,3.0,cash,takeaway,2023-07-12
txn_1234097,cookie,4,,4.0,cash,,2023-12-04
txn_4518102,tea,5,1.5,7.5,credit card,in-store,2023-02-08
txn_5939055,coffee,3,2.0,,error,takeaway,2023-10-21
txn_7809183,error,4,1.0,4.0,digital wallet,takeaway,2023-09-08
txn_6071202,error,1,1.0,1.0,cash,in-store,2023-06-07
txn_8158496,tea,4,1.5,6.0,cash,,2023-06-19
txn_2726848,cake,5,3.0,,credit card,,2023-09-11
txn_3666858,cake,4,3.0,12.0,credit card,in-store,2023-12-27
txn_5499915,cookie,2,1.0,2.0,digital wallet,takeaway,2023-02-01
txn_4660753,juice,,3.0,3.0,credit card,takeaway,2023-10-04
txn_8089522,sandwich,4,,16.0,cash,takeaway,2023-02-12
txn_1564754,salad,3,5.0,15.0,digital wallet,in-store,2023-03-14
txn_1824506,cake,1,3.0,3.0,cash,in-store,2023-03-02
txn_3229758,coffee,4,2.0,8.0,cash,takeaway,
txn_3677592,sandwich,2,4.0,8.0,cash,,2023-05-29
txn_1002457,cookie,5,1.0,5.0,digital wallet,takeaway,2023-09-29
txn_8056263,smoothie,5,4.0,20.0,,in-store,2023-04-20
txn_4732351,sandwich,1,4.0,4.0,digital wallet,in-store,2023-04-22
txn_8049191,cake,3,3.0,9.0,credit card,error,2023-07-31
txn_4980036,cake,2,3.0,6.0,cash,takeaway,2023-01-05
txn_3022839,coffee,5,2.0,10.0,digital wallet,takeaway,2023-08-25
txn_7701070,coffee,5,2.0,10.0,credit card,takeaway,2023-07-28
txn_8048037,sandwich,2,4.0,8.0,digital wallet,takeaway,2023-03-31
txn_4619029,sandwich,3,4.0,12.0,credit card,in-store,
txn_4444463,cake,4,3.0,12.0,error,,2023-05-16
txn_1887522,sandwich,4,4.0,16.0,cash,in-store,2023-02-20
txn_6908953,tea,1,1.5,1.5,,in-store,2023-12-08
txn_4759769,sandwich,1,4.0,4.0,,in-store,2023-08-03
txn_2254479,tea,2,1.5,3.0,,takeaway,2023-08-03
txn_7555408,salad,2,5.0,10.0,unknown,in-store,2023-06-06
txn_6857943,cake,5,3.0,15.0,,takeaway,2023-01-08
txn_4796350,error,error,4.0,12.0,,takeaway,
txn_9552845,sandwich,3,4.0,12.0,cash,error,2023-02-18
txn_6769465,juice,5,3.0,15.0,digital wallet,in-store,2023-06-13
txn_7438831,coffee,5,,10.0,error,,2023-12-24
txn_3871837,tea,unknown,1.5,4.5,digital wallet,takeaway,2023-12-15
txn_3656762,sandwich,2,4.0,8.0,,takeaway,2023-07-31
txn_4980282,cake,1,3.0,3.0,digital wallet,in-store,2023-10-22
txn_3580786,tea,1,,1.5,unknown,in-store,2023-03-28
txn_4355728,,4,3.0,12.0,credit card,,2023-03-06
txn_2508476,smoothie,5,4.0,20.0,cash,error,2023-04-14
txn_1325631,cake,4,,12.0,credit card,in-store,2023-02-11
txn_8209125,cookie,3,1.0,3.0,credit card,takeaway,2023-01-30
txn_1751164,salad,2,5.0,10.0,cash,,2023-09-11
txn_3730415,cake,4,3.0,12.0,credit card,takeaway,2023-04-09
txn_4134253,tea,4,1.5,6.0,cash,in-store,2023-10-07
txn_3256497,coffee,2,2.0,4.0,cash,unknown,2023-08-20
txn_8763180,smoothie,1,4.0,,,takeaway,2023-04-16
txn_3219175,sandwich,5,4.0,20.0,,error,2023-02-23
txn_6234872,smoothie,1,4.0,,,error,2023-12-23
txn_7919440,tea,4,1.5,6.0,cash,unknown,2023-08-19
txn_7558641,coffee,1,2.0,2.0,digital wallet,in-store,2023-12-22
txn_9940220,juice,2,3.0,6.0,,takeaway,2023-03-05
txn_8805984,juice,2,3.0,6.0,credit card,takeaway,
txn_2130483,tea,4,1.5,6.0,cash,,2023-11-25
txn_1972584,sandwich,5,4.0,20.0,digital wallet,,2023-07-10
txn_3150792,coffee,5,2.0,,cash,,2023-07-02
txn_2980008,cake,3,3.0,9.0,digital wallet,,2023-11-17
txn_5511805,juice,1,3.0,,,takeaway,2023-06-03
txn_7292548,cookie,4,1.0,4.0,digital wallet,,2023-03-24
txn_2169664,smoothie,1,4.0,4.0,cash,,2023-07-23
txn_3234877,coffee,4,2.0,8.0,cash,takeaway,2023-07-29
txn_6368719,cake,4,3.0,12.0,credit card,takeaway,2023-01-03
txn_8852585,sandwich,4,4.0,16.0,credit card,takeaway,2023-01-05
txn_9201010,salad,1,5.0,5.0,credit card,takeaway,2023-03-15
txn_7817014,cookie,1,1.0,1.0,digital wallet,takeaway,
txn_2873990,sandwich,2,4.0,8.0,,,2023-03-12
txn_3088796,sandwich,4,4.0,16.0,credit card,,2023-08-16
txn_3414935,coffee,4,2.0,8.0,,in-store,2023-08-03
txn_3607652,salad,4,5.0,20.0,digital wallet,in-store,2023-06-05
txn_8502094,juice,5,3.0,15.0,credit card,in-store,2023-03-21
txn_9068244,sandwich,5,4.0,20.0,digital wallet,takeaway,2023-10-19
txn_2696664,cookie,5,1.0,5.0,,in-store,2023-01-07
txn_7661609,error,1,3.0,3.0,,in-store,2023-11-29
txn_7633490,cookie,1,1.0,1.0,cash,takeaway,2023-10-27
txn_9292230,tea,4,1.5,6.0,credit card,in-store,2023-07-14
txn_1664665,error,3,3.0,9.0,credit card,in-store,2023-05-21
txn_5081978,cake,1,3.0,3.0,,in-store,2023-10-19
txn_7314409,smoothie,5,4.0,20.0,credit card,,2023-08-06
txn_4573576,,2,3.0,6.0,cash,in-store,2023-07-05
txn_5645919,coffee,3,,6.0,credit card,,2023-01-17
txn_8006668,tea,4,1.5,6.0,credit card,in-store,2023-12-22
txn_8818168,juice,4,,12.0,digital wallet,,2023-07-20
txn_4369043,juice,2,3.0,6.0,cash,,2023-03-25
txn_3560062,cookie,1,1.0,1.0,cash,in-store,2023-03-20
txn_4769307,tea,5,1.5,7.5,digital wallet,,2023-12-24
txn_7270652,sandwich,1,4.0,4.0,,takeaway,2023-05-14
txn_4991815,cake,5,3.0,15.0,cash,,2023-11-06
txn_6360132,sandwich,4,4.0,16.0,cash,takeaway,2023-09-16
txn_8199829,cake,2,3.0,6.0,credit card,,2023-07-29
txn_9166449,error,4,1.0,4.0,,takeaway,2023-07-31
txn_7864939,sandwich,3,4.0,12.0,digital wallet,in-store,2023-08-19
txn_2640701,salad,3,5.0,15.0,,takeaway,2023-05-07
txn_3740963,salad,2,5.0,10.0,digital wallet,takeaway,2023-01-22
txn_8101633,sandwich,2,4.0,8.0,,in-store,2023-08-10
txn_6063966,juice,2,3.0,6.0,digital wallet,takeaway,2023-10-24
txn_3779640,tea,1,1.5,1.5,digital wallet,in-store,2023-05-16
txn_8278833,cake,3,3.0,9.0,,,2023-02-26
txn_8778598,sandwich,3,4.0,12.0,cash,,2023-09-02
txn_7550103,cake,5,3.0,15.0,,takeaway,2023-01-19
txn_3664656,cookie,5,1.0,5.0,,takeaway,2023-08-13
txn_7296560,juice,2,3.0,6.0,,,2023-10-20
txn_8136881,salad,3,5.0,15.0,cash,in-store,2023-08-28
txn_3981449,smoothie,2,4.0,8.0,cash,in-store,2023-06-21
txn_5427506,cake,unknown,3.0,9.0,cash,takeaway,2023-09-15
txn_2641386,sandwich,3,4.0,12.0,unknown,takeaway,2023-03-25
txn_1485417,cookie,3,1.0,3.0,cash,in-store,
txn_4033802,tea,3,1.5,4.5,cash,takeaway,2023-03-02
txn_7752124,error,3,4.0,12.0,credit card,unknown,2023-12-09
txn_9762324,cake,2,3.0,6.0,cash,in-store,
txn_1628509,smoothie,5,4.0,20.0,,takeaway,
txn_8259257,tea,unknown,1.5,3.0,,in-store,2023-12-13
txn_4183823,sandwich,4,4.0,16.0,credit card,error,2023-03-28
txn_2239041,error,4,1.5,6.0,,in-store,2023-10-24
txn_4696439,cookie,1,1.0,1.0,cash,in-store,2023-05-27
txn_8826983,smoothie,5,4.0,20.0,cash,in-store,2023-01-14
txn_8267034,juice,2,3.0,6.0,,takeaway,2023-06-20
txn_1959334,coffee,3,2.0,6.0,,,2023-06-29
txn_6842808,tea,2,1.5,3.0,,unknown,2023-10-22
txn_2947822,cake,4,3.0,12.0,digital wallet,in-store,2023-10-27
txn_5531712,,2,1.5,3.0,cash,unknown,2023-01-09
txn_2148838,sandwich,2,4.0,8.0,credit card,,2023-08-05
txn_1330506,cookie,3,1.0,3.0,digital wallet,unknown,2023-11-10
txn_5898743,juice,4,3.0,,,takeaway,
txn_8957369,salad,4,5.0,20.0,digital wallet,,2023-10-18
txn_9340653,smoothie,1,4.0,4.0,digital wallet,,2023-10-19
txn_2493446,sandwich,1,4.0,4.0,cash,takeaway,2023-05-19
txn_4538354,juice,3,3.0,9.0,cash,takeaway,2023-04-21
txn_7098730,cake,2,3.0,6.0,digital wallet,,2023-11-10
txn_7533411,cookie,,1.0,1.0,digital wallet,in-store,2023-11-09
txn_2690314,tea,5,1.5,7.5,cash,in-store,2023-08-10
txn_8171171,coffee,1,2.0,2.0,,takeaway,2023-05-13
txn_3791639,,4,3.0,12.0,digital wallet,,
txn_2968827,salad,5,5.0,25.0,digital wallet,takeaway,2023-09-14
txn_4546375,error,1,5.0,5.0,credit card,,2023-02-20
txn_1387401,cookie,4,1.0,4.0,cash,in-store,2023-10-19
txn_6727029,tea,2,1.5,3.0,,takeaway,2023-07-07
txn_3917193,juice,5,3.0,15.0,credit card,takeaway,2023-11-17
txn_8518516,sandwich,4,4.0,16.0,,,2023-08-16
txn_2062854,sandwich,4,4.0,16.0,digital wallet,takeaway,2023-12-01
txn_4075863,smoothie,3,4.0,,cash,takeaway,2023-05-21
txn_5624860,tea,3,1.5,4.5,credit card,takeaway,2023-08-22
txn_4621665,smoothie,5,,20.0,,,2023-01-17
txn_6669417,salad,5,5.0,25.0,,takeaway,2023-01-03
txn_7837381,sandwich,5,4.0,20.0,,takeaway,2023-07-17
txn_1725926,juice,5,3.0,15.0,credit card,,2023-12-23
txn_3403173,salad,1,5.0,5.0,,error,2023-06-24
txn_4186681,error,4,,6.0,digital wallet,,2023-05-24
txn_4152036,error,,3.0,6.0,cash,,
txn_4059912,error,3,4.0,12.0,,,2023-04-21
txn_3381656,cake,5,3.0,15.0,cash,takeaway,2023-10-26
txn_9956154,cake,4,3.0,12.0,,in-store,2023-05-11
txn_7110444,error,4,5.0,20.0,cash,,2023-12-07
txn_6250692,sandwich,1,4.0,4.0,unknown,,2023-09-01
txn_1183995,salad,5,5.0,25.0,digital wallet,takeaway,2023-03-28
txn_9452225,tea,1,1.5,1.5,error,in-store,2023-02-26
txn_9113574,coffee,4,2.0,8.0,,in-store,2023-01-04
txn_5813015,cookie,5,1.0,5.0,digital wallet,unknown,2023-10-07
txn_3213035,smoothie,4,4.0,16.0,,in-store,2023-05-21
txn_3789752,juice,3,,9.0,digital wallet,takeaway,2023-12-16
txn_7578769,sandwich,5,4.0,20.0,digital wallet,takeaway,2023-01-30
txn_3515664,coffee,2,2.0,4.0,cash,takeaway,2023-09-25
txn_6209258,juice,1,3.0,3.0,credit card,,2023-03-06
txn_8594004,cookie,4,1.0,4.0,credit card,,2023-02-25
txn_6422433,sandwich,5,4.0,20.0,digital wallet,takeaway,2023-05-09
txn_2865033,coffee,2,2.0,,cash,,2023-08-03
txn_5547519,salad,4,5.0,20.0,,in-store,2023-05-13
txn_2392263,salad,5,5.0,25.0,,takeaway,2023-02-08
txn_3810451,juice,4,3.0,12.0,,error,
txn_4669664,cookie,1,1.0,1.0,digital wallet,in-store,2023-12-21
txn_9470612,cake,3,3.0,9.0,,takeaway,2023-04-30
txn_7507962,smoothie,4,,16.0,unknown,,2023-06-22
txn_1109715,cake,1,,3.0,unknown,in-store,2023-07-15
txn_8320245,tea,3,1.5,4.5,,takeaway,2023-04-09
txn_5904646,smoothie,1,4.0,4.0,error,error,2023-03-26
txn_4498526,smoothie,3,4.0,12.0,credit card,,2023-06-20
txn_2744907,salad,2,5.0,10.0,digital wallet,,
txn_5209585,tea,2,1.5,3.0,,takeaway,2023-08-12
txn_2213556,coffee,1,2.0,2.0,cash,in-store,2023-05-30
txn_3826038,salad,1,5.0,5.0,cash,takeaway,2023-10-20
txn_7596587,tea,3,1.5,4.5,credit card,,2023-02-08
txn_7380277,sandwich,4,4.0,16.0,digital wallet,takeaway,2023-04-24
txn_1353479,smoothie,4,4.0,16.0,cash,,2023-09-20
txn_6054137,juice,3,3.0,9.0,,in-store,2023-05-09
txn_7609853,sandwich,,4.0,4.0,digital wallet,in-store,2023-04-22
txn_9266394,cookie,2,1.0,2.0,credit card,in-store,2023-07-12
txn_5448157,unknown,3,1.0,3.0,credit card,error,2023-01-11
txn_8298311,tea,2,1.5,3.0,digital wallet,in-store,
txn_6744866,tea,4,1.5,6.0,,takeaway,
txn_6152588,coffee,3,2.0,6.0,cash,takeaway,2023-11-21
txn_6569656,unknown,5,1.0,5.0,cash,,2023-02-28
txn_2156206,smoothie,2,4.0,8.0,,,2023-02-04
txn_3142258,salad,4,5.0,,,takeaway,2023-11-03
txn_5739806,smoothie,3,4.0,12.0,credit card,in-store,2023-09-18
txn_9228978,coffee,5,2.0,10.0,digital wallet,in-store,2023-02-09
txn_5897205,cookie,1,1.0,1.0,,in-store,2023-06-10
txn_1556652,cake,5,3.0,15.0,digital wallet,error,2023-04-06
txn_8608765,salad,4,5.0,20.0,credit card,,2023-09-02
txn_8764825,smoothie,3,4.0,12.0,cash,,
txn_7353972,unknown,4,3.0,12.0,cash,in-store,2023-02-02
txn_1124753,salad,4,5.0,20.0,digital wallet,in-store,2023-10-19
txn_9410981,cookie,2,1.0,2.0,,takeaway,2023-02-07
txn_9349962,,4,4.0,16.0,,in-store,
txn_7611120,juice,2,3.0,6.0,cash,takeaway,2023-03-30
txn_2106959,sandwich,5,4.0,20.0,digital wallet,unknown,2023-09-05
txn_2237115,coffee,1,2.0,2.0,,takeaway,2023-01-13
txn_6836137,cake,4,3.0,12.0,,in-store,2023-08-30
txn_6316959,tea,2,1.5,3.0,cash,in-store,2023-11-10
txn_2265984,cookie,5,1.0,5.0,credit card,takeaway,2023-10-18
txn_6352917,salad,5,5.0,,cash,unknown,2023-05-05
txn_9564123,cake,4,3.0,12.0,credit card,,2023-03-23
txn_3946544,cake,5,3.0,15.0,credit card,,
txn_1123138,salad,1,5.0,5.0,cash,in-store,2023-02-10
txn_9212503,salad,2,5.0,10.0,digital wallet,takeaway,2023-10-08
txn_1921262,sandwich,,4.0,8.0,error,error,2023-11-24
txn_1259824,cookie,,1.0,5.0,digital wallet,takeaway,2023-04-29
txn_6868049,juice,5,3.0,15.0,digital wallet,,
txn_2806243,salad,4,5.0,20.0,digital wallet,takeaway,2023-01-14
txn_9759896,tea,4,1.5,6.0,,unknown,2023-12-02
txn_7560807,salad,2,5.0,10.0,credit card,,2023-04-16
txn_3286932,cookie,1,1.0,1.0,digital wallet,takeaway,2023-07-11
txn_3481470,salad,4,5.0,20.0,credit card,in-store,2023-12-24
txn_9907327,salad,error,5.0,10.0,credit card,error,2023-10-07
txn_3469469,cookie,1,1.0,1.0,digital wallet,in-store,2023-10-25
txn_2681833,unknown,3,1.0,3.0,digital wallet,in-store,2023-10-05
txn_3179966,tea,2,1.5,3.0,digital wallet,,2023-05-27
txn_9289174,cake,error,,12.0,digital wallet,in-store,2023-12-30
txn_3629351,cake,1,3.0,3.0,digital wallet,,2023-07-21
txn_3142836,cake,2,3.0,6.0,cash,,2023-11-01
txn_4998786,cake,5,3.0,15.0,credit card,takeaway,2023-10-25
txn_7228816,salad,1,,5.0,,in-store,2023-04-21
txn_6904590,coffee,4,2.0,8.0,credit card,,2023-02-19
txn_2126408,cookie,3,1.0,3.0,cash,takeaway,2023-10-19
txn_8664315,salad,2,5.0,10.0,cash,,2023-08-14
txn_8958593,juice,5,3.0,15.0,digital wallet,in-store,2023-07-08
txn_2383598,sandwich,2,4.0,8.0,digital wallet,in-store,2023-09-19
txn_2211685,smoothie,1,4.0,4.0,credit card,in-store,2023-06-06
txn_1503602,tea,5,1.5,7.5,digital wallet,,2023-12-16
txn_2962976,juice,unknown,3.0,,,,2023-03-17
txn_8716752,juice,1,3.0,3.0,,in-store,2023-12-05
txn_4266787,juice,4,,12.0,credit card,takeaway,2023-01-12
txn_5933480,sandwich,3,4.0,12.0,digital wallet,in-store,2023-09-04
txn_8255965,juice,,3.0,6.0,,in-store,2023-11-16
txn_4364091,smoothie,1,4.0,4.0,error,takeaway,2023-04-14
txn_9203920,,4,3.0,12.0,,takeaway,2023-11-01
txn_8964812,salad,4,,20.0,digital wallet,,2023-10-14
txn_6721531,tea,4,1.5,6.0,,in-store,2023-03-06
txn_5447508,sandwich,3,4.0,12.0,digital wallet,takeaway,2023-06-28
txn_5686113,sandwich,5,4.0,20.0,digital wallet,in-store,2023-09-09
txn_9239779,salad,1,5.0,5.0,cash,unknown,2023-01-09
txn_9265319,salad,3,5.0,15.0,cash,,2023-11-15
txn_9265313,cake,3,3.0,9.0,,in-store,2023-10-01
txn_3397609,smoothie,2,4.0,8.0,digital wallet,in-store,2023-07-22
txn_9347203,sandwich,5,4.0,20.0,cash,in-store,2023-04-15
txn_2132186,salad,1,5.0,5.0,credit card,,2023-02-01
txn_3383926,cake,3,3.0,9.0,cash,takeaway,2023-07-08
txn_6905718,salad,5,5.0,25.0,credit card,in-store,2023-02-20
txn_3130548,cookie,4,1.0,4.0,,takeaway,2023-08-21
txn_9356512,salad,,5.0,15.0,credit card,,2023-06-06
txn_7993951,tea,2,1.5,3.0,digital wallet,takeaway,2023-12-14
txn_6362093,,3,2.0,6.0,,,2023-03-19
txn_4876440,cookie,3,1.0,3.0,,takeaway,2023-07-01
txn_9323513,cake,3,3.0,9.0,,takeaway,2023-05-04
txn_9097641,cake,4,3.0,12.0,cash,takeaway,2023-12-16
txn_1775884,juice,4,3.0,12.0,cash,,2023-10-08
txn_8536115,cake,1,3.0,3.0,credit card,takeaway,2023-07-11
txn_8032010,tea,1,1.5,1.5,cash,,2023-06-14
txn_2915281,cookie,1,1.0,1.0,digital wallet,in-store,2023-07-01
txn_3468006,smoothie,3,4.0,12.0,credit card,takeaway,2023-07-28
txn_7604541,juice,4,3.0,12.0,credit card,in-store,2023-04-16
txn_7806146,cake,3,,9.0,digital wallet,in-store,2023-01-30
txn_9238689,cake,1,3.0,3.0,digital wallet,in-store,2023-03-09
txn_2601689,salad,4,5.0,20.0,digital wallet,takeaway,2023-01-14
txn_6428182,cake,5,3.0,15.0,cash,in-store,2023-11-10
txn_6830557,coffee,3,2.0,6.0,digital wallet,takeaway,2023-11-08
txn_6371264,smoothie,5,4.0,20.0,cash,takeaway,2023-02-27
txn_4663299,unknown,4,4.0,16.0,digital wallet,in-store,2023-12-26
txn_9236713,cookie,5,1.0,5.0,cash,in-store,2023-09-13
txn_1079239,smoothie,1,,4.0,,takeaway,2023-02-08
txn_4690833,cake,1,3.0,3.0,cash,takeaway,2023-05-23
txn_7946489,juice,1,3.0,3.0,cash,takeaway,2023-09-11
txn_8661288,salad,2,5.0,10.0,digital wallet,takeaway,2023-01-27
txn_7187207,coffee,5,2.0,10.0,cash,,2023-02-18
txn_4679409,error,,2.0,2.0,,in-store,2023-03-25
txn_2866147,juice,2,3.0,6.0,unknown,takeaway,2023-08-28
txn_5637677,unknown,2,3.0,6.0,digital wallet,takeaway,2023-08-24
txn_7444541,salad,2,5.0,10.0,cash,,2023-11-29
txn_6046604,cookie,5,1.0,5.0,credit card,,2023-06-29
txn_6111710,salad,3,5.0,15.0,credit card,in-store,2023-06-18
txn_5476465,cake,,3.0,12.0,cash,in-store,2023-06-23
txn_1773873,salad,5,5.0,25.0,credit card,takeaway,2023-06-10
txn_7688650,tea,2,1.5,3.0,,,2023-10-26
txn_4570711,sandwich,4,4.0,16.0,credit card,in-store,2023-12-11
txn_5242469,coffee,4,2.0,8.0,credit card,takeaway,2023-04-01
txn_2977414,cake,4,3.0,,unknown,,2023-06-09
txn_8938144,coffee,2,2.0,4.0,credit card,,2023-01-27
txn_6434414,,1,2.0,,digital wallet,takeaway,2023-03-10
txn_1655100,cake,4,3.0,12.0,credit card,takeaway,2023-12-20
txn_1526864,smoothie,3,4.0,12.0,digital wallet,in-store,2023-01-27
txn_1279428,salad,1,5.0,5.0,digital wallet,,2023-03-02
txn_9866728,juice,1,3.0,3.0,cash,in-store,2023-10-26
txn_1706201,coffee,3,2.0,6.0,credit card,in-store,2023-08-23
txn_2498488,smoothie,2,4.0,8.0,digital wallet,takeaway,2023-12-06
txn_5387067,salad,3,5.0,15.0,credit card,unknown,2023-06-11
txn_4431179,sandwich,3,4.0,12.0,digital wallet,takeaway,2023-08-13
txn_5051924,tea,5,1.5,7.5,,,2023-05-23
txn_9033890,salad,1,5.0,5.0,,takeaway,2023-08-05
txn_1777959,tea,5,1.5,7.5,,takeaway,2023-10-18
txn_3574059,cake,1,3.0,3.0,,,2023-01-18
txn_8386792,coffee,unknown,2.0,6.0,,in-store,2023-10-05
txn_2108894,sandwich,4,4.0,16.0,credit card,in-store,2023-10-30
txn_6347472,tea,1,1.5,1.5,digital wallet,in-store,2023-03-22
txn_8699110,salad,3,5.0,15.0,,takeaway,2023-10-11
txn_7188412,sandwich,1,4.0,4.0,,takeaway,2023-08-08
txn_6178152,unknown,5,1.5,7.5,,error,2023-12-26
txn_3477767,cookie,3,,3.0,digital wallet,,
txn_8345723,sandwich,1,4.0,4.0,digital wallet,takeaway,2023-08-27
txn_9989415,smoothie,5,,20.0,credit card,takeaway,2023-05-26
txn_4476634,tea,2,1.5,3.0,credit card,,2023-06-16
txn_1932897,cookie,1,1.0,1.0,error,takeaway,
txn_2178964,tea,4,1.5,6.0,cash,takeaway,2023-12-25
txn_5213542,unknown,error,2.0,6.0,credit card,in-store,2023-08-21
txn_7889745,sandwich,4,4.0,16.0,,,2023-01-25
txn_7020671,coffee,1,2.0,2.0,,error,2023-09-01
txn_8297135,unknown,2,4.0,,error,,2023-09-16
txn_6581437,coffee,5,2.0,10.0,digital wallet,takeaway,2023-10-23
txn_1347965,cookie,5,1.0,5.0,unknown,in-store,2023-02-19
txn_6128621,salad,3,5.0,15.0,digital wallet,in-store,2023-11-10
txn_5758199,coffee,4,2.0,8.0,credit card,,2023-06-11
txn_3145041,tea,5,1.5,7.5,,unknown,2023-09-23
txn_9960577,sandwich,1,4.0,4.0,cash,,2023-06-24
txn_1349738,sandwich,3,4.0,,cash,error,2023-03-26
txn_4512118,coffee,2,2.0,4.0,digital wallet,takeaway,2023-04-20
txn_5763254,coffee,3,,6.0,digital wallet,takeaway,2023-09-15
txn_8167279,salad,5,5.0,25.0,,in-store,
txn_8696094,sandwich,unknown,4.0,,,takeaway,2023-05-14
txn_8114990,juice,1,3.0,3.0,,unknown,2023-02-27
txn_4961655,juice,5,3.0,15.0,cash,takeaway,2023-05-06
txn_5595352,juice,1,3.0,3.0,cash,in-store,2023-02-20
txn_2070818,smoothie,5,4.0,20.0,unknown,takeaway,2023-06-05
txn_1090854,cookie,unknown,1.0,3.0,credit card,in-store,2023-01-07
txn_2004851,salad,5,5.0,25.0,credit card,,
txn_1869814,tea,1,1.5,1.5,digital wallet,takeaway,2023-05-24
txn_8296518,unknown,2,4.0,8.0,credit card,in-store,2023-02-08
txn_6910915,tea,4,1.5,6.0,digital wallet,takeaway,2023-05-06
txn_3183527,coffee,3,2.0,6.0,digital wallet,,2023-10-26
txn_6916047,coffee,2,2.0,,digital wallet,in-store,
txn_5787508,error,3,,9.0,credit card,takeaway,2023-07-23
txn_2611960,sandwich,3,4.0,12.0,credit card,,2023-09-11
txn_7923140,coffee,2,2.0,4.0,digital wallet,,2023-04-02
txn_5229169,juice,2,3.0,6.0,credit card,takeaway,2023-09-08
txn_1018880,smoothie,5,4.0,20.0,digital wallet,,2023-07-15
txn_4074732,salad,3,,15.0,credit card,unknown,2023-04-09
txn_9409728,tea,2,1.5,3.0,,in-store,2023-03-06
txn_5840223,tea,4,,6.0,cash,,2023-12-20
txn_5576265,smoothie,4,4.0,16.0,credit card,takeaway,2023-04-08
txn_7399897,,4,3.0,12.0,,takeaway,2023-11-14
txn_5098938,tea,5,1.5,7.5,,,2023-05-06
txn_6119823,tea,2,1.5,3.0,,takeaway,2023-06-13
txn_7308222,salad,2,,10.0,,takeaway,2023-03-09
txn_5408625,cookie,5,1.0,5.0,cash,error,2023-08-14
txn_5969754,tea,4,1.5,6.0,,takeaway,2023-01-29
txn_5740553,salad,5,5.0,25.0,,in-store,2023-08-29
txn_4809497,tea,4,1.5,6.0,cash,in-store,
txn_2392934,unknown,2,2.0,4.0,,in-store,2023-11-25
txn_5728991,salad,error,5.0,10.0,,,2023-01-01
txn_7608816,,3,3.0,9.0,digital wallet,in-store,2023-11-07
txn_1046394,smoothie,1,4.0,4.0,cash,in-store,2023-04-29
txn_3228823,,5,1.5,7.5,,,2023-01-06
txn_2269396,coffee,3,2.0,6.0,digital wallet,in-store,2023-10-26
txn_9263967,cookie,3,1.0,3.0,credit card,in-store,2023-09-14
txn_6540946,juice,4,3.0,12.0,digital wallet,,2023-10-08
txn_2914088,salad,5,5.0,25.0,cash,in-store,2023-03-22
txn_6571898,juice,3,3.0,9.0,digital wallet,takeaway,2023-02-02
txn_7109358,salad,,5.0,25.0,digital wallet,,2023-05-02
txn_4498370,smoothie,4,4.0,16.0,error,,2023-07-24
txn_4015710,juice,4,,12.0,cash,unknown,2023-05-18
txn_4600048,cookie,error,1.0,2.0,cash,,2023-10-30
txn_2108486,juice,4,3.0,12.0,digital wallet,takeaway,2023-12-28
txn_7019782,smoothie,error,4.0,20.0,,,2023-10-16
txn_5228270,juice,3,3.0,9.0,,takeaway,2023-04-12
txn_4387303,cookie,1,1.0,1.0,,,2023-06-27
txn_4637016,salad,3,5.0,15.0,credit card,in-store,
txn_7786214,smoothie,1,,4.0,credit card,,2023-11-25
txn_9587884,tea,2,1.5,3.0,,,2023-01-05
txn_4625910,juice,1,3.0,3.0,,,2023-01-17
txn_8250731,cookie,2,1.0,2.0,cash,,2023-08-24
txn_3605929,smoothie,2,4.0,8.0,credit card,,2023-04-26
txn_4953450,cookie,4,1.0,,error,in-store,2023-03-10
txn_5315441,smoothie,5,4.0,20.0,digital wallet,in-store,2023-10-31
txn_9196322,cookie,4,1.0,4.0,digital wallet,in-store,2023-08-12
txn_4009547,juice,4,3.0,12.0,credit card,,2023-05-13
txn_3394710,sandwich,,4.0,4.0,digital wallet,in-store,2023-10-22
txn_8354174,error,3,2.0,,credit card,error,2023-12-29
txn_5931292,error,2,4.0,8.0,credit card,in-store,2023-12-18
txn_2109416,sandwich,1,4.0,4.0,,in-store,2023-09-21
txn_8776606,unknown,4,5.0,20.0,digital wallet,takeaway,2023-07-24
txn_1063366,juice,3,3.0,9.0,,unknown,2023-03-20
txn_2393500,juice,1,,3.0,credit card,in-store,2023-12-15
txn_9738758,coffee,1,2.0,,cash,in-store,2023-12-31
txn_7838465,sandwich,3,4.0,12.0,credit card,takeaway,2023-06-15
txn_2447261,cookie,3,1.0,3.0,credit card,takeaway,2023-10-15
txn_6609947,error,3,3.0,9.0,digital wallet,in-store,2023-05-29
txn_9036453,,1,4.0,4.0,digital wallet,takeaway,2023-02-08
txn_2611990,cookie,error,1.0,3.0,digital wallet,takeaway,2023-10-25
txn_1460963,coffee,3,2.0,6.0,cash,in-store,2023-02-10
txn_1713128,smoothie,3,4.0,12.0,credit card,,2023-05-01
txn_4501168,error,1,1.5,1.5,,in-store,2023-06-28
txn_2840323,tea,4,1.5,6.0,credit card,error,2023-05-07
txn_6691767,salad,2,5.0,10.0,cash,takeaway,2023-02-05
txn_7280191,coffee,3,2.0,6.0,error,takeaway,2023-08-23
txn_6932070,tea,4,1.5,6.0,credit card,in-store,2023-06-10
txn_3502743,,5,4.0,20.0,,,2023-02-28
txn_2815335,juice,5,3.0,15.0,cash,,2023-03-30
txn_4916272,tea,3,1.5,4.5,error,,2023-03-03
txn_7940202,,1,,4.0,digital wallet,,2023-07-23
txn_5489408,cookie,1,1.0,1.0,unknown,in-store,2023-05-02
txn_4640977,cookie,3,1.0,3.0,credit card,in-store,2023-02-11
txn_8563346,unknown,3,2.0,6.0,credit card,,2023-10-24
txn_3172751,juice,5,3.0,15.0,credit card,,
txn_7896721,cake,3,3.0,9.0,credit card,takeaway,2023-04-22
txn_8973563,coffee,1,2.0,2.0,,,2023-10-08
txn_4827371,salad,2,5.0,10.0,,takeaway,2023-06-20
txn_1559313,smoothie,2,4.0,8.0,credit card,,2023-12-02
txn_7384923,sandwich,2,4.0,,,takeaway,2023-01-24
txn_7906197,sandwich,5,4.0,20.0,credit card,in-store,2023-01-02
txn_9018535,cookie,2,,2.0,digital wallet,takeaway,2023-05-05
txn_9103318,sandwich,2,4.0,8.0,,error,2023-11-13
txn_8066743,tea,3,1.5,4.5,cash,takeaway,2023-11-13
txn_9658677,cake,error,3.0,12.0,cash,takeaway,
txn_8647575,tea,unknown,1.5,3.0,cash,,2023-02-08
txn_6376175,juice,4,,12.0,digital wallet,takeaway,2023-02-24
txn_9840274,sandwich,5,4.0,20.0,,takeaway,2023-02-25
txn_4912458,cake,4,3.0,12.0,error,takeaway,2023-06-12
txn_7982985,cookie,1,1.0,1.0,credit card,,2023-01-27
txn_2855581,coffee,4,2.0,8.0,credit card,unknown,2023-10-23
txn_7585348,cake,3,3.0,9.0,credit card,takeaway,2023-03-16
txn_8249251,cake,error,3.0,9.0,error,in-store,2023-01-01
txn_4005014,sandwich,1,4.0,4.0,digital wallet,takeaway,2023-07-10
txn_3106215,smoothie,3,4.0,,error,takeaway,2023-04-15
txn_4478185,cake,2,3.0,6.0,cash,in-store,2023-08-25
txn_7815651,salad,1,,5.0,cash,in-store,2023-01-16
txn_3461209,juice,4,3.0,12.0,credit card,in-store,2023-04-26
txn_9498325,salad,1,5.0,5.0,,,2023-04-04
txn_1026827,cookie,4,1.0,4.0,digital wallet,in-store,2023-01-02
txn_4479052,salad,unknown,5.0,20.0,digital wallet,in-store,2023-12-05
txn_7269513,salad,3,5.0,15.0,cash,,2023-05-12
txn_5134545,tea,5,1.5,7.5,digital wallet,,2023-10-17
txn_7997144,juice,4,3.0,12.0,credit card,,2023-02-25
txn_7315198,salad,2,,10.0,,unknown,2023-09-23
txn_4339682,salad,5,5.0,25.0,,in-store,2023-03-04
txn_3363831,juice,3,3.0,9.0,digital wallet,,2023-05-10
txn_5369555,juice,4,3.0,12.0,cash,takeaway,2023-02-24
txn_6208034,cake,1,3.0,3.0,digital wallet,,2023-08-29
txn_8187656,tea,4,1.5,6.0,credit card,takeaway,2023-05-01
txn_6463415,coffee,3,2.0,6.0,digital wallet,in-store,2023-04-12
txn_1461895,juice,5,3.0,15.0,error,,2023-06-17
txn_3197752,smoothie,2,4.0,8.0,,,2023-03-10
txn_3112175,coffee,4,2.0,8.0,cash,,2023-03-16
txn_6439579,tea,5,1.5,7.5,credit card,,2023-03-23
txn_4944121,unknown,2,2.0,4.0,unknown,unknown,2023-05-29
txn_5590805,cake,1,3.0,3.0,,takeaway,2023-01-25
txn_4634772,juice,3,3.0,9.0,credit card,in-store,2023-01-12
txn_3519066,cake,1,3.0,3.0,,takeaway,2023-11-08
txn_8034156,sandwich,1,4.0,4.0,cash,in-store,2023-07-22
txn_2163229,cookie,4,1.0,4.0,cash,takeaway,2023-12-21
txn_4109764,juice,3,3.0,,credit card,unknown,2023-07-12
txn_1343750,cookie,2,1.0,2.0,digital wallet,takeaway,2023-02-15
txn_6387964,tea,5,1.5,7.5,digital wallet,,2023-08-07
txn_2743397,cake,2,3.0,6.0,digital wallet,,2023-10-03
txn_8022689,tea,1,1.5,1.5,cash,takeaway,2023-06-15
txn_9392028,salad,5,,25.0,credit card,in-store,2023-01-13
txn_3547825,cookie,3,1.0,3.0,,takeaway,2023-09-04
txn_9101792,coffee,5,2.0,10.0,cash,,2023-06-13
txn_3463928,,4,1.5,6.0,credit card,in-store,2023-06-07
txn_8503406,smoothie,2,4.0,8.0,digital wallet,unknown,2023-02-15
txn_1992966,smoothie,5,4.0,20.0,,in-store,2023-08-09
txn_2179458,,1,3.0,3.0,cash,in-store,2023-10-23
txn_5648512,unknown,4,3.0,12.0,,takeaway,2023-01-30
txn_8689416,juice,5,3.0,15.0,error,,2023-03-19
txn_1964555,smoothie,2,4.0,8.0,digital wallet,,2023-04-11
txn_9402247,salad,3,,15.0,digital wallet,error,
txn_8868960,salad,5,5.0,25.0,,,
txn_1794862,cake,2,3.0,6.0,cash,,2023-07-16
txn_5780615,smoothie,3,4.0,,cash,,2023-12-24
txn_2416816,smoothie,5,4.0,20.0,digital wallet,in-store,2023-10-19
txn_8005682,coffee,2,2.0,4.0,credit card,,2023-03-16
txn_1778707,salad,5,5.0,25.0,credit card,takeaway,2023-03-26
txn_9959813,sandwich,4,4.0,16.0,digital wallet,,2023-09-05
txn_7675823,tea,5,1.5,7.5,,error,
txn_3110343,tea,unknown,1.5,7.5,digital wallet,takeaway,2023-06-24
txn_7913451,sandwich,5,4.0,20.0,credit card,,2023-12-05
txn_1901729,cake,2,3.0,6.0,,takeaway,2023-03-18
txn_5934059,juice,,3.0,12.0,,unknown,2023-09-26
txn_8717428,salad,3,5.0,15.0,digital wallet,,
txn_2098878,juice,2,3.0,6.0,,takeaway,2023-08-19
txn_9536472,juice,5,3.0,15.0,,,2023-11-12
txn_6696913,cake,4,3.0,12.0,,,2023-10-22
txn_9561832,,3,4.0,12.0,digital wallet,error,2023-10-29
txn_8888153,coffee,5,2.0,10.0,,error,2023-12-16
txn_3790025,error,1,4.0,4.0,cash,,2023-10-07
txn_2820693,salad,3,,15.0,cash,takeaway,2023-05-05
txn_5661147,cake,1,3.0,3.0,,takeaway,2023-11-06
txn_3746260,smoothie,5,4.0,20.0,digital wallet,takeaway,2023-08-26
txn_7805035,smoothie,3,4.0,12.0,,in-store,2023-05-18
txn_2058243,smoothie,5,4.0,20.0,,takeaway,2023-03-19
txn_5710748,salad,1,5.0,5.0,,,2023-10-31
txn_3725837,coffee,5,2.0,10.0,cash,in-store,2023-10-22
txn_5132327,smoothie,error,4.0,20.0,cash,,2023-01-25
txn_1575608,sandwich,,,20.0,error,takeaway,2023-01-05
txn_4594922,salad,2,5.0,10.0,credit card,takeaway,2023-06-19
txn_5163686,salad,5,5.0,25.0,credit card,in-store,2023-05-29
txn_5445318,cookie,1,1.0,1.0,digital wallet,,2023-02-16
txn_2391446,sandwich,3,4.0,12.0,,in-store,2023-12-06
txn_2826603,salad,2,5.0,10.0,digital wallet,takeaway,2023-06-22
txn_3489940,error,3,1.0,3.0,credit card,,2023-12-15
txn_2526667,error,3,3.0,9.0,digital wallet,in-store,2023-06-10
txn_3760598,cake,3,3.0,9.0,digital wallet,in-store,2023-10-24
txn_7679707,tea,1,1.5,1.5,credit card,in-store,2023-07-22
txn_3831364,tea,1,1.5,1.5,digital wallet,unknown,2023-03-03
txn_5038513,cookie,2,,2.0,digital wallet,takeaway,2023-10-24
txn_5007619,cake,5,3.0,15.0,credit card,in-store,2023-07-05
txn_5124870,tea,1,1.5,1.5,digital wallet,,2023-08-11
txn_8229546,smoothie,2,4.0,8.0,cash,,2023-10-16
txn_3173923,cookie,2,1.0,2.0,digital wallet,,2023-06-29
txn_8460786,coffee,1,2.0,2.0,cash,error,2023-05-17
txn_7078232,error,5,3.0,15.0,digital wallet,takeaway,2023-11-21
txn_7833800,coffee,2,2.0,4.0,,takeaway,
txn_9625287,juice,2,3.0,6.0,cash,in-store,2023-07-08
txn_3135132,sandwich,4,4.0,16.0,credit card,takeaway,
txn_4779440,cookie,1,1.0,1.0,,,2023-07-12
txn_7337979,coffee,1,2.0,2.0,digital wallet,in-store,2023-05-27
txn_1713098,smoothie,4,4.0,16.0,error,,2023-11-22
txn_5325729,coffee,5,2.0,10.0,digital wallet,,2023-05-04
txn_5630457,smoothie,1,4.0,4.0,credit card,takeaway,2023-03-01
txn_4167859,coffee,5,2.0,10.0,,takeaway,2023-08-17
txn_4487966,juice,3,3.0,9.0,cash,in-store,2023-08-10
txn_1122140,sandwich,4,4.0,16.0,cash,,2023-06-19
txn_7484682,juice,1,3.0,3.0,cash,,2023-12-28
txn_5182042,sandwich,4,4.0,16.0,,takeaway,2023-02-25
txn_4040989,sandwich,1,4.0,4.0,,,2023-03-02
txn_2190793,unknown,4,1.0,4.0,credit card,takeaway,2023-07-29
txn_3663712,tea,4,1.5,6.0,digital wallet,takeaway,2023-09-22
txn_9140598,juice,1,3.0,3.0,digital wallet,takeaway,2023-07-10
txn_5657259,,2,1.5,3.0,,in-store,2023-03-03
txn_4316299,tea,2,1.5,3.0,credit card,in-store,
txn_5601300,coffee,2,2.0,4.0,digital wallet,,2023-02-24
txn_9904662,smoothie,1,4.0,4.0,,in-store,2023-11-19
txn_3696194,salad,2,5.0,10.0,credit card,in-store,2023-11-27
txn_2964638,salad,2,5.0,10.0,digital wallet,in-store,2023-09-28
txn_8336656,salad,5,5.0,25.0,cash,takeaway,2023-12-02
txn_2024121,juice,5,3.0,,digital wallet,in-store,2023-11-06
txn_6287890,tea,5,1.5,7.5,credit card,takeaway,2023-02-07
txn_4712887,tea,5,1.5,7.5,credit card,error,2023-01-04
txn_4336892,cookie,2,1.0,2.0,,in-store,2023-06-04
txn_5447694,smoothie,1,4.0,,digital wallet,in-store,2023-11-18
txn_2492058,smoothie,5,4.0,20.0,cash,,2023-09-22
txn_3439712,juice,4,3.0,12.0,,in-store,2023-04-04
txn_5350401,sandwich,2,4.0,8.0,digital wallet,in-store,2023-10-28
txn_8999006,smoothie,1,4.0,,cash,,2023-02-07
txn_8514689,juice,5,3.0,15.0,,,2023-04-15
txn_1866028,tea,5,1.5,7.5,credit card,takeaway,2023-06-12
txn_8379141,salad,1,5.0,5.0,error,in-store,2023-10-01
txn_9152264,cake,1,3.0,3.0,digital wallet,takeaway,2023-03-15
txn_2287941,error,1,1.0,1.0,,error,2023-09-22
txn_3794585,sandwich,1,4.0,4.0,credit card,in-store,2023-02-10
txn_3856427,juice,4,3.0,,error,in-store,2023-03-25
txn_9890874,sandwich,5,4.0,20.0,cash,in-store,2023-09-02
txn_3945716,tea,2,1.5,3.0,,,2023-09-17
txn_6254003,,2,5.0,10.0,,,2023-11-02
txn_3101575,coffee,unknown,2.0,4.0,,takeaway,2023-12-03
txn_4874685,smoothie,unknown,4.0,4.0,credit card,in-store,
txn_6269119,,2,3.0,6.0,digital wallet,takeaway,2023-07-19
txn_6024625,coffee,5,2.0,10.0,digital wallet,takeaway,2023-09-13
txn_7470910,salad,2,5.0,10.0,cash,in-store,2023-11-22
txn_9911345,cookie,unknown,1.0,1.0,digital wallet,unknown,2023-04-14
txn_1116119,smoothie,4,4.0,16.0,digital wallet,in-store,2023-08-07
txn_3471223,coffee,1,2.0,2.0,digital wallet,in-store,2023-10-08
txn_4491072,smoothie,4,4.0,16.0,credit card,,2023-12-03
txn_2053993,tea,2,1.5,3.0,,takeaway,2023-09-21
txn_9086709,cake,1,,3.0,,in-store,2023-05-04
txn_1646009,error,4,5.0,20.0,credit card,,2023-10-11
txn_8692653,juice,error,3.0,6.0,cash,takeaway,2023-11-01
txn_5021925,tea,4,1.5,6.0,cash,in-store,2023-05-07
txn_1104849,unknown,4,4.0,16.0,digital wallet,takeaway,2023-07-05
txn_6358073,sandwich,3,4.0,12.0,,,
txn_7764154,salad,2,5.0,10.0,credit card,takeaway,2023-12-09
txn_5410185,,3,3.0,9.0,,in-store,2023-02-22
txn_5651348,,3,5.0,,cash,takeaway,2023-11-04
txn_2178735,juice,3,3.0,9.0,credit card,takeaway,2023-07-24
txn_4125165,coffee,5,2.0,10.0,cash,,2023-04-16
txn_5014959,cookie,2,1.0,2.0,credit card,in-store,2023-11-28
txn_8811565,juice,5,3.0,15.0,credit card,,2023-10-01
txn_9868382,coffee,2,2.0,4.0,digital wallet,,2023-06-02
txn_2924611,juice,3,3.0,9.0,cash,,2023-04-19
txn_7063124,cake,1,,3.0,,takeaway,2023-04-10
txn_2291079,coffee,,2.0,2.0,cash,,2023-10-07
txn_5348445,salad,5,5.0,25.0,digital wallet,in-store,2023-11-15
txn_8920751,tea,2,1.5,3.0,,,2023-04-20
txn_7215985,tea,4,1.5,6.0,credit card,in-store,2023-08-07
txn_7448296,cookie,1,1.0,1.0,credit card,in-store,2023-11-15
txn_2625324,coffee,1,2.0,2.0,,unknown,2023-09-02
txn_3542902,smoothie,1,4.0,4.0,error,in-store,2023-06-10
txn_1494608,tea,3,1.5,4.5,credit card,in-store,2023-05-07
txn_7615147,sandwich,4,4.0,16.0,cash,in-store,2023-05-19
txn_7225428,tea,error,,3.0,credit card,takeaway,2023-03-07
txn_3426892,salad,4,5.0,20.0,credit card,,2023-05-23
txn_5892508,smoothie,1,4.0,4.0,credit card,takeaway,2023-03-21
txn_5546684,coffee,1,2.0,2.0,credit card,in-store,2023-10-02
txn_6846047,salad,,5.0,5.0,digital wallet,error,2023-04-02
txn_5373527,sandwich,2,4.0,8.0,,error,2023-06-26
txn_6402128,sandwich,4,4.0,16.0,digital wallet,in-store,2023-11-09
txn_5009706,sandwich,2,4.0,8.0,digital wallet,in-store,2023-09-20
txn_7223120,juice,1,3.0,3.0,,,2023-03-13
txn_1991104,juice,2,,6.0,digital wallet,takeaway,2023-11-29
txn_3380698,coffee,3,2.0,6.0,credit card,takeaway,2023-12-15
txn_9084554,,4,4.0,16.0,credit card,in-store,2023-06-08
txn_2996948,smoothie,3,4.0,,,unknown,2023-06-25
txn_1148945,coffee,1,2.0,2.0,,unknown,2023-09-05
txn_2078577,tea,4,1.5,6.0,credit card,,2023-01-31
txn_4007285,sandwich,5,4.0,20.0,digital wallet,,2023-01-16
txn_2336708,error,2,3.0,6.0,cash,in-store,2023-06-16
txn_1512118,salad,4,5.0,20.0,cash,in-store,2023-03-01
txn_6077816,cake,3,3.0,9.0,credit card,unknown,2023-09-26
txn_5136936,cake,3,3.0,9.0,cash,,2023-08-24
txn_8623443,,3,5.0,15.0,credit card,in-store,2023-09-04
txn_5654490,tea,4,1.5,6.0,credit card,,2023-05-22
txn_4033888,sandwich,2,4.0,8.0,cash,in-store,2023-02-04
txn_4591512,tea,2,1.5,3.0,,,2023-08-11
txn_6886495,cookie,4,1.0,4.0,cash,,2023-08-07
txn_9218683,cake,2,3.0,6.0,digital wallet,in-store,
txn_2153529,cookie,1,1.0,1.0,credit card,unknown,2023-09-11
txn_7880148,cake,3,3.0,9.0,credit card,takeaway,2023-12-12
txn_3688181,cake,1,3.0,3.0,,takeaway,2023-08-23
txn_2482129,juice,1,3.0,3.0,cash,error,2023-12-12
txn_4187420,cake,3,3.0,9.0,digital wallet,in-store,2023-01-31
txn_4146452,smoothie,1,4.0,4.0,,takeaway,2023-05-31
txn_9553579,cake,2,3.0,6.0,credit card,in-store,2023-10-03
txn_3854285,salad,3,5.0,15.0,cash,takeaway,2023-07-18
txn_5614488,sandwich,1,4.0,4.0,credit card,takeaway,2023-07-22
txn_6187083,cake,5,3.0,15.0,unknown,in-store,2023-06-02
txn_1521486,salad,4,5.0,20.0,,error,2023-01-28
txn_6868182,unknown,5,4.0,20.0,credit card,unknown,2023-01-02
txn_6035534,salad,4,5.0,20.0,credit card,in-store,2023-12-18
txn_8781128,sandwich,5,4.0,20.0,digital wallet,takeaway,
txn_7670743,salad,4,5.0,20.0,,in-store,2023-04-28
txn_7201724,salad,1,5.0,5.0,cash,takeaway,2023-03-20
txn_2881199,smoothie,error,4.0,4.0,digital wallet,,2023-03-05
txn_3616362,smoothie,5,4.0,,digital wallet,in-store,2023-12-02
txn_6113876,cake,3,3.0,9.0,cash,in-store,2023-03-01
txn_6007079,error,2,1.0,2.0,credit card,in-store,2023-10-09
txn_3163383,tea,2,1.5,3.0,error,in-store,2023-10-24
txn_1413304,unknown,5,5.0,25.0,,takeaway,2023-03-17
txn_4907812,sandwich,unknown,4.0,8.0,digital wallet,in-store,2023-08-11
txn_7894514,cake,1,3.0,3.0,,,2023-09-25
txn_6450138,cake,1,3.0,3.0,credit card,takeaway,2023-04-13
txn_9874588,sandwich,2,4.0,8.0,unknown,takeaway,2023-06-04
txn_6732989,salad,2,5.0,10.0,credit card,,2023-04-29
txn_5442610,juice,2,3.0,6.0,error,takeaway,2023-12-10
txn_2155368,error,2,1.0,2.0,digital wallet,takeaway,2023-02-06
txn_5236892,error,1,3.0,3.0,digital wallet,takeaway,2023-03-09
txn_9328595,tea,2,1.5,3.0,cash,,2023-10-24
txn_1324930,sandwich,5,4.0,,credit card,takeaway,2023-01-11
txn_6148397,tea,4,1.5,6.0,,in-store,2023-03-20
txn_8298711,coffee,3,2.0,6.0,,takeaway,2023-01-26
txn_7085875,juice,3,3.0,9.0,digital wallet,in-store,2023-08-23
txn_3857768,coffee,2,2.0,4.0,credit card,,2023-01-04
txn_5474440,cake,2,3.0,6.0,credit card,,2023-11-08
txn_6057379,salad,5,5.0,25.0,credit card,takeaway,2023-03-18
txn_4637070,tea,3,1.5,4.5,credit card,,2023-06-13
txn_9313535,cookie,1,1.0,1.0,digital wallet,takeaway,2023-06-04
txn_8161873,unknown,1,1.5,1.5,digital wallet,,2023-02-08
txn_5441196,tea,,1.5,1.5,cash,,2023-05-24
txn_9626053,salad,1,5.0,5.0,cash,takeaway,2023-08-11
txn_7026504,error,5,4.0,20.0,,,2023-03-29
txn_4114843,sandwich,error,4.0,8.0,cash,,2023-05-17
txn_6622954,smoothie,2,4.0,8.0,,in-store,2023-01-13
txn_5509088,sandwich,3,4.0,12.0,digital wallet,,2023-08-28
txn_5583534,cookie,2,1.0,2.0,cash,takeaway,2023-10-31
txn_1438257,salad,4,5.0,20.0,credit card,takeaway,2023-06-13
txn_6428593,tea,5,1.5,,,,2023-09-06
txn_4257830,cookie,5,1.0,5.0,unknown,in-store,2023-08-04
txn_8780340,cake,5,3.0,15.0,credit card,,2023-08-29
txn_5801294,salad,1,5.0,5.0,error,,2023-10-20
txn_4315988,unknown,2,5.0,10.0,cash,takeaway,2023-04-12
txn_3963927,sandwich,4,4.0,16.0,credit card,in-store,2023-01-03
txn_2906443,cake,4,3.0,12.0,,,2023-08-14
txn_2660295,cookie,3,1.0,3.0,,unknown,2023-12-06
txn_7023528,tea,5,1.5,7.5,cash,in-store,2023-10-28
txn_5419862,juice,5,3.0,15.0,digital wallet,,2023-05-29
txn_9124680,cookie,2,1.0,2.0,cash,takeaway,2023-10-03
txn_7853635,salad,3,5.0,15.0,digital wallet,takeaway,2023-02-16
txn_2009893,smoothie,3,4.0,12.0,error,,2023-12-06
txn_3516263,cake,2,3.0,6.0,digital wallet,in-store,2023-09-23
txn_1591640,cake,2,3.0,6.0,cash,in-store,2023-05-26
txn_9358958,smoothie,1,4.0,4.0,,takeaway,2023-05-08
txn_3008336,,5,4.0,20.0,credit card,,2023-07-27
txn_7401710,sandwich,5,4.0,20.0,cash,unknown,2023-10-24
txn_2176727,tea,1,1.5,1.5,,takeaway,2023-07-26
txn_5595717,juice,2,3.0,6.0,,,2023-06-16
txn_1697018,juice,4,3.0,12.0,digital wallet,in-store,2023-07-02
txn_1910957,tea,5,1.5,7.5,,takeaway,2023-07-25
txn_2667225,salad,2,5.0,10.0,cash,in-store,2023-11-21
txn_3152531,coffee,3,2.0,6.0,credit card,unknown,2023-11-24
txn_8605958,sandwich,,4.0,20.0,cash,,2023-06-09
txn_5033045,salad,3,5.0,15.0,digital wallet,,2023-04-21
txn_7527249,tea,3,1.5,4.5,unknown,takeaway,2023-03-29
txn_9159212,smoothie,3,4.0,12.0,digital wallet,takeaway,2023-01-12
txn_6881523,juice,5,3.0,15.0,,takeaway,2023-02-24
txn_9725369,coffee,unknown,2.0,6.0,,takeaway,2023-02-10
txn_3282436,salad,5,5.0,25.0,credit card,in-store,2023-12-14
txn_4206256,smoothie,3,4.0,12.0,,error,2023-10-10
txn_8465274,cake,3,3.0,9.0,digital wallet,takeaway,2023-02-01
txn_1286779,smoothie,error,4.0,16.0,credit card,,2023-04-13
txn_7216922,juice,5,3.0,15.0,unknown,,2023-06-26
txn_8330446,smoothie,3,4.0,12.0,credit card,in-store,2023-08-06
txn_1282260,sandwich,5,4.0,20.0,digital wallet,unknown,2023-07-21
txn_9582716,cake,2,3.0,6.0,unknown,unknown,
txn_9769410,salad,1,5.0,5.0,cash,in-store,2023-07-22
txn_7482583,tea,5,1.5,7.5,credit card,,
txn_3865224,coffee,3,2.0,6.0,,,2023-07-25
txn_8135614,juice,2,,6.0,digital wallet,,2023-01-28
txn_9603131,smoothie,5,4.0,20.0,error,unknown,2023-08-19
txn_1437083,smoothie,2,4.0,8.0,credit card,in-store,2023-03-15
txn_2955040,error,5,3.0,15.0,,,2023-03-21
txn_2413626,cake,1,3.0,3.0,credit card,takeaway,2023-11-06
txn_1568657,coffee,2,,4.0,cash,,
txn_3392848,cake,2,3.0,6.0,cash,in-store,2023-04-03
txn_7027905,sandwich,1,4.0,4.0,credit card,in-store,2023-07-17
txn_8808034,smoothie,2,4.0,8.0,cash,in-store,2023-08-09
txn_1663113,smoothie,4,4.0,16.0,credit card,takeaway,2023-12-24
txn_1544070,coffee,5,2.0,10.0,unknown,takeaway,2023-09-05
txn_6189334,sandwich,1,4.0,4.0,cash,in-store,2023-01-12
txn_3412490,cake,2,3.0,6.0,cash,in-store,
txn_1852586,cake,5,3.0,15.0,,in-store,
txn_3803732,salad,4,,20.0,digital wallet,,2023-01-08
txn_3410971,smoothie,1,4.0,4.0,,takeaway,2023-01-02
txn_6467618,tea,3,1.5,4.5,,takeaway,2023-10-12
txn_6908287,cookie,1,1.0,1.0,cash,in-store,2023-08-04
txn_2726700,unknown,,1.5,3.0,digital wallet,,2023-04-10
txn_1803889,salad,4,5.0,20.0,,,2023-06-23
txn_6829707,sandwich,1,4.0,4.0,cash,takeaway,2023-08-17
txn_7303706,coffee,2,2.0,4.0,cash,in-store,2023-12-14
txn_1730647,juice,5,3.0,15.0,digital wallet,in-store,2023-01-18
txn_9691018,sandwich,2,4.0,8.0,digital wallet,unknown,2023-07-21
txn_5480564,salad,3,,15.0,digital wallet,,2023-05-28
txn_4090904,,unknown,1.5,7.5,digital wallet,in-store,2023-08-04
txn_9138791,cake,1,3.0,,digital wallet,in-store,2023-03-22
txn_2367947,smoothie,5,4.0,20.0,,takeaway,2023-05-13
txn_4936135,coffee,4,2.0,8.0,cash,in-store,2023-12-08
txn_5311015,smoothie,3,4.0,12.0,error,,2023-05-11
txn_2473090,unknown,2,,3.0,credit card,in-store,2023-03-03
txn_8808631,sandwich,5,,20.0,error,takeaway,2023-03-26
txn_8703212,error,2,2.0,4.0,credit card,takeaway,2023-04-17
txn_7732920,sandwich,5,4.0,20.0,cash,,2023-02-11
txn_4496665,sandwich,2,4.0,8.0,digital wallet,takeaway,2023-12-10
txn_5041555,unknown,4,1.5,6.0,digital wallet,,2023-08-26
txn_6816094,tea,4,1.5,6.0,,in-store,2023-12-30
txn_8209794,coffee,5,2.0,10.0,credit card,takeaway,2023-10-25
txn_4135454,sandwich,4,4.0,16.0,,in-store,2023-07-23
txn_3942164,coffee,4,2.0,8.0,credit card,,
txn_2761542,cookie,4,1.0,4.0,,,2023-10-15
txn_7948095,salad,5,5.0,,,takeaway,2023-07-18
txn_3330687,cake,5,3.0,15.0,cash,in-store,2023-12-26
txn_9822317,unknown,3,1.5,4.5,cash,in-store,2023-09-25
txn_6243479,sandwich,5,4.0,20.0,,,2023-09-18
txn_9296807,coffee,3,2.0,6.0,credit card,,2023-12-20
txn_7626939,coffee,unknown,2.0,10.0,,,
txn_5354746,coffee,4,2.0,8.0,digital wallet,takeaway,2023-03-06
txn_1235969,cookie,1,1.0,1.0,digital wallet,,2023-07-08
txn_4240796,juice,4,3.0,12.0,,,2023-03-28
txn_3736798,coffee,4,2.0,8.0,digital wallet,in-store,2023-07-01
txn_9102030,smoothie,4,4.0,16.0,digital wallet,in-store,
txn_8118419,cake,3,3.0,9.0,,unknown,2023-12-03
txn_3089814,cake,5,3.0,15.0,digital wallet,,2023-03-25
txn_6719521,salad,5,5.0,25.0,cash,in-store,2023-08-03
txn_6530795,cookie,1,1.0,1.0,credit card,,2023-04-30
txn_4176373,cookie,3,1.0,3.0,cash,,2023-03-28
txn_7230500,juice,3,3.0,9.0,credit card,,2023-12-12
txn_7094898,salad,4,5.0,20.0,,takeaway,2023-06-20
txn_2400518,juice,3,3.0,9.0,credit card,,2023-02-04
txn_5349288,coffee,4,2.0,8.0,digital wallet,,2023-11-20
txn_6806290,salad,3,5.0,15.0,unknown,,2023-05-02
txn_6191123,,2,1.0,,digital wallet,takeaway,2023-03-01
txn_5386752,salad,4,5.0,20.0,digital wallet,in-store,2023-12-07
txn_1022523,salad,4,5.0,20.0,cash,in-store,2023-11-25
txn_3125997,juice,4,3.0,12.0,,,2023-10-19
txn_9906002,smoothie,unknown,4.0,12.0,digital wallet,in-store,2023-07-13
txn_6202015,cookie,2,1.0,2.0,credit card,takeaway,2023-08-22
txn_6928137,cake,3,3.0,9.0,digital wallet,in-store,2023-10-11
txn_3003809,coffee,4,2.0,8.0,cash,,2023-04-21
txn_5913013,cookie,2,1.0,2.0,credit card,takeaway,2023-11-29
txn_7433269,tea,1,1.5,1.5,cash,in-store,2023-05-18
txn_3103972,cake,1,3.0,3.0,error,,2023-03-01
txn_9081115,juice,3,3.0,,,,2023-12-04
txn_1054915,,5,1.0,5.0,,in-store,2023-01-22
txn_2633600,salad,5,5.0,,cash,takeaway,2023-11-28
txn_4631695,cookie,5,1.0,5.0,unknown,in-store,2023-11-18
txn_3121271,smoothie,2,4.0,8.0,credit card,,2023-08-13
txn_4613883,tea,1,1.5,1.5,cash,,2023-05-21
txn_2766651,cake,error,3.0,9.0,,,2023-05-11
txn_2166064,coffee,4,2.0,8.0,,in-store,2023-02-08
txn_4617771,smoothie,4,4.0,16.0,digital wallet,takeaway,2023-09-10
txn_9444461,sandwich,2,4.0,8.0,,error,2023-05-28
txn_4723978,error,2,1.0,2.0,,,2023-04-20
txn_1741325,tea,2,1.5,3.0,credit card,in-store,2023-03-31
txn_9370294,cake,2,3.0,6.0,credit card,,2023-04-23
txn_9983356,sandwich,2,4.0,8.0,digital wallet,takeaway,2023-09-20
txn_8964527,sandwich,4,4.0,16.0,digital wallet,takeaway,2023-02-22
txn_7696120,cookie,1,,1.0,unknown,in-store,
txn_3331437,,1,2.0,2.0,cash,takeaway,2023-02-26
txn_6313325,cookie,5,1.0,5.0,error,,2023-07-07
txn_9497634,juice,3,3.0,9.0,cash,,2023-07-20
txn_9408993,sandwich,1,4.0,4.0,digital wallet,in-store,2023-08-19
txn_7810285,cake,4,3.0,12.0,cash,takeaway,2023-10-25
txn_5322809,cake,2,3.0,6.0,,error,2023-04-30
txn_1961595,smoothie,5,4.0,20.0,digital wallet,in-store,2023-07-02
txn_1200795,sandwich,1,4.0,4.0,,in-store,2023-08-18
txn_8958073,smoothie,1,4.0,4.0,,,2023-03-31
txn_4114503,salad,5,5.0,25.0,,takeaway,2023-11-07
txn_4179561,cookie,2,1.0,2.0,digital wallet,in-store,2023-11-12
txn_5669113,sandwich,2,4.0,,,takeaway,2023-03-19
txn_7574828,coffee,2,2.0,4.0,,in-store,2023-09-24
txn_9056301,cookie,2,1.0,2.0,credit card,takeaway,2023-03-02
txn_8530924,sandwich,2,4.0,8.0,credit card,error,2023-08-05
txn_1505947,unknown,3,1.0,3.0,cash,,2023-11-21
txn_2114258,,1,1.0,1.0,digital wallet,in-store,2023-12-04
txn_5965422,coffee,2,2.0,4.0,credit card,,2023-06-20
txn_6910030,coffee,4,2.0,8.0,digital wallet,takeaway,2023-07-09
txn_3713626,sandwich,2,4.0,8.0,cash,,2023-12-24
txn_5753095,sandwich,4,4.0,16.0,,,2023-06-25
txn_5538503,smoothie,2,4.0,8.0,,in-store,2023-09-05
txn_7609781,smoothie,3,4.0,12.0,cash,in-store,2023-03-13
txn_8398059,cake,1,3.0,3.0,cash,takeaway,2023-10-15
txn_3755379,cookie,2,,2.0,digital wallet,in-store,2023-11-19
txn_6565955,,3,2.0,6.0,digital wallet,in-store,2023-12-29
txn_1792573,smoothie,5,4.0,20.0,cash,takeaway,2023-12-07
txn_4812472,cake,2,3.0,6.0,cash,,2023-09-16
txn_2923987,unknown,4,2.0,8.0,cash,takeaway,2023-03-28
txn_1789644,coffee,4,2.0,8.0,credit card,in-store,
txn_5050993,cookie,4,1.0,4.0,,error,2023-02-06
txn_9991225,cake,5,3.0,15.0,credit card,takeaway,2023-02-03
txn_8734476,tea,1,1.5,1.5,cash,takeaway,2023-09-12
txn_6471962,sandwich,4,4.0,16.0,cash,takeaway,2023-09-21
txn_1981602,sandwich,4,4.0,16.0,cash,,2023-09-04
txn_4792702,sandwich,1,4.0,4.0,cash,takeaway,2023-06-28
txn_3572190,coffee,5,2.0,10.0,credit card,takeaway,2023-03-05
txn_6791398,coffee,1,2.0,2.0,credit card,takeaway,2023-12-17
txn_8361255,cake,3,3.0,9.0,cash,takeaway,2023-07-29
txn_1096690,smoothie,5,4.0,,credit card,,2023-10-09
txn_1371554,sandwich,2,4.0,,,,2023-05-19
txn_5080213,unknown,1,2.0,,digital wallet,,2023-07-18
txn_5102956,cake,5,3.0,15.0,,,
txn_5858988,juice,1,,3.0,credit card,takeaway,2023-06-24
txn_1476066,smoothie,2,4.0,8.0,error,takeaway,2023-10-19
txn_6078834,smoothie,1,4.0,4.0,digital wallet,takeaway,2023-04-28
txn_7812601,tea,2,1.5,3.0,credit card,,2023-11-15
txn_8186625,cookie,1,1.0,1.0,digital wallet,takeaway,2023-07-21
txn_3713976,juice,2,3.0,6.0,,takeaway,2023-11-06
txn_2946829,cookie,2,1.0,2.0,digital wallet,takeaway,2023-02-08
txn_8645889,salad,4,,20.0,cash,,
txn_8750849,cake,2,3.0,6.0,credit card,takeaway,2023-03-03
txn_2889344,sandwich,3,4.0,12.0,,in-store,2023-05-21
txn_4067814,tea,5,1.5,7.5,cash,,2023-12-20
txn_2018654,salad,1,,5.0,,,2023-10-23
txn_1973716,salad,4,5.0,20.0,credit card,in-store,2023-01-21
txn_1105589,coffee,5,2.0,10.0,cash,takeaway,2023-07-04
txn_3727374,cake,2,3.0,6.0,,in-store,2023-04-10
txn_9155299,juice,3,3.0,9.0,,takeaway,2023-02-09
txn_1346936,cookie,5,1.0,5.0,error,,2023-10-10
txn_2089778,cake,1,3.0,3.0,,in-store,2023-06-12
txn_4896948,cake,,3.0,12.0,unknown,,2023-10-11
txn_5375349,coffee,1,2.0,2.0,,takeaway,2023-11-13
txn_6206171,cake,1,3.0,3.0,digital wallet,,2023-03-19
txn_9256387,tea,5,1.5,7.5,,,2023-05-31
txn_6915192,coffee,4,2.0,8.0,unknown,in-store,2023-12-09
txn_8908224,coffee,4,2.0,8.0,,,2023-08-21
txn_4988665,cake,1,3.0,3.0,digital wallet,takeaway,2023-12-16
txn_7740907,smoothie,5,4.0,,,in-store,2023-02-11
txn_9596100,,4,3.0,12.0,cash,takeaway,2023-05-04
txn_5019407,juice,4,3.0,12.0,credit card,,2023-04-17
txn_2482363,tea,3,1.5,4.5,cash,unknown,2023-08-06
txn_5412834,smoothie,4,4.0,16.0,cash,takeaway,2023-07-13
txn_1389258,salad,1,5.0,5.0,cash,takeaway,2023-12-31
txn_3223187,coffee,2,2.0,4.0,credit card,,2023-08-21
txn_9288207,cake,4,3.0,12.0,,takeaway,2023-05-16
txn_8300706,salad,2,5.0,10.0,digital wallet,unknown,2023-12-23
txn_8076559,cake,5,3.0,15.0,cash,takeaway,2023-11-02
txn_2749266,sandwich,error,4.0,12.0,,takeaway,2023-02-06
txn_4310310,cake,3,3.0,9.0,cash,takeaway,2023-03-08
txn_5301689,cake,5,3.0,15.0,,in-store,2023-04-11
txn_9971927,smoothie,3,4.0,12.0,,takeaway,2023-08-07
txn_9143440,coffee,4,2.0,8.0,digital wallet,,2023-03-31
txn_6359777,,5,4.0,20.0,,,2023-01-13
txn_2916209,cake,2,3.0,6.0,error,in-store,2023-04-15
txn_6411716,cake,4,3.0,12.0,credit card,in-store,2023-02-25
txn_7759607,sandwich,1,4.0,4.0,digital wallet,,2023-08-11
txn_8441057,cake,4,3.0,12.0,credit card,,2023-11-04
txn_8283691,juice,3,3.0,9.0,,,2023-01-25
txn_1154979,coffee,3,2.0,6.0,credit card,in-store,2023-12-11
txn_4258949,cake,2,3.0,6.0,,,2023-03-07
txn_6129205,sandwich,5,4.0,20.0,cash,in-store,2023-07-20
txn_3444519,cookie,4,1.0,4.0,,takeaway,2023-03-10
txn_6813508,salad,1,5.0,5.0,cash,,2023-10-26
txn_5540986,cake,3,3.0,9.0,,unknown,2023-05-12
txn_4832513,cookie,5,1.0,5.0,credit card,in-store,2023-06-05
txn_6202035,tea,2,1.5,3.0,,in-store,2023-09-06
txn_4108120,coffee,2,2.0,4.0,,in-store,2023-06-14
txn_8466519,unknown,1,1.0,1.0,,takeaway,2023-08-31
txn_5379385,coffee,5,2.0,10.0,credit card,,2023-02-21
txn_6782228,coffee,4,2.0,8.0,credit card,,2023-08-18
txn_7268366,juice,5,3.0,15.0,,in-store,2023-12-14
txn_1180969,cookie,1,1.0,,digital wallet,in-store,2023-01-06
txn_3815345,,5,1.0,5.0,cash,in-store,2023-09-16
txn_7453213,coffee,unknown,2.0,6.0,,in-store,2023-10-27
txn_9469533,cookie,4,,4.0,cash,,2023-05-22
txn_6492919,juice,3,3.0,9.0,digital wallet,,2023-09-24
txn_4356223,salad,3,5.0,15.0,digital wallet,takeaway,2023-11-23
txn_7515082,coffee,2,2.0,4.0,,in-store,2023-10-21
txn_7216161,tea,4,1.5,6.0,credit card,unknown,2023-07-06
txn_2426782,coffee,2,,4.0,credit card,in-store,2023-11-04
txn_3484520,juice,3,3.0,9.0,credit card,,2023-08-15
txn_2806515,smoothie,4,4.0,,,in-store,2023-12-31
txn_7198128,cake,2,3.0,,,in-store,2023-09-07
txn_6717061,salad,3,5.0,15.0,credit card,,2023-08-07
txn_3562350,coffee,2,2.0,4.0,error,,2023-02-04
txn_1987977,unknown,2,4.0,8.0,,,2023-11-16
txn_4250492,salad,5,,25.0,,takeaway,2023-09-29
txn_2471972,cookie,1,1.0,1.0,cash,takeaway,2023-04-08
txn_3060152,juice,5,3.0,15.0,digital wallet,,2023-02-07
txn_4651514,tea,2,1.5,,digital wallet,in-store,2023-03-28
txn_6555617,salad,2,5.0,10.0,digital wallet,takeaway,2023-12-27
txn_7033977,sandwich,4,4.0,16.0,,takeaway,2023-05-04
txn_6899834,cake,3,3.0,9.0,credit card,takeaway,2023-01-27
txn_5031214,error,5,,5.0,,takeaway,2023-07-29
txn_3427950,smoothie,5,4.0,20.0,,in-store,2023-02-23
txn_8817239,error,5,4.0,20.0,cash,in-store,2023-01-29
txn_8543211,juice,3,3.0,9.0,,takeaway,2023-11-30
txn_7538570,smoothie,4,4.0,16.0,credit card,takeaway,2023-04-18
txn_8789116,salad,5,5.0,25.0,digital wallet,takeaway,2023-01-13
txn_8930109,cookie,5,1.0,5.0,digital wallet,takeaway,2023-05-17
txn_9799798,coffee,5,2.0,10.0,credit card,takeaway,2023-05-23
txn_8551432,unknown,,1.5,6.0,,takeaway,2023-01-12
txn_8831813,smoothie,5,4.0,20.0,,,2023-11-23
txn_5067373,cookie,3,1.0,3.0,cash,error,2023-10-18
txn_5755839,sandwich,3,4.0,12.0,credit card,unknown,2023-12-19
txn_1681153,juice,3,3.0,9.0,cash,takeaway,2023-02-09
txn_4255503,coffee,3,2.0,6.0,digital wallet,takeaway,2023-11-19
txn_6086709,error,5,3.0,15.0,,error,2023-07-07
txn_2385697,coffee,1,2.0,2.0,cash,takeaway,2023-09-10
txn_9151321,sandwich,4,4.0,16.0,cash,in-store,2023-01-05
txn_7369807,coffee,4,2.0,8.0,,in-store,2023-02-22
txn_1602799,cake,4,3.0,12.0,digital wallet,takeaway,2023-03-23
txn_3336502,sandwich,3,4.0,12.0,credit card,,2023-05-04
txn_9579181,sandwich,1,4.0,4.0,digital wallet,in-store,2023-05-24
txn_7391267,cake,3,,9.0,digital wallet,in-store,2023-12-07
txn_1388606,cake,3,3.0,9.0,digital wallet,takeaway,2023-08-31
txn_2336857,cake,3,3.0,9.0,cash,in-store,2023-08-02
txn_9526867,cookie,2,1.0,2.0,digital wallet,takeaway,2023-10-21
txn_4427348,cake,5,3.0,15.0,cash,unknown,2023-12-22
txn_5901180,cookie,3,1.0,3.0,digital wallet,,2023-12-20
txn_4932018,,4,4.0,16.0,digital wallet,takeaway,2023-08-23
txn_3224921,sandwich,5,4.0,20.0,,in-store,2023-04-06
txn_5792655,juice,1,3.0,3.0,digital wallet,takeaway,2023-12-21
txn_5566652,juice,5,3.0,15.0,credit card,,2023-09-16
txn_7782538,juice,2,3.0,6.0,digital wallet,takeaway,2023-08-15
txn_7478389,cookie,5,1.0,5.0,digital wallet,,2023-10-13
txn_6108428,cake,3,3.0,9.0,digital wallet,,2023-05-08
txn_3615483,sandwich,2,4.0,8.0,digital wallet,,2023-09-08
txn_6404763,sandwich,5,4.0,20.0,digital wallet,takeaway,2023-11-13
txn_6060764,smoothie,3,,12.0,,in-store,
txn_2269497,coffee,5,2.0,10.0,error,,2023-08-14
txn_8205107,unknown,4,4.0,16.0,,takeaway,2023-04-19
txn_5290522,error,2,2.0,4.0,credit card,takeaway,2023-02-16
txn_8396271,error,2,,2.0,,,2023-09-12
txn_5153686,coffee,5,2.0,10.0,,takeaway,2023-04-05
txn_5237569,tea,3,,4.5,,,
txn_4915908,sandwich,5,4.0,20.0,credit card,in-store,2023-06-06
txn_7146613,smoothie,1,4.0,4.0,cash,error,2023-08-01
txn_8219519,tea,5,1.5,7.5,,,2023-11-29
txn_7867311,smoothie,2,4.0,8.0,,,2023-07-17
txn_4798534,,5,5.0,25.0,digital wallet,takeaway,2023-07-23
txn_9844703,unknown,2,1.5,3.0,,,2023-05-18
txn_4147073,,4,3.0,12.0,cash,takeaway,2023-06-16
txn_4203585,cake,2,3.0,6.0,,,2023-09-03
txn_7222483,sandwich,5,4.0,20.0,,takeaway,2023-05-02
txn_9996968,sandwich,1,,4.0,cash,in-store,2023-10-14
txn_4472156,cookie,1,1.0,1.0,,in-store,2023-11-03
txn_9121852,cookie,1,1.0,1.0,credit card,,
txn_7043825,juice,2,3.0,6.0,cash,takeaway,2023-02-07
txn_2195630,sandwich,5,,20.0,credit card,takeaway,2023-03-09
txn_2539318,sandwich,4,4.0,16.0,digital wallet,unknown,2023-01-15
txn_5788769,juice,1,3.0,3.0,cash,in-store,2023-07-19
txn_3628056,cake,4,,12.0,cash,in-store,2023-07-09
txn_5735731,smoothie,2,,8.0,credit card,,2023-01-22
txn_2424930,tea,5,1.5,7.5,digital wallet,,2023-01-20
txn_5856820,tea,2,1.5,3.0,credit card,takeaway,2023-07-18
txn_3753993,sandwich,5,4.0,20.0,credit card,,2023-04-01
txn_3001647,,1,5.0,5.0,,,2023-07-01
txn_9354616,tea,4,1.5,6.0,digital wallet,takeaway,2023-01-27
txn_3749365,cookie,3,1.0,3.0,cash,,2023-01-19
txn_6900785,juice,1,3.0,3.0,,takeaway,2023-09-25
txn_5775113,salad,1,5.0,5.0,digital wallet,,2023-10-23
txn_5268203,cake,1,3.0,3.0,credit card,takeaway,2023-03-04
txn_3483570,sandwich,2,4.0,8.0,error,takeaway,2023-03-21
txn_7406393,error,5,1.5,7.5,credit card,takeaway,2023-06-18
txn_5226635,cookie,4,1.0,4.0,credit card,takeaway,2023-02-01
txn_5469063,coffee,2,2.0,4.0,,takeaway,2023-02-24
txn_9278992,smoothie,4,4.0,16.0,cash,takeaway,2023-12-15
txn_4369292,cake,1,3.0,3.0,credit card,takeaway,2023-10-09
txn_6011884,tea,5,1.5,7.5,unknown,,2023-12-25
txn_2952715,smoothie,3,4.0,12.0,cash,in-store,
txn_3912727,tea,5,1.5,7.5,digital wallet,takeaway,2023-04-13
txn_1951569,salad,2,5.0,10.0,digital wallet,,2023-02-27
txn_6983139,salad,2,5.0,10.0,credit card,takeaway,2023-12-18
txn_6787560,cake,3,3.0,9.0,,,2023-07-13
txn_5977414,cake,2,3.0,6.0,credit card,in-store,2023-08-06
txn_8517379,error,4,3.0,12.0,digital wallet,takeaway,2023-09-23
txn_5485384,sandwich,5,4.0,20.0,,,2023-03-04
txn_9285663,cookie,4,1.0,4.0,,error,2023-11-18
txn_9074075,juice,5,3.0,15.0,credit card,error,2023-08-14
txn_8050034,cookie,4,1.0,4.0,,in-store,2023-07-29
txn_8842223,sandwich,5,,20.0,digital wallet,in-store,2023-01-01
txn_5121322,sandwich,3,4.0,12.0,unknown,in-store,2023-12-17
txn_3091582,sandwich,5,4.0,20.0,,,2023-11-28
txn_8550184,juice,3,3.0,9.0,digital wallet,takeaway,2023-04-05
txn_7604352,coffee,,2.0,6.0,,takeaway,2023-12-19
txn_6899248,error,5,3.0,15.0,,,2023-12-13
txn_2773491,salad,5,5.0,25.0,cash,,2023-11-14
txn_3071617,unknown,4,1.0,4.0,credit card,,2023-12-15
txn_3712466,cake,5,3.0,,digital wallet,error,2023-04-10
txn_3670298,,4,1.0,4.0,credit card,takeaway,2023-02-04
txn_4901854,cookie,5,1.0,5.0,error,,2023-04-23
txn_7590801,tea,unknown,,6.0,cash,takeaway,
txn_6962242,juice,1,3.0,3.0,digital wallet,takeaway,2023-06-30
txn_5780931,tea,4,1.5,6.0,digital wallet,error,2023-10-06
txn_4563679,coffee,4,2.0,8.0,,in-store,2023-09-11
txn_6290642,coffee,4,2.0,,unknown,takeaway,2023-12-23
txn_6177865,juice,5,3.0,15.0,digital wallet,error,2023-01-30
txn_8115752,smoothie,2,4.0,8.0,digital wallet,error,2023-06-27
txn_9253398,sandwich,2,4.0,8.0,,takeaway,2023-12-14
txn_3116227,cake,1,3.0,3.0,digital wallet,,2023-05-30
txn_2494138,cookie,3,1.0,3.0,cash,,2023-01-10
txn_4889269,cake,2,3.0,,cash,unknown,2023-02-19
txn_9503369,cookie,unknown,1.0,1.0,,takeaway,
txn_6105240,juice,5,3.0,,,in-store,2023-11-27
txn_8808162,smoothie,4,4.0,16.0,digital wallet,error,2023-05-07
txn_4548466,tea,4,1.5,6.0,credit card,takeaway,2023-11-30
txn_3195257,,,5.0,5.0,cash,,2023-10-09
txn_9835676,cookie,2,1.0,2.0,digital wallet,,2023-03-30
txn_9728454,juice,4,3.0,,digital wallet,takeaway,2023-01-03
txn_5907854,juice,3,3.0,9.0,,in-store,2023-11-11
txn_8685846,tea,5,1.5,7.5,credit card,,2023-12-27
txn_1726774,salad,3,5.0,15.0,,,2023-11-16
txn_2594430,coffee,1,2.0,2.0,error,,2023-05-18
txn_5750278,salad,error,5.0,15.0,cash,takeaway,2023-06-08
txn_6714931,juice,3,3.0,9.0,,,2023-07-02
txn_5537740,cake,,3.0,9.0,credit card,takeaway,2023-04-30
txn_9433769,cake,4,,12.0,digital wallet,,2023-08-13
txn_5944206,cookie,5,1.0,5.0,digital wallet,takeaway,2023-05-12
txn_9212178,juice,1,3.0,3.0,credit card,takeaway,2023-11-18
txn_2915856,tea,1,1.5,1.5,,in-store,2023-06-19
txn_4376214,salad,5,5.0,25.0,,error,2023-04-26
txn_9201212,smoothie,4,4.0,16.0,digital wallet,takeaway,2023-06-08
txn_7752454,cake,3,3.0,9.0,,,
txn_7055260,sandwich,4,4.0,16.0,digital wallet,in-store,2023-06-20
txn_4773465,coffee,5,2.0,,digital wallet,takeaway,2023-11-28
txn_9087344,tea,5,1.5,,cash,unknown,2023-07-29
txn_1757340,cake,2,3.0,6.0,credit card,in-store,2023-12-29
txn_9975321,salad,2,5.0,10.0,digital wallet,error,2023-03-25
txn_8148137,tea,1,1.5,1.5,,in-store,
txn_1681216,cake,3,3.0,9.0,unknown,,2023-03-23
txn_3835043,juice,2,3.0,6.0,cash,,2023-12-29
txn_8366002,sandwich,2,4.0,8.0,credit card,,2023-12-26
txn_9390740,cake,2,3.0,6.0,cash,in-store,2023-12-06
txn_4928254,cake,1,3.0,3.0,credit card,unknown,2023-12-22
txn_5191642,salad,error,5.0,25.0,cash,error,2023-04-15
txn_9117434,cake,1,3.0,3.0,unknown,in-store,2023-07-18
txn_2820788,unknown,5,1.0,5.0,error,,2023-09-25
txn_3593060,smoothie,unknown,,16.0,cash,,2023-03-05
txn_7531745,cake,2,3.0,6.0,cash,,2023-06-23
txn_1082421,salad,1,5.0,5.0,digital wallet,in-store,2023-12-19
txn_2148444,juice,2,3.0,6.0,cash,,2023-11-27
txn_5402385,error,2,3.0,6.0,cash,in-store,2023-06-18
txn_1494502,salad,5,5.0,25.0,digital wallet,error,
txn_9277146,cake,5,3.0,15.0,credit card,,2023-07-11
txn_9333347,smoothie,5,4.0,20.0,cash,unknown,2023-09-10
txn_9127105,juice,3,3.0,9.0,cash,,2023-03-04
txn_1417724,sandwich,2,4.0,8.0,digital wallet,,2023-06-07
txn_6451377,salad,5,5.0,25.0,credit card,takeaway,2023-03-19
txn_2142961,coffee,5,2.0,10.0,credit card,takeaway,2023-09-21
txn_5927884,coffee,4,2.0,8.0,,error,2023-12-21
txn_8588335,salad,4,5.0,20.0,credit card,,2023-09-04
txn_6738350,juice,2,3.0,6.0,digital wallet,,2023-11-02
txn_5575561,tea,4,1.5,6.0,digital wallet,takeaway,2023-02-13
txn_1007347,salad,4,5.0,20.0,digital wallet,in-store,2023-08-28
txn_8933459,juice,1,3.0,3.0,,,2023-12-31
txn_3678091,juice,error,3.0,9.0,cash,,2023-09-07
txn_7692628,tea,2,1.5,3.0,cash,,2023-05-01
txn_6731518,cookie,1,1.0,1.0,digital wallet,takeaway,2023-12-04
txn_3455702,salad,1,5.0,5.0,cash,takeaway,2023-03-23
txn_7794561,juice,4,3.0,12.0,credit card,in-store,2023-05-18
txn_8908193,smoothie,5,4.0,20.0,cash,unknown,2023-04-02
txn_7688625,coffee,1,2.0,2.0,credit card,in-store,2023-12-15
txn_7012065,coffee,3,2.0,6.0,error,,2023-08-05
txn_4323570,error,1,1.0,1.0,cash,unknown,2023-03-04
txn_8831924,coffee,3,2.0,6.0,digital wallet,in-store,2023-07-12
txn_2865104,cake,5,3.0,15.0,,in-store,2023-03-12
txn_1360998,cookie,2,1.0,2.0,cash,takeaway,2023-07-30
txn_4125921,juice,5,3.0,15.0,credit card,,2023-01-26
txn_4657842,error,error,1.0,5.0,cash,takeaway,2023-09-29
txn_8149585,juice,1,3.0,3.0,credit card,error,2023-02-21
txn_9047278,tea,4,1.5,6.0,credit card,takeaway,2023-06-20
txn_8666003,smoothie,4,4.0,16.0,,takeaway,2023-06-09
txn_7606512,cookie,5,1.0,5.0,cash,,2023-12-03
txn_1819615,coffee,4,2.0,8.0,,,2023-06-03
txn_1931404,cake,5,3.0,15.0,error,in-store,2023-10-01
txn_4516901,tea,2,1.5,3.0,credit card,in-store,2023-09-05
txn_6817795,tea,1,1.5,1.5,cash,takeaway,2023-09-12
txn_4643515,,1,4.0,4.0,digital wallet,in-store,2023-10-03
txn_9762385,tea,3,1.5,4.5,,,2023-05-19
txn_6809170,smoothie,4,4.0,16.0,cash,takeaway,2023-08-10
txn_7365744,cookie,4,1.0,4.0,cash,in-store,2023-08-20
txn_9847116,salad,3,5.0,15.0,cash,takeaway,2023-07-28
txn_8356338,salad,5,5.0,25.0,credit card,in-store,2023-08-06
txn_4413506,juice,4,3.0,12.0,digital wallet,in-store,2023-10-29
txn_1057209,unknown,5,1.0,5.0,credit card,in-store,2023-09-17
txn_9534685,salad,1,5.0,5.0,unknown,takeaway,2023-04-27
txn_4893692,salad,2,5.0,10.0,,,2023-01-02
txn_5680629,cake,2,3.0,6.0,,takeaway,2023-04-30
txn_2494194,salad,5,5.0,25.0,digital wallet,,2023-02-11
txn_4549825,salad,2,5.0,10.0,digital wallet,,
txn_4737392,sandwich,2,4.0,8.0,cash,in-store,2023-02-17
txn_9538738,coffee,4,2.0,8.0,cash,in-store,2023-09-25
txn_1854102,coffee,2,2.0,4.0,digital wallet,takeaway,2023-07-18
txn_3109692,juice,4,3.0,,credit card,in-store,2023-06-21
txn_5395229,coffee,5,2.0,10.0,cash,,2023-11-29
txn_8918902,coffee,5,2.0,10.0,,,2023-05-22
txn_8837375,sandwich,2,4.0,8.0,digital wallet,takeaway,2023-11-21
txn_3952218,salad,5,5.0,,,,2023-04-07
txn_3225552,salad,1,5.0,5.0,,in-store,2023-05-16
txn_7950226,tea,1,1.5,1.5,digital wallet,in-store,2023-10-13
txn_9086541,salad,3,5.0,15.0,cash,in-store,2023-02-15
txn_1817596,tea,2,1.5,3.0,unknown,in-store,2023-11-04
txn_7644786,cookie,3,1.0,,credit card,takeaway,2023-01-20
txn_8017969,juice,1,3.0,3.0,cash,takeaway,2023-03-26
txn_6667388,cake,3,3.0,9.0,cash,in-store,2023-08-14
txn_3488611,tea,1,1.5,,cash,,2023-02-13
txn_3165950,unknown,1,2.0,2.0,digital wallet,,
txn_3109334,smoothie,3,4.0,12.0,,in-store,2023-04-06
txn_9425645,cake,3,3.0,9.0,credit card,takeaway,2023-03-19
txn_2461238,coffee,1,2.0,2.0,,takeaway,2023-01-29
txn_4692976,juice,1,3.0,3.0,digital wallet,unknown,2023-11-06
txn_6747376,smoothie,3,4.0,12.0,digital wallet,in-store,2023-11-20
txn_3689335,juice,1,3.0,3.0,,takeaway,2023-12-11
txn_9662568,tea,5,1.5,7.5,cash,error,2023-10-30
txn_9817681,unknown,4,1.5,6.0,,takeaway,
txn_5470087,salad,2,5.0,10.0,,takeaway,2023-10-11
txn_3717372,juice,2,3.0,6.0,credit card,error,2023-02-15
txn_6727985,salad,5,5.0,,credit card,in-store,2023-06-16
txn_1755661,salad,5,5.0,25.0,,in-store,2023-07-14
txn_9899571,error,2,5.0,10.0,credit card,takeaway,2023-02-18
txn_5692316,smoothie,1,4.0,4.0,digital wallet,unknown,2023-06-22
txn_2062269,juice,4,3.0,12.0,digital wallet,takeaway,2023-09-08
txn_2160316,sandwich,1,4.0,4.0,,in-store,2023-10-24
txn_4220743,sandwich,4,4.0,16.0,,in-store,2023-10-22
txn_2726843,sandwich,1,4.0,4.0,,in-store,2023-05-31
txn_9969283,sandwich,3,4.0,12.0,digital wallet,,2023-10-26
txn_8540115,,2,1.5,3.0,unknown,,2023-06-26
txn_8313892,salad,3,5.0,15.0,credit card,takeaway,2023-11-29
txn_3131761,smoothie,1,4.0,4.0,,takeaway,2023-10-18
txn_1243964,,3,1.5,4.5,,takeaway,2023-12-01
txn_1856112,salad,3,5.0,15.0,credit card,,2023-06-08
txn_4532651,coffee,2,2.0,4.0,,in-store,2023-09-13
txn_4083736,coffee,1,2.0,2.0,error,in-store,2023-08-21
txn_4493176,tea,3,1.5,4.5,,,2023-10-14
txn_6712994,coffee,3,2.0,6.0,cash,takeaway,2023-10-02
txn_1840566,coffee,4,2.0,8.0,,error,2023-01-05
txn_6257776,juice,5,3.0,15.0,cash,in-store,2023-10-28
txn_9039165,sandwich,4,4.0,16.0,,takeaway,2023-03-10
txn_7056051,cake,2,3.0,6.0,,,
txn_3869150,cookie,3,1.0,3.0,cash,,2023-03-26
txn_3604156,coffee,,2.0,10.0,credit card,takeaway,2023-11-08
txn_2018236,coffee,5,2.0,10.0,cash,,2023-04-19
txn_4430176,sandwich,4,,16.0,credit card,takeaway,2023-08-27
txn_6073195,sandwich,3,4.0,12.0,credit card,takeaway,2023-09-13
txn_5245399,,5,,10.0,,,2023-12-25
txn_4178872,tea,1,1.5,1.5,credit card,,2023-01-25
txn_8836650,smoothie,5,4.0,20.0,,error,2023-05-22
txn_5882584,cake,5,3.0,15.0,,in-store,2023-09-16
txn_4291132,cake,2,3.0,6.0,credit card,takeaway,2023-08-07
txn_1622123,cookie,2,1.0,2.0,cash,takeaway,2023-01-05
txn_2878078,cake,2,3.0,6.0,digital wallet,takeaway,2023-12-15
txn_7134579,cookie,5,1.0,5.0,digital wallet,takeaway,2023-06-06
txn_6921057,sandwich,4,4.0,16.0,digital wallet,takeaway,2023-07-10
txn_2335088,salad,4,5.0,20.0,cash,in-store,2023-10-27
txn_9778859,cookie,3,1.0,3.0,cash,takeaway,2023-06-05
txn_3850274,juice,5,3.0,15.0,,,2023-09-08
txn_4428448,cookie,4,1.0,4.0,,,2023-02-04
txn_1062822,juice,unknown,3.0,6.0,credit card,,2023-06-28
txn_6386662,salad,5,5.0,25.0,credit card,takeaway,2023-12-04
txn_5491825,cake,4,3.0,12.0,cash,in-store,2023-06-09
txn_5330930,cake,1,3.0,3.0,,in-store,2023-07-12
txn_5580933,smoothie,3,4.0,,cash,takeaway,2023-10-19
txn_3326110,coffee,2,2.0,4.0,credit card,takeaway,2023-08-13
txn_5455079,salad,2,5.0,10.0,cash,in-store,2023-11-30
txn_5526475,tea,4,1.5,6.0,cash,in-store,2023-05-06
txn_3800253,cake,2,3.0,6.0,cash,takeaway,2023-01-15
txn_2091128,cake,1,3.0,3.0,credit card,unknown,
txn_9169782,juice,5,3.0,15.0,credit card,,2023-09-18
txn_4639621,coffee,2,,4.0,,in-store,2023-10-12
txn_4432823,,5,4.0,20.0,,in-store,2023-02-10
txn_8138157,,2,4.0,8.0,cash,takeaway,2023-05-07
txn_4134478,juice,2,3.0,6.0,credit card,takeaway,2023-06-25
txn_6298532,smoothie,4,4.0,16.0,digital wallet,,
txn_4997327,coffee,2,2.0,4.0,,in-store,2023-03-19
txn_9522899,smoothie,5,4.0,,credit card,takeaway,
txn_4049949,cookie,1,1.0,1.0,,takeaway,2023-11-06
txn_7296498,salad,5,5.0,25.0,credit card,takeaway,2023-05-19
txn_4706042,salad,5,5.0,25.0,,in-store,2023-12-01
txn_2488987,tea,5,1.5,7.5,cash,in-store,2023-06-12
txn_6708156,tea,5,1.5,7.5,credit card,,2023-11-26
txn_7616002,tea,2,1.5,3.0,,in-store,2023-11-08
txn_1865735,smoothie,2,4.0,8.0,digital wallet,in-store,2023-09-22
txn_5396450,juice,3,3.0,9.0,digital wallet,,2023-12-09
txn_5881757,sandwich,3,4.0,12.0,credit card,,2023-08-15
txn_3404479,error,4,4.0,16.0,credit card,,2023-08-23
txn_5342589,tea,2,1.5,3.0,digital wallet,error,2023-04-06
txn_1987212,smoothie,5,4.0,,credit card,takeaway,2023-04-07
txn_5303275,cookie,4,1.0,4.0,cash,takeaway,2023-09-18
txn_9193760,salad,5,5.0,25.0,error,,2023-01-20
txn_8541074,salad,4,5.0,20.0,,in-store,2023-11-08
txn_1075183,tea,2,1.5,3.0,credit card,,2023-01-09
txn_9316158,sandwich,5,4.0,20.0,cash,in-store,2023-10-31
txn_8207244,tea,5,1.5,7.5,cash,takeaway,2023-05-04
txn_2346001,unknown,2,5.0,10.0,digital wallet,takeaway,2023-08-21
txn_2814866,smoothie,1,4.0,4.0,digital wallet,in-store,2023-07-29
txn_8454044,coffee,5,2.0,10.0,credit card,,2023-05-27
txn_8321092,,2,3.0,6.0,credit card,,2023-09-28
txn_2560137,cake,1,3.0,3.0,cash,takeaway,2023-10-13
txn_7350571,smoothie,1,4.0,4.0,credit card,in-store,2023-02-19
txn_3915802,coffee,3,2.0,6.0,cash,takeaway,2023-12-16
txn_5019143,coffee,5,2.0,10.0,cash,,2023-02-21
txn_1785371,coffee,1,2.0,2.0,unknown,takeaway,2023-01-16
txn_6441650,cake,5,3.0,15.0,unknown,takeaway,2023-09-06
txn_2493262,cookie,2,1.0,2.0,credit card,takeaway,2023-01-03
txn_3257591,sandwich,1,4.0,4.0,credit card,in-store,
txn_6038791,juice,2,3.0,6.0,digital wallet,in-store,2023-03-06
txn_1335337,tea,3,1.5,4.5,credit card,in-store,2023-09-06
txn_2275914,sandwich,2,4.0,8.0,unknown,takeaway,2023-10-24
txn_6258276,sandwich,5,4.0,20.0,credit card,unknown,2023-01-29
txn_2340312,cake,4,3.0,12.0,unknown,takeaway,2023-07-30
txn_6066433,tea,2,1.5,,cash,,2023-06-17
txn_1872922,sandwich,5,4.0,20.0,,in-store,2023-07-16
txn_7730388,cookie,5,1.0,5.0,digital wallet,in-store,2023-09-09
txn_3330377,error,5,2.0,10.0,,,2023-05-08
txn_3147198,smoothie,2,4.0,8.0,digital wallet,,2023-02-04
txn_6363897,salad,5,5.0,25.0,credit card,takeaway,2023-11-26
txn_1893222,smoothie,5,4.0,20.0,credit card,in-store,2023-12-20
txn_9262803,juice,5,3.0,15.0,digital wallet,,2023-10-04
txn_9491912,tea,4,1.5,6.0,cash,in-store,
txn_6992164,sandwich,2,4.0,8.0,cash,takeaway,
txn_6577035,smoothie,2,4.0,8.0,,in-store,2023-05-20
txn_9970966,coffee,5,2.0,10.0,,in-store,2023-09-09
txn_5624179,cookie,1,1.0,1.0,cash,takeaway,2023-10-26
txn_3450160,cake,4,3.0,12.0,credit card,in-store,2023-10-23
txn_4075432,sandwich,5,4.0,20.0,cash,in-store,2023-09-12
txn_2023802,cake,2,3.0,6.0,cash,in-store,2023-02-28
txn_5130399,cookie,3,1.0,,,,2023-10-21
txn_6745832,coffee,2,2.0,4.0,credit card,unknown,2023-10-02
txn_7560989,sandwich,3,4.0,12.0,digital wallet,,2023-06-16
txn_9367492,tea,2,,,cash,in-store,2023-06-19
txn_3115258,salad,1,5.0,5.0,,takeaway,2023-12-06
txn_8182245,sandwich,5,4.0,20.0,digital wallet,takeaway,2023-10-24
txn_3970335,juice,5,3.0,15.0,digital wallet,takeaway,2023-09-01
txn_6376630,,2,3.0,6.0,cash,in-store,2023-01-24
txn_7100596,smoothie,5,4.0,20.0,credit card,in-store,2023-09-14
txn_1481116,tea,2,1.5,3.0,digital wallet,in-store,2023-02-26
txn_9454212,juice,5,3.0,15.0,cash,in-store,2023-11-19
txn_3648327,cake,1,3.0,3.0,digital wallet,takeaway,2023-08-17
txn_6188394,juice,5,3.0,15.0,credit card,in-store,2023-10-05
txn_2553803,juice,1,3.0,3.0,cash,in-store,2023-12-29
txn_5700545,salad,2,5.0,10.0,credit card,,2023-05-25
txn_8018479,tea,1,1.5,1.5,digital wallet,takeaway,2023-09-15
txn_9465300,tea,2,1.5,3.0,credit card,unknown,2023-09-01
txn_3046108,tea,5,1.5,7.5,digital wallet,takeaway,2023-01-15
txn_5998419,juice,4,3.0,12.0,,takeaway,2023-09-26
txn_4454198,tea,1,1.5,1.5,digital wallet,in-store,2023-08-22
txn_5855756,sandwich,1,4.0,4.0,credit card,in-store,2023-08-29
txn_5182399,unknown,3,2.0,,digital wallet,takeaway,2023-09-08
txn_6758675,juice,1,3.0,3.0,credit card,in-store,2023-11-05
txn_1962275,coffee,5,,10.0,credit card,takeaway,2023-05-26
txn_9530003,salad,1,5.0,5.0,digital wallet,,2023-08-24
txn_2347596,juice,4,3.0,12.0,credit card,,2023-12-27
txn_6215303,salad,4,5.0,20.0,,takeaway,2023-08-20
txn_5524352,sandwich,1,4.0,4.0,,,2023-01-05
txn_6668414,cake,1,3.0,,error,in-store,2023-12-29
txn_8715122,cake,2,3.0,6.0,cash,takeaway,
txn_1525046,smoothie,2,4.0,8.0,cash,,2023-12-02
txn_9867948,smoothie,2,4.0,8.0,digital wallet,,2023-10-07
txn_8512466,unknown,5,3.0,15.0,,,2023-02-10
txn_9663990,juice,1,3.0,3.0,,,2023-01-06
txn_7681072,cookie,1,1.0,1.0,credit card,takeaway,2023-07-07
txn_3099191,salad,error,5.0,10.0,error,,2023-05-19
txn_8789986,cake,2,3.0,6.0,cash,takeaway,2023-09-21
txn_8382825,coffee,5,2.0,10.0,cash,in-store,2023-01-20
txn_4486700,cake,2,3.0,6.0,digital wallet,takeaway,2023-02-08
txn_2668108,cookie,5,1.0,5.0,cash,,2023-09-23
txn_5085328,coffee,4,2.0,8.0,digital wallet,takeaway,2023-02-03
txn_6023823,cookie,2,1.0,2.0,digital wallet,,2023-04-20
txn_6541659,sandwich,3,4.0,12.0,,takeaway,2023-01-29
txn_3203928,coffee,3,2.0,6.0,,in-store,2023-12-04
txn_3443235,sandwich,5,4.0,20.0,,unknown,2023-10-11
txn_6191769,salad,1,5.0,5.0,credit card,takeaway,2023-05-17
txn_6110386,smoothie,1,4.0,4.0,cash,in-store,2023-03-17
txn_7355635,juice,3,3.0,9.0,,in-store,2023-12-21
txn_2944518,unknown,3,3.0,9.0,,takeaway,2023-09-14
txn_9169536,cake,5,3.0,,cash,in-store,2023-06-10
txn_8257774,cookie,5,1.0,5.0,cash,takeaway,2023-03-04
txn_3873718,error,1,5.0,5.0,cash,in-store,2023-03-07
txn_8767676,smoothie,1,4.0,4.0,,,2023-11-30
txn_1225638,cake,4,3.0,12.0,cash,takeaway,2023-05-28
txn_5050111,,3,5.0,15.0,cash,in-store,2023-06-13
txn_5508620,sandwich,2,4.0,8.0,cash,in-store,2023-08-26
txn_7864080,tea,5,1.5,7.5,credit card,takeaway,2023-11-12
txn_6066883,cake,2,3.0,6.0,credit card,,2023-12-21
txn_6034785,coffee,3,2.0,6.0,digital wallet,,2023-06-17
txn_7818024,cake,3,3.0,9.0,,,2023-08-16
txn_2463115,sandwich,5,4.0,20.0,credit card,takeaway,2023-09-12
txn_9948425,cake,3,3.0,9.0,unknown,takeaway,2023-11-21
txn_2540440,,2,1.5,3.0,digital wallet,,2023-12-30
txn_2006923,salad,5,5.0,25.0,digital wallet,,2023-05-31
txn_6762172,coffee,5,2.0,10.0,cash,takeaway,2023-01-19
txn_6638051,smoothie,2,4.0,8.0,cash,,2023-11-05
txn_9834329,smoothie,error,4.0,4.0,cash,,2023-09-17
txn_9172616,unknown,4,2.0,8.0,,takeaway,2023-11-21
txn_8867300,smoothie,4,4.0,16.0,,in-store,2023-05-06
txn_6987950,cake,4,3.0,12.0,credit card,,2023-05-04
txn_9967728,coffee,4,2.0,8.0,,,2023-01-30
txn_5591967,sandwich,1,4.0,4.0,credit card,takeaway,2023-04-08
txn_5861158,sandwich,3,4.0,12.0,credit card,takeaway,2023-11-21
txn_7501002,coffee,1,2.0,2.0,digital wallet,unknown,2023-08-23
txn_2848654,smoothie,5,4.0,20.0,digital wallet,in-store,2023-03-15
txn_2406254,unknown,5,3.0,15.0,,takeaway,2023-11-12
txn_3034652,juice,5,3.0,15.0,credit card,in-store,2023-11-04
txn_2710779,sandwich,5,4.0,,digital wallet,in-store,2023-09-30
txn_2333576,tea,2,,3.0,digital wallet,takeaway,2023-11-22
txn_6330369,juice,1,3.0,3.0,unknown,,2023-01-25
txn_7852032,sandwich,1,4.0,4.0,cash,,2023-03-19
txn_7189368,sandwich,2,4.0,8.0,credit card,,2023-01-22
txn_6306655,,4,1.0,,digital wallet,takeaway,2023-01-22
txn_7169320,coffee,3,2.0,6.0,credit card,,
txn_6607568,coffee,2,2.0,4.0,cash,in-store,2023-03-24
txn_8245906,cake,1,,3.0,digital wallet,,2023-02-08
txn_9837568,salad,5,5.0,25.0,cash,in-store,2023-04-17
txn_9603263,cookie,5,1.0,5.0,cash,error,2023-05-02
txn_9425610,sandwich,3,4.0,12.0,cash,in-store,2023-01-08
txn_8092496,juice,4,3.0,12.0,,in-store,2023-03-11
txn_3611851,,4,,,credit card,,2023-02-09
txn_9749333,cookie,5,1.0,5.0,cash,in-store,2023-02-27
txn_2771364,coffee,1,2.0,2.0,digital wallet,,2023-01-23
txn_5180326,juice,,3.0,12.0,,,2023-04-26
txn_7376092,cookie,4,1.0,4.0,cash,in-store,2023-11-07
txn_9279347,sandwich,,4.0,20.0,credit card,,2023-02-27
txn_8278982,smoothie,5,4.0,20.0,credit card,takeaway,2023-09-06
txn_7686476,coffee,3,2.0,6.0,digital wallet,takeaway,2023-01-03
txn_4283563,error,2,1.5,3.0,cash,unknown,2023-05-04
txn_1926278,cookie,1,1.0,1.0,credit card,,2023-07-29
txn_3981000,tea,1,1.5,1.5,digital wallet,in-store,2023-05-24
txn_6167259,juice,2,3.0,6.0,digital wallet,,2023-04-14
txn_7068653,cookie,2,,2.0,cash,in-store,2023-06-05
txn_1572930,coffee,3,2.0,6.0,,in-store,2023-07-17
txn_2788797,tea,2,1.5,3.0,,,2023-03-23
txn_4255767,juice,1,3.0,3.0,,,2023-05-25
txn_7367474,juice,5,3.0,15.0,digital wallet,takeaway,2023-01-01
txn_7551097,cake,2,3.0,6.0,digital wallet,error,2023-06-12
txn_1546695,coffee,5,2.0,,,takeaway,2023-03-06
txn_4030010,sandwich,5,4.0,20.0,,takeaway,
txn_4567455,coffee,3,2.0,6.0,,in-store,2023-02-01
txn_7958487,cookie,5,1.0,5.0,,,2023-01-20
txn_2864420,sandwich,1,4.0,4.0,,,2023-07-12
txn_1498343,salad,2,5.0,10.0,credit card,takeaway,2023-03-31
txn_3107619,cookie,2,1.0,2.0,digital wallet,takeaway,2023-05-31
txn_1923349,error,4,,6.0,,,2023-07-06
txn_7380217,tea,1,1.5,1.5,digital wallet,,2023-09-10
txn_3195132,salad,4,5.0,,credit card,,2023-08-26
txn_9001088,coffee,2,,4.0,credit card,,2023-08-19
txn_2101437,,2,4.0,8.0,cash,in-store,2023-08-27
txn_7411993,cake,2,3.0,6.0,digital wallet,in-store,2023-02-11
txn_2879092,error,3,1.5,4.5,cash,,2023-05-22
txn_8791641,tea,5,1.5,7.5,,in-store,2023-01-25
txn_4679593,juice,1,3.0,3.0,cash,in-store,2023-01-10
txn_1907250,cookie,1,1.0,1.0,credit card,,2023-11-15
txn_8504764,,2,4.0,8.0,digital wallet,takeaway,2023-02-19
txn_1630051,smoothie,5,4.0,20.0,digital wallet,takeaway,2023-03-17
txn_2566258,cookie,4,1.0,4.0,cash,takeaway,2023-06-08
txn_5785600,salad,5,5.0,,cash,in-store,2023-12-10
txn_4864206,cookie,5,1.0,5.0,cash,in-store,2023-03-18
txn_4360040,salad,1,5.0,5.0,credit card,,2023-11-15
txn_9490163,salad,4,5.0,20.0,credit card,,2023-02-23
txn_2640727,error,3,3.0,9.0,digital wallet,takeaway,2023-03-05
txn_9927061,cookie,2,1.0,2.0,,,2023-10-17
txn_5113993,coffee,1,2.0,2.0,credit card,takeaway,2023-02-10
txn_2192787,sandwich,5,4.0,20.0,cash,in-store,2023-01-01
txn_2127588,cake,4,3.0,12.0,cash,in-store,2023-07-17
txn_5284338,,4,2.0,8.0,cash,takeaway,2023-03-30
txn_8108748,sandwich,1,4.0,4.0,cash,unknown,2023-06-19
txn_5538713,cookie,2,1.0,2.0,digital wallet,takeaway,2023-09-20
txn_5949811,tea,unknown,1.5,3.0,digital wallet,in-store,2023-02-21
txn_2565449,smoothie,3,4.0,12.0,credit card,in-store,2023-10-04
txn_7264039,cake,5,3.0,15.0,cash,,2023-09-19
txn_9224501,salad,5,5.0,25.0,credit card,in-store,2023-12-08
txn_5767393,smoothie,3,4.0,12.0,digital wallet,in-store,2023-09-11
txn_2628024,smoothie,1,4.0,4.0,,in-store,2023-05-02
txn_4638629,smoothie,4,4.0,,credit card,,2023-02-10
txn_9287133,cake,5,3.0,15.0,digital wallet,in-store,2023-04-20
txn_6223786,cake,5,3.0,15.0,cash,,2023-07-05
txn_5460750,juice,3,3.0,9.0,credit card,,2023-07-31
txn_6792445,cake,,3.0,9.0,cash,error,2023-12-03
txn_2543138,sandwich,1,4.0,4.0,credit card,,2023-05-20
txn_7134064,smoothie,5,4.0,20.0,credit card,takeaway,2023-04-04
txn_8616163,smoothie,error,4.0,8.0,,takeaway,
txn_9201988,coffee,3,2.0,6.0,,,2023-05-14
txn_5486063,smoothie,3,4.0,12.0,cash,in-store,2023-05-21
txn_2285849,tea,2,1.5,3.0,credit card,takeaway,2023-09-10
txn_9577271,sandwich,5,4.0,20.0,cash,in-store,2023-09-30
txn_6568536,cake,1,3.0,3.0,cash,,2023-12-29
txn_6802372,juice,3,3.0,9.0,,in-store,2023-07-20
txn_2624121,tea,5,1.5,7.5,digital wallet,in-store,2023-01-28
txn_8994477,coffee,3,,6.0,,in-store,2023-04-19
txn_7868879,sandwich,4,4.0,16.0,cash,takeaway,2023-05-02
txn_8321225,error,4,1.5,6.0,credit card,takeaway,2023-08-20
txn_1439390,juice,4,3.0,12.0,,in-store,2023-02-14
txn_9373436,salad,4,5.0,20.0,digital wallet,,2023-04-06
txn_6243519,coffee,3,2.0,6.0,cash,takeaway,2023-03-03
txn_8668901,juice,2,3.0,6.0,credit card,takeaway,2023-06-30
txn_4903004,tea,4,1.5,6.0,digital wallet,in-store,2023-12-03
txn_2195218,cake,4,3.0,12.0,digital wallet,in-store,2023-09-10
txn_9678108,salad,3,5.0,15.0,error,takeaway,2023-10-10
txn_3206876,salad,4,5.0,20.0,,in-store,2023-11-07
txn_3064922,unknown,error,5.0,10.0,cash,,2023-11-12
txn_7362525,cake,5,3.0,15.0,cash,takeaway,2023-06-09
txn_2161341,salad,5,5.0,25.0,digital wallet,error,2023-03-12
txn_8753888,cookie,4,1.0,4.0,credit card,takeaway,2023-12-25
txn_3265596,tea,1,1.5,1.5,cash,,2023-12-28
txn_2815691,juice,5,3.0,15.0,digital wallet,error,2023-02-06
txn_8956534,coffee,5,2.0,10.0,cash,takeaway,2023-06-05
txn_7957208,tea,1,1.5,1.5,digital wallet,takeaway,2023-04-14
txn_6851213,juice,1,3.0,3.0,digital wallet,,2023-05-19
txn_7127903,coffee,5,2.0,10.0,,in-store,2023-11-27
txn_7543722,cookie,3,1.0,3.0,digital wallet,,2023-08-26
txn_7952680,error,1,5.0,5.0,error,,2023-06-09
txn_8556062,sandwich,5,4.0,20.0,,,2023-08-07
txn_8429412,smoothie,4,4.0,16.0,,,2023-06-23
txn_3817784,salad,,5.0,5.0,,,2023-11-25
txn_1749105,sandwich,5,4.0,20.0,cash,in-store,2023-10-17
txn_9731530,tea,unknown,1.5,6.0,credit card,,2023-06-23
txn_1248266,salad,3,5.0,15.0,credit card,in-store,2023-10-14
txn_5400273,smoothie,4,4.0,16.0,credit card,,2023-05-24
txn_2255634,salad,4,5.0,20.0,,,2023-04-09
txn_3312002,smoothie,4,4.0,16.0,digital wallet,,2023-04-30
txn_5331122,salad,4,5.0,20.0,credit card,in-store,2023-09-26
txn_1227800,juice,3,3.0,9.0,cash,takeaway,2023-02-19
txn_1867836,juice,1,3.0,3.0,credit card,,2023-03-21
txn_3051509,cookie,error,1.0,5.0,,in-store,2023-03-07
txn_5108804,juice,1,,3.0,digital wallet,in-store,2023-09-26
txn_2699583,sandwich,5,4.0,20.0,digital wallet,in-store,2023-07-26
txn_1622577,juice,1,3.0,3.0,cash,,2023-03-14
txn_9508880,coffee,4,2.0,8.0,,in-store,2023-10-26
txn_2156218,smoothie,2,4.0,8.0,digital wallet,in-store,2023-07-24
txn_8271025,juice,5,3.0,15.0,credit card,,2023-03-09
txn_4894699,cookie,2,1.0,2.0,digital wallet,in-store,2023-02-20
txn_5427338,cake,error,3.0,6.0,digital wallet,in-store,2023-04-27
txn_8631468,cake,1,3.0,3.0,credit card,in-store,2023-10-10
txn_6315590,tea,5,1.5,7.5,,in-store,2023-10-04
txn_7825457,cake,5,3.0,15.0,cash,error,2023-09-15
txn_7468777,salad,1,5.0,5.0,digital wallet,in-store,
txn_2378096,tea,3,1.5,4.5,cash,takeaway,2023-09-22
txn_2627056,sandwich,4,4.0,16.0,digital wallet,,2023-04-22
txn_5062280,smoothie,4,4.0,16.0,credit card,,2023-07-05
txn_3620110,coffee,1,2.0,2.0,digital wallet,takeaway,2023-06-01
txn_7290923,salad,3,5.0,15.0,unknown,,2023-02-09
txn_7844687,cake,1,3.0,3.0,,in-store,
txn_1005331,coffee,1,2.0,2.0,digital wallet,takeaway,2023-11-04
txn_1579182,juice,5,3.0,15.0,cash,in-store,2023-02-20
txn_7311097,coffee,5,2.0,10.0,,in-store,2023-08-05
txn_1185118,unknown,5,3.0,,,,
txn_4836614,error,4,1.5,6.0,digital wallet,,2023-04-03
txn_7477271,tea,5,1.5,7.5,,takeaway,2023-07-12
txn_6503052,juice,4,3.0,12.0,,,2023-04-21
txn_6471268,smoothie,5,4.0,20.0,digital wallet,,2023-02-10
txn_3985301,smoothie,2,4.0,8.0,,in-store,
txn_6843517,sandwich,5,4.0,,credit card,in-store,2023-01-02
txn_9370304,smoothie,4,,16.0,,takeaway,2023-09-01
txn_9298053,juice,5,3.0,15.0,cash,in-store,2023-06-29
txn_1446862,cake,3,3.0,9.0,,takeaway,2023-09-26
txn_4987246,cookie,3,1.0,,digital wallet,takeaway,2023-11-24
txn_6271219,sandwich,3,4.0,12.0,cash,,2023-06-07
txn_2614545,tea,1,1.5,1.5,unknown,in-store,2023-08-10
txn_4917580,error,3,2.0,6.0,,in-store,2023-03-08
txn_6236864,tea,2,1.5,3.0,digital wallet,in-store,2023-08-17
txn_7825648,coffee,1,2.0,2.0,,takeaway,2023-05-18
txn_1853196,sandwich,1,4.0,4.0,credit card,,2023-08-28
txn_7201361,smoothie,3,4.0,12.0,cash,in-store,2023-05-26
txn_6902481,juice,3,3.0,9.0,cash,,2023-09-03
txn_4041845,juice,5,3.0,15.0,,,2023-12-01
txn_8861272,coffee,1,2.0,2.0,digital wallet,,2023-03-27
txn_7527954,cake,4,3.0,12.0,,unknown,2023-12-09
txn_2229365,sandwich,2,4.0,8.0,cash,in-store,2023-09-07
txn_5563675,tea,3,1.5,4.5,digital wallet,in-store,2023-01-01
txn_7416770,,3,3.0,9.0,,takeaway,2023-04-08
txn_6594187,tea,5,1.5,7.5,unknown,,
txn_8632098,salad,2,,10.0,,,2023-01-06
txn_3520908,sandwich,3,,12.0,digital wallet,error,2023-08-01
txn_7907499,juice,3,3.0,9.0,digital wallet,takeaway,2023-04-18
txn_8360073,cake,4,3.0,12.0,digital wallet,in-store,2023-06-15
txn_4840295,,4,4.0,16.0,digital wallet,takeaway,2023-02-02
txn_4140167,coffee,2,2.0,4.0,cash,unknown,2023-06-29
txn_2690515,sandwich,2,4.0,8.0,cash,takeaway,2023-09-06
txn_2080682,coffee,3,2.0,6.0,credit card,in-store,2023-05-02
txn_8399341,tea,5,1.5,7.5,cash,,2023-03-22
txn_5661891,salad,1,5.0,5.0,digital wallet,takeaway,2023-10-28
txn_3164212,smoothie,4,4.0,16.0,,in-store,2023-11-14
txn_1834831,error,5,5.0,25.0,digital wallet,in-store,2023-02-16
txn_3360401,unknown,2,1.5,3.0,,takeaway,2023-02-05
txn_6036520,coffee,5,2.0,10.0,cash,,2023-09-15
txn_1582958,coffee,2,2.0,4.0,cash,,2023-12-08
txn_9834415,cookie,2,1.0,2.0,credit card,in-store,2023-12-28
txn_7325430,coffee,2,2.0,4.0,cash,,2023-04-17
txn_6440365,smoothie,2,4.0,8.0,cash,,2023-05-14
txn_4002629,cake,5,3.0,15.0,credit card,in-store,2023-06-15
txn_4244830,coffee,5,2.0,10.0,,in-store,2023-04-24
txn_2217038,tea,5,1.5,7.5,error,,2023-06-12
txn_6259827,cake,2,,6.0,credit card,takeaway,2023-06-14
txn_6551087,smoothie,1,4.0,4.0,credit card,error,2023-05-02
txn_1643039,cookie,3,1.0,3.0,,,2023-02-17
txn_3683787,tea,5,,7.5,credit card,,2023-09-16
txn_5765576,sandwich,5,4.0,20.0,,in-store,2023-11-22
txn_4155134,cookie,1,1.0,1.0,,takeaway,2023-05-07
txn_1795044,coffee,2,2.0,4.0,digital wallet,unknown,2023-08-15
txn_3328393,error,3,3.0,9.0,,,2023-04-16
txn_2399870,salad,4,5.0,20.0,,,2023-04-08
txn_8898121,tea,4,1.5,6.0,digital wallet,,2023-03-26
txn_4735392,smoothie,3,4.0,12.0,credit card,takeaway,2023-04-04
txn_3244935,salad,5,5.0,25.0,,takeaway,2023-11-24
txn_8410712,juice,5,3.0,15.0,digital wallet,takeaway,2023-10-23
txn_8997048,juice,1,3.0,3.0,,in-store,2023-12-05
txn_6009395,sandwich,4,4.0,16.0,cash,in-store,2023-07-20
txn_3733753,sandwich,1,4.0,4.0,digital wallet,takeaway,2023-03-10
txn_4084548,salad,2,5.0,10.0,cash,in-store,2023-07-21
txn_7125945,cake,3,3.0,9.0,credit card,in-store,2023-01-30
txn_6746140,cookie,5,1.0,5.0,digital wallet,takeaway,
txn_8103439,smoothie,1,4.0,4.0,,takeaway,2023-11-30
txn_9474082,unknown,3,5.0,15.0,digital wallet,in-store,2023-03-22
txn_2623927,sandwich,2,4.0,8.0,unknown,,2023-01-27
txn_8707598,juice,4,,12.0,credit card,,2023-10-22
txn_2810554,unknown,1,3.0,3.0,credit card,takeaway,2023-02-18
txn_5435751,sandwich,1,4.0,4.0,credit card,takeaway,2023-05-24
txn_9991468,juice,4,3.0,12.0,credit card,,2023-11-30
txn_1339457,error,3,4.0,,digital wallet,in-store,2023-05-23
txn_5186460,juice,3,3.0,9.0,credit card,unknown,2023-11-07
txn_8936782,juice,5,3.0,,,in-store,2023-04-01
txn_6885561,smoothie,3,4.0,12.0,digital wallet,takeaway,2023-06-24
txn_4089089,smoothie,5,4.0,20.0,,,2023-10-26
txn_6304285,cake,5,3.0,15.0,digital wallet,takeaway,2023-11-16
txn_7792996,salad,4,5.0,20.0,cash,,2023-12-20
txn_3653328,cookie,4,1.0,4.0,digital wallet,in-store,2023-06-27
txn_3003876,cookie,3,1.0,3.0,cash,error,2023-08-27
txn_4015634,tea,2,1.5,3.0,,,2023-06-28
txn_8166394,juice,4,3.0,12.0,credit card,,2023-12-22
txn_1270603,juice,4,3.0,12.0,credit card,takeaway,2023-12-03
txn_8837886,smoothie,3,4.0,,,,2023-04-20
txn_1437275,coffee,3,2.0,6.0,credit card,,2023-07-22
txn_5791605,smoothie,3,4.0,12.0,,takeaway,2023-05-17
txn_5836079,coffee,1,2.0,2.0,digital wallet,,2023-07-14
txn_2897115,unknown,3,2.0,6.0,digital wallet,in-store,2023-06-23
txn_8916613,salad,4,5.0,20.0,error,takeaway,2023-06-19
txn_9251292,tea,2,1.5,3.0,cash,unknown,2023-01-20
txn_9639025,coffee,5,2.0,10.0,,,2023-12-06
txn_7770253,coffee,5,2.0,10.0,digital wallet,takeaway,2023-01-06
txn_9196116,cake,2,,6.0,,in-store,2023-07-06
txn_5405799,coffee,3,2.0,6.0,cash,error,2023-08-13
txn_1701500,smoothie,1,4.0,4.0,error,takeaway,2023-01-05
txn_6669163,cookie,error,1.0,1.0,credit card,takeaway,2023-07-26
txn_9695128,cake,1,3.0,3.0,cash,in-store,2023-12-21
txn_8700156,tea,4,,6.0,credit card,in-store,2023-12-25
txn_7192920,smoothie,4,4.0,16.0,digital wallet,error,2023-02-28
txn_1866816,juice,3,3.0,9.0,,in-store,2023-08-21
txn_2423762,coffee,1,2.0,2.0,,,2023-08-12
txn_4007506,salad,1,5.0,5.0,,,2023-01-19
txn_4371760,smoothie,2,4.0,8.0,cash,in-store,2023-01-12
txn_4468830,smoothie,4,4.0,,digital wallet,in-store,2023-11-10
txn_1908100,juice,2,3.0,6.0,,in-store,2023-04-17
txn_3892344,cookie,2,1.0,2.0,,,2023-07-28
txn_3023841,tea,3,1.5,4.5,digital wallet,takeaway,2023-04-29
txn_8793244,cake,4,3.0,12.0,credit card,takeaway,2023-05-08
txn_5764993,salad,3,5.0,,error,takeaway,2023-04-26
txn_2376525,sandwich,5,4.0,20.0,error,,
txn_2628941,smoothie,1,4.0,4.0,,in-store,2023-12-27
txn_5206049,,3,,3.0,digital wallet,,2023-06-24
txn_5448602,juice,3,3.0,9.0,credit card,in-store,2023-01-17
txn_1346517,coffee,1,2.0,2.0,digital wallet,takeaway,2023-03-20
txn_9277534,smoothie,2,4.0,8.0,credit card,in-store,2023-04-25
txn_4946991,cake,1,,3.0,unknown,unknown,2023-04-17
txn_9663098,juice,2,3.0,6.0,cash,,2023-06-10
txn_2492586,salad,3,,15.0,cash,,2023-05-17
txn_2450799,tea,5,,7.5,error,unknown,2023-11-26
txn_6145837,cake,5,3.0,15.0,digital wallet,takeaway,2023-08-27
txn_3665727,cookie,1,1.0,1.0,,in-store,2023-10-13
txn_5067056,sandwich,1,4.0,4.0,cash,in-store,2023-08-13
txn_8453110,smoothie,3,4.0,12.0,digital wallet,unknown,2023-06-24
txn_4954887,cookie,3,1.0,3.0,,in-store,2023-06-11
txn_4449173,,error,2.0,2.0,digital wallet,takeaway,2023-04-05
txn_6641409,unknown,5,4.0,20.0,digital wallet,error,2023-11-21
txn_6132959,salad,5,5.0,25.0,digital wallet,,2023-07-01
txn_8626161,smoothie,3,4.0,12.0,digital wallet,in-store,2023-11-23
txn_7099050,salad,3,5.0,15.0,credit card,takeaway,2023-01-18
txn_8938663,coffee,1,2.0,2.0,digital wallet,,2023-09-09
txn_5039624,cookie,4,1.0,4.0,,takeaway,2023-04-27
txn_9565465,tea,3,1.5,4.5,credit card,in-store,2023-12-26
txn_6301600,juice,4,3.0,12.0,digital wallet,in-store,2023-02-28
txn_1529904,coffee,1,2.0,2.0,credit card,in-store,
txn_4784128,sandwich,3,4.0,12.0,cash,takeaway,2023-08-27
txn_5807634,sandwich,5,4.0,20.0,digital wallet,,2023-05-23
txn_5560205,coffee,3,2.0,6.0,cash,in-store,2023-12-22
txn_2193092,juice,4,,12.0,,takeaway,2023-10-30
txn_8191921,salad,3,5.0,15.0,digital wallet,,
txn_1833277,tea,2,1.5,3.0,,takeaway,2023-10-19
txn_6346774,juice,3,3.0,9.0,cash,in-store,
txn_6119798,salad,1,5.0,5.0,credit card,in-store,2023-09-19
txn_9793353,coffee,3,2.0,6.0,credit card,takeaway,2023-08-21
txn_5017895,salad,4,5.0,20.0,cash,,2023-09-25
txn_4547995,cake,3,3.0,9.0,digital wallet,,2023-11-30
txn_7032256,sandwich,5,4.0,20.0,credit card,,2023-03-13
txn_2578309,smoothie,3,4.0,12.0,,error,2023-05-05
txn_2064360,coffee,4,2.0,8.0,digital wallet,in-store,2023-08-30
txn_5508573,cake,1,3.0,3.0,,takeaway,2023-12-17
txn_7125392,cookie,4,,4.0,digital wallet,takeaway,2023-07-05
txn_2564219,salad,1,5.0,5.0,digital wallet,takeaway,2023-07-18
txn_1203954,sandwich,1,4.0,4.0,digital wallet,,2023-08-12
txn_4671054,unknown,,5.0,20.0,cash,,2023-06-20
txn_4488222,tea,3,1.5,4.5,digital wallet,takeaway,2023-03-13
txn_3103967,juice,2,3.0,6.0,credit card,error,2023-11-12
txn_9853577,sandwich,2,4.0,8.0,credit card,in-store,2023-04-30
txn_4349597,juice,4,3.0,12.0,credit card,error,2023-08-21
txn_3353214,smoothie,5,4.0,20.0,credit card,,2023-08-12
txn_7122708,sandwich,5,,20.0,,takeaway,2023-06-23
txn_8788437,coffee,1,2.0,2.0,,unknown,2023-11-19
txn_1672443,coffee,1,2.0,2.0,credit card,takeaway,2023-10-03
txn_6277500,coffee,4,2.0,8.0,credit card,takeaway,2023-01-09
txn_6671827,salad,1,5.0,5.0,credit card,takeaway,2023-08-09
txn_4647042,sandwich,5,4.0,20.0,,takeaway,2023-04-25
txn_1183212,juice,4,3.0,12.0,,in-store,2023-06-30
txn_8426712,cookie,3,1.0,3.0,,in-store,2023-05-22
txn_5894676,smoothie,5,4.0,20.0,credit card,takeaway,2023-06-17
txn_1411744,smoothie,4,4.0,16.0,credit card,takeaway,2023-09-17
txn_6610554,coffee,5,2.0,10.0,digital wallet,,2023-10-28
txn_6169248,juice,5,3.0,15.0,credit card,,2023-08-12
txn_1581997,salad,4,5.0,20.0,digital wallet,,2023-08-26
txn_4868913,cake,4,3.0,12.0,cash,,2023-06-30
txn_8277553,tea,3,1.5,4.5,cash,,2023-09-26
txn_4030197,salad,3,5.0,15.0,credit card,takeaway,2023-03-05
txn_7276927,coffee,5,,10.0,cash,takeaway,2023-07-06
txn_3912836,salad,1,5.0,5.0,credit card,in-store,2023-11-23
txn_3833729,smoothie,4,4.0,16.0,digital wallet,in-store,2023-11-13
txn_7054393,coffee,2,2.0,4.0,digital wallet,in-store,2023-05-30
txn_1395083,juice,1,3.0,3.0,cash,in-store,2023-07-08
txn_8784653,smoothie,1,4.0,4.0,cash,in-store,2023-09-12
txn_3943666,juice,4,3.0,12.0,,takeaway,2023-03-15
txn_8308672,salad,2,5.0,10.0,digital wallet,takeaway,2023-01-01
txn_3190959,tea,2,1.5,3.0,credit card,takeaway,2023-12-16
txn_6199016,juice,1,3.0,3.0,digital wallet,,2023-02-14
txn_9301279,smoothie,1,,4.0,credit card,unknown,2023-05-27
txn_8900751,sandwich,1,4.0,,unknown,takeaway,2023-01-30
txn_6542877,juice,1,3.0,3.0,,in-store,2023-12-06
txn_5516804,sandwich,,4.0,20.0,credit card,takeaway,2023-09-26
txn_6345733,coffee,1,2.0,2.0,,in-store,2023-11-26
txn_5834491,tea,3,1.5,4.5,,,2023-08-13
txn_1667192,cake,4,3.0,12.0,unknown,takeaway,2023-07-17
txn_1454730,coffee,5,2.0,10.0,,takeaway,2023-07-21
txn_3243832,cake,2,3.0,6.0,,,2023-08-10
txn_7501717,sandwich,1,4.0,4.0,credit card,,2023-08-03
txn_1351151,smoothie,error,4.0,4.0,credit card,,2023-10-03
txn_6117497,coffee,2,2.0,4.0,digital wallet,in-store,2023-02-13
txn_6018740,smoothie,2,4.0,8.0,digital wallet,takeaway,
txn_3818464,cake,2,3.0,6.0,cash,in-store,2023-03-02
txn_2093816,sandwich,error,4.0,12.0,cash,takeaway,2023-04-06
txn_7694020,cookie,2,,2.0,digital wallet,takeaway,2023-08-06
txn_4215488,salad,5,5.0,25.0,,in-store,2023-10-07
txn_5167425,juice,unknown,3.0,15.0,digital wallet,,2023-08-04
txn_7075261,juice,1,3.0,3.0,,,2023-07-29
txn_2694724,sandwich,2,4.0,8.0,digital wallet,,2023-06-26
txn_8285304,cookie,1,1.0,1.0,cash,,2023-07-09
txn_7415686,sandwich,3,4.0,12.0,credit card,in-store,2023-04-13
txn_8877644,cookie,2,1.0,2.0,,takeaway,2023-09-01
txn_7231548,smoothie,3,4.0,12.0,credit card,in-store,2023-11-06
txn_2879361,juice,3,3.0,9.0,,takeaway,2023-11-22
txn_5956755,sandwich,5,4.0,20.0,digital wallet,takeaway,2023-03-05
txn_6124342,cake,3,3.0,9.0,,takeaway,2023-09-14
txn_3824443,smoothie,3,4.0,12.0,unknown,in-store,2023-10-08
txn_6778177,cookie,4,1.0,4.0,,takeaway,2023-10-12
txn_2634410,smoothie,3,4.0,12.0,,error,2023-07-15
txn_6975750,juice,5,3.0,15.0,,error,2023-01-08
txn_9293417,tea,3,1.5,,digital wallet,takeaway,
txn_7741256,,5,3.0,15.0,digital wallet,takeaway,2023-04-24
txn_3484190,coffee,5,2.0,10.0,digital wallet,,2023-12-27
txn_2621008,unknown,2,1.0,2.0,digital wallet,takeaway,2023-10-21
txn_5429861,cake,1,3.0,3.0,digital wallet,,2023-03-20
txn_2828596,coffee,,2.0,4.0,,,2023-11-25
txn_6348290,error,4,2.0,8.0,,in-store,2023-01-24
txn_9813943,salad,2,5.0,10.0,cash,,2023-04-06
txn_2364171,juice,4,3.0,12.0,cash,,2023-05-18
txn_8002886,coffee,5,2.0,10.0,digital wallet,takeaway,2023-05-28
txn_9956671,cake,3,,9.0,credit card,,2023-05-05
txn_7694491,salad,3,5.0,15.0,cash,in-store,2023-09-01
txn_7517996,cake,2,3.0,6.0,cash,error,2023-10-22
txn_1655827,cake,1,3.0,3.0,,in-store,2023-09-06
txn_6047026,smoothie,2,4.0,8.0,error,unknown,2023-03-24
txn_4225300,sandwich,1,4.0,4.0,cash,takeaway,
txn_2764962,tea,2,1.5,3.0,credit card,takeaway,2023-08-13
txn_5396727,juice,2,,6.0,credit card,takeaway,2023-10-13
txn_5198827,tea,5,1.5,7.5,,,2023-02-15
txn_8023817,juice,4,3.0,12.0,,takeaway,2023-05-08
txn_3413185,cake,error,3.0,12.0,credit card,in-store,2023-03-03
txn_9783452,juice,3,3.0,9.0,cash,unknown,2023-04-11
txn_4171507,tea,1,1.5,1.5,,in-store,2023-10-26
txn_1491299,juice,2,3.0,6.0,credit card,in-store,2023-02-27
txn_4187327,tea,2,1.5,3.0,,takeaway,2023-04-01
txn_3277379,salad,2,5.0,10.0,credit card,takeaway,2023-01-06
txn_2568101,salad,5,5.0,25.0,cash,takeaway,2023-08-03
txn_3247340,tea,3,1.5,4.5,cash,takeaway,2023-12-25
txn_7797321,sandwich,5,4.0,20.0,,,2023-11-26
txn_7512574,tea,1,1.5,1.5,,takeaway,
txn_3044825,error,1,1.5,1.5,credit card,in-store,2023-08-14
txn_9019429,smoothie,2,4.0,8.0,digital wallet,,2023-05-11
txn_9744862,juice,4,3.0,,cash,in-store,2023-09-19
txn_6365371,unknown,2,4.0,,credit card,,2023-06-16
txn_4543880,salad,3,5.0,15.0,cash,,2023-07-18
txn_4064245,juice,3,3.0,9.0,credit card,takeaway,2023-02-20
txn_8777692,coffee,4,2.0,8.0,credit card,in-store,2023-12-06
txn_9126502,smoothie,5,4.0,20.0,credit card,,2023-09-22
txn_6626427,cookie,4,1.0,4.0,digital wallet,in-store,2023-02-13
txn_4507755,cake,2,3.0,6.0,digital wallet,,2023-05-10
txn_3928766,juice,5,3.0,15.0,,takeaway,2023-01-14
txn_9104535,cake,4,3.0,,,,2023-04-13
txn_4914535,error,2,1.0,2.0,cash,unknown,
txn_4824773,salad,5,5.0,25.0,cash,takeaway,2023-06-06
txn_9981953,,3,4.0,12.0,,,2023-02-03
txn_6627338,juice,5,3.0,15.0,,takeaway,2023-12-03
txn_3555821,sandwich,3,4.0,12.0,,in-store,2023-07-12
txn_1372991,coffee,4,2.0,8.0,,in-store,2023-11-17
txn_6364938,coffee,3,,6.0,digital wallet,in-store,2023-07-16
txn_3040823,smoothie,1,4.0,4.0,,in-store,2023-10-06
txn_6755757,unknown,4,4.0,16.0,credit card,in-store,2023-04-05
txn_4563646,juice,5,3.0,15.0,cash,takeaway,2023-10-10
txn_3596456,coffee,3,2.0,6.0,digital wallet,takeaway,
txn_2130415,,,2.0,2.0,digital wallet,takeaway,2023-12-08
txn_9617421,tea,1,1.5,,,in-store,2023-08-21
txn_1738607,juice,2,3.0,6.0,credit card,in-store,2023-01-17
txn_3832513,salad,1,5.0,5.0,,takeaway,2023-02-13
txn_4128086,tea,4,1.5,6.0,,,2023-05-29
txn_3927733,salad,5,5.0,25.0,credit card,takeaway,2023-01-20
txn_2518917,cookie,1,1.0,1.0,unknown,in-store,2023-05-21
txn_9489176,juice,5,3.0,15.0,digital wallet,in-store,2023-01-10
txn_2004781,sandwich,5,,20.0,,takeaway,2023-04-20
txn_3061266,cookie,4,1.0,4.0,credit card,in-store,2023-12-06
txn_2036482,cake,1,3.0,3.0,cash,,2023-06-04
txn_7217284,salad,3,5.0,15.0,cash,in-store,2023-12-29
txn_5055872,sandwich,,4.0,12.0,credit card,,2023-02-05
txn_1386024,cake,4,3.0,12.0,credit card,,2023-05-21
txn_8397155,salad,4,5.0,20.0,credit card,takeaway,2023-08-16
txn_9491244,error,5,3.0,15.0,,,2023-04-19
txn_4301188,smoothie,4,4.0,16.0,credit card,in-store,2023-12-23
txn_4522012,coffee,2,2.0,,,in-store,2023-04-13
txn_4650044,cookie,4,1.0,4.0,cash,,2023-06-21
txn_5721215,tea,2,1.5,3.0,,takeaway,2023-05-17
txn_7865220,smoothie,1,4.0,4.0,credit card,takeaway,2023-06-28
txn_1869147,smoothie,4,4.0,16.0,digital wallet,,2023-11-21
txn_3377885,sandwich,3,4.0,12.0,cash,,2023-05-08
txn_9270865,smoothie,2,4.0,8.0,credit card,takeaway,2023-11-06
txn_7373126,smoothie,2,4.0,8.0,credit card,,2023-11-18
txn_8097899,coffee,4,2.0,8.0,digital wallet,unknown,2023-09-05
txn_6131415,unknown,5,1.5,7.5,digital wallet,unknown,2023-11-24
txn_1248436,cake,4,3.0,12.0,credit card,takeaway,2023-08-14
txn_1718733,unknown,3,2.0,6.0,cash,,2023-05-31
txn_9063887,cake,5,3.0,15.0,error,takeaway,2023-07-15
txn_5932169,salad,5,,25.0,credit card,error,2023-11-06
txn_6064282,smoothie,4,4.0,16.0,credit card,,2023-10-18
txn_9309509,tea,5,,7.5,,,2023-11-15
txn_5413274,smoothie,5,4.0,20.0,credit card,in-store,2023-02-10
txn_5902629,cookie,3,1.0,3.0,cash,takeaway,2023-01-26
txn_2461859,sandwich,2,4.0,8.0,digital wallet,error,2023-09-23
txn_6629689,sandwich,2,4.0,8.0,credit card,in-store,2023-05-29
txn_2806206,sandwich,3,4.0,12.0,cash,,2023-01-25
txn_8900579,sandwich,3,4.0,12.0,credit card,,2023-11-01
txn_5406758,error,5,5.0,25.0,,takeaway,2023-07-06
txn_2982163,coffee,4,2.0,,,,2023-03-22
txn_3225132,sandwich,3,4.0,12.0,credit card,,2023-06-26
txn_6522252,tea,2,1.5,3.0,digital wallet,,2023-01-14
txn_5855981,juice,2,3.0,6.0,cash,,2023-11-09
txn_4802389,cake,2,3.0,6.0,,,2023-12-14
txn_7516790,cake,2,3.0,6.0,error,,2023-01-08
txn_2631671,cookie,1,1.0,,credit card,,
txn_2345373,tea,3,1.5,4.5,credit card,takeaway,2023-02-20
txn_9372046,unknown,3,2.0,6.0,credit card,in-store,2023-04-10
txn_9402270,coffee,3,2.0,6.0,,in-store,2023-02-09
txn_9306229,smoothie,2,4.0,8.0,,,2023-09-08
txn_5379179,cookie,2,1.0,2.0,digital wallet,,2023-07-08
txn_1996318,cake,5,3.0,,digital wallet,,2023-09-04
txn_2135613,smoothie,3,4.0,12.0,digital wallet,,2023-04-06
txn_1461246,smoothie,1,4.0,4.0,,,2023-06-01
txn_2452624,juice,1,3.0,3.0,cash,,2023-11-10
txn_1108663,juice,3,3.0,9.0,cash,takeaway,2023-08-16
txn_5319247,sandwich,5,4.0,20.0,,in-store,2023-03-02
txn_3599473,coffee,2,2.0,,cash,,2023-08-29
txn_4959129,,2,3.0,6.0,credit card,in-store,2023-06-24
txn_5591145,sandwich,3,4.0,12.0,,takeaway,2023-08-22
txn_9587015,salad,3,5.0,15.0,digital wallet,in-store,2023-06-25
txn_7997641,smoothie,2,4.0,8.0,error,in-store,2023-12-20
txn_7943598,unknown,4,4.0,16.0,credit card,,
txn_6845472,smoothie,5,4.0,20.0,digital wallet,,2023-12-11
txn_2861396,salad,5,5.0,25.0,credit card,unknown,2023-01-04
txn_6915899,salad,3,5.0,15.0,credit card,in-store,2023-05-29
txn_6211466,,2,1.5,3.0,cash,in-store,2023-09-12
txn_3200203,error,2,,8.0,,unknown,2023-12-04
txn_5198524,cake,1,3.0,3.0,credit card,in-store,2023-06-14
txn_8498613,sandwich,2,,,,,2023-11-08
txn_3432879,cake,5,3.0,15.0,credit card,,2023-02-05
txn_6786340,coffee,5,2.0,10.0,digital wallet,takeaway,2023-04-18
txn_8689246,sandwich,5,4.0,20.0,credit card,in-store,2023-05-16
txn_4536553,tea,2,1.5,3.0,cash,,2023-08-17
txn_9036067,cookie,5,1.0,5.0,credit card,,2023-10-06
txn_4201578,salad,5,5.0,25.0,,in-store,2023-01-23
txn_1249069,coffee,2,2.0,4.0,,error,2023-01-22
txn_4068183,smoothie,4,4.0,16.0,digital wallet,,2023-08-01
txn_7206160,sandwich,error,4.0,8.0,,,2023-09-07
txn_7903841,unknown,2,3.0,6.0,digital wallet,,2023-06-24
txn_8936663,cookie,4,1.0,4.0,credit card,,2023-11-12
txn_7771434,coffee,4,2.0,8.0,credit card,,2023-03-26
txn_6087494,juice,5,3.0,15.0,credit card,,2023-07-05
txn_2252121,smoothie,3,4.0,12.0,error,error,2023-02-01
txn_5358805,coffee,5,2.0,10.0,digital wallet,error,2023-01-01
txn_2490759,smoothie,3,4.0,12.0,cash,,2023-11-19
txn_2605566,cake,2,,6.0,,,2023-12-01
txn_6691781,coffee,4,2.0,8.0,credit card,unknown,2023-09-07
txn_1730850,juice,2,3.0,6.0,cash,takeaway,2023-12-15
txn_7051359,coffee,5,2.0,10.0,unknown,,2023-10-30
txn_2202863,salad,5,5.0,25.0,,,2023-07-28
txn_7145672,sandwich,1,4.0,4.0,credit card,,2023-10-11
txn_5974123,sandwich,2,4.0,8.0,digital wallet,unknown,2023-06-25
txn_9833245,cookie,1,1.0,1.0,digital wallet,takeaway,2023-04-30
txn_1515059,error,4,3.0,12.0,,in-store,2023-10-25
txn_9690114,coffee,,2.0,4.0,credit card,takeaway,2023-12-01
txn_7944534,tea,2,,3.0,digital wallet,in-store,2023-10-13
txn_6337312,salad,1,5.0,5.0,,in-store,2023-01-11
txn_5239202,cake,1,3.0,3.0,,,2023-09-14
txn_1512184,coffee,3,2.0,6.0,,takeaway,2023-01-28
txn_9864212,smoothie,5,4.0,20.0,,error,
txn_6811368,coffee,4,2.0,8.0,,takeaway,2023-02-18
txn_3854036,juice,3,,9.0,cash,,2023-11-07
txn_3873656,coffee,3,2.0,6.0,,takeaway,2023-09-30
txn_8792638,tea,3,1.5,4.5,credit card,takeaway,2023-07-02
txn_7397665,salad,5,,25.0,credit card,takeaway,2023-11-11
txn_3493951,smoothie,5,4.0,20.0,cash,takeaway,2023-08-20
txn_1480967,tea,2,1.5,3.0,cash,takeaway,
txn_1510315,error,3,2.0,6.0,cash,,2023-02-28
txn_7763592,smoothie,1,4.0,4.0,,in-store,2023-02-17
txn_9710307,error,error,1.5,3.0,unknown,takeaway,2023-01-24
txn_1860406,coffee,2,2.0,4.0,,takeaway,2023-06-17
txn_1663257,juice,3,3.0,9.0,credit card,error,2023-04-23
txn_2743696,cookie,1,1.0,1.0,,,2023-04-28
txn_7640700,juice,2,3.0,6.0,error,,2023-01-15
txn_3227186,salad,2,5.0,10.0,digital wallet,,2023-05-05
txn_7917193,cookie,3,1.0,3.0,cash,error,2023-05-18
txn_2490435,cookie,1,1.0,1.0,,,2023-03-13
txn_4698656,smoothie,4,4.0,16.0,,,2023-12-07
txn_3507334,juice,4,3.0,12.0,unknown,,2023-05-05
txn_5255023,error,2,4.0,8.0,credit card,in-store,2023-11-15
txn_8669012,unknown,3,1.5,,digital wallet,,2023-07-26
txn_1299959,smoothie,5,4.0,20.0,cash,,2023-06-23
txn_3680047,salad,5,5.0,25.0,,,2023-07-16
txn_8379880,juice,unknown,3.0,9.0,,takeaway,2023-05-24
txn_4801832,salad,2,5.0,10.0,,takeaway,2023-08-05
txn_3425783,juice,2,3.0,6.0,,,2023-06-15
txn_4099487,error,5,4.0,20.0,digital wallet,,2023-01-25
txn_8878830,coffee,4,2.0,8.0,credit card,takeaway,2023-10-11
txn_7524977,unknown,4,,,error,,2023-12-09
txn_8295101,tea,4,1.5,6.0,,,2023-10-23
txn_3303114,salad,4,5.0,20.0,credit card,in-store,2023-06-18
txn_2106437,tea,1,1.5,1.5,cash,takeaway,2023-08-01
txn_2291713,salad,4,5.0,20.0,cash,in-store,2023-08-06
txn_7552449,cake,3,3.0,9.0,cash,error,2023-05-26
txn_9021000,coffee,3,2.0,6.0,,,2023-01-20
txn_4205369,salad,5,5.0,25.0,,takeaway,2023-07-16
txn_4551806,tea,1,1.5,1.5,error,,2023-01-09
txn_5313211,smoothie,5,4.0,20.0,credit card,error,2023-05-04
txn_2282283,cookie,2,1.0,2.0,digital wallet,,2023-02-23
txn_3193321,smoothie,3,4.0,12.0,error,takeaway,2023-08-15
txn_7211769,juice,1,3.0,3.0,credit card,unknown,2023-09-11
txn_6643951,unknown,1,4.0,4.0,credit card,in-store,2023-01-07
txn_1653570,coffee,5,2.0,10.0,unknown,takeaway,2023-10-10
txn_3722720,salad,2,5.0,10.0,,in-store,2023-06-27
txn_7624646,smoothie,2,4.0,8.0,,,2023-03-24
txn_6725579,tea,2,1.5,3.0,credit card,takeaway,2023-02-21
txn_4015101,sandwich,1,4.0,4.0,credit card,,2023-01-18
txn_6037712,salad,,5.0,15.0,credit card,in-store,2023-08-10
txn_6845225,tea,4,1.5,6.0,credit card,takeaway,2023-02-21
txn_5214219,salad,4,5.0,20.0,credit card,,2023-03-22
txn_3388054,coffee,5,2.0,10.0,cash,,2023-11-13
txn_5817991,smoothie,4,4.0,16.0,cash,,2023-05-24
txn_2916247,salad,3,,15.0,,in-store,2023-09-03
txn_9798525,coffee,2,2.0,4.0,digital wallet,takeaway,2023-11-05
txn_4974012,sandwich,5,,20.0,cash,takeaway,2023-05-17
txn_7644000,cake,2,3.0,6.0,,takeaway,2023-02-07
txn_1482123,coffee,1,2.0,2.0,cash,in-store,2023-06-17
txn_5622313,salad,2,5.0,10.0,credit card,in-store,2023-01-07
txn_5737831,juice,4,,12.0,error,takeaway,2023-05-15
txn_3446033,cookie,3,1.0,3.0,credit card,,2023-02-15
txn_6249754,smoothie,1,4.0,4.0,credit card,takeaway,2023-10-21
txn_9729280,tea,3,1.5,4.5,credit card,in-store,2023-11-06
txn_9551638,salad,3,5.0,15.0,cash,,2023-06-25
txn_5158607,smoothie,4,,16.0,credit card,,2023-03-24
txn_1045022,sandwich,4,4.0,16.0,credit card,takeaway,2023-10-13
txn_5818032,unknown,1,1.0,1.0,error,,2023-04-19
txn_5404249,error,1,4.0,4.0,,error,2023-10-04
txn_5484423,,2,2.0,4.0,,,2023-08-26
txn_4598397,coffee,4,2.0,8.0,cash,takeaway,2023-09-13
txn_3849488,salad,unknown,,5.0,,in-store,2023-03-01
txn_9186913,cookie,2,1.0,2.0,credit card,takeaway,2023-10-16
txn_9507002,smoothie,1,4.0,4.0,cash,takeaway,2023-05-08
txn_4423218,cookie,3,1.0,3.0,cash,in-store,2023-05-29
txn_4851339,sandwich,1,4.0,4.0,digital wallet,takeaway,2023-02-01
txn_3274105,cookie,5,1.0,5.0,credit card,takeaway,2023-07-28
txn_2810280,smoothie,1,4.0,4.0,digital wallet,takeaway,2023-06-25
txn_9901424,cookie,3,1.0,3.0,digital wallet,,2023-05-30
txn_3880417,cookie,1,1.0,1.0,,in-store,2023-06-27
txn_3756680,tea,2,1.5,3.0,credit card,error,2023-08-30
txn_2334523,coffee,,2.0,10.0,digital wallet,takeaway,2023-08-17
txn_8611913,tea,5,1.5,7.5,digital wallet,in-store,2023-07-16
txn_7387701,coffee,1,2.0,2.0,cash,takeaway,
txn_9904091,salad,4,5.0,20.0,,,2023-05-20
txn_4953063,tea,5,,7.5,credit card,unknown,
txn_5908857,smoothie,5,4.0,20.0,,in-store,2023-06-04
txn_4411172,smoothie,4,4.0,16.0,cash,,2023-07-09
txn_6841805,cake,2,3.0,6.0,,,2023-02-14
txn_7800236,salad,3,5.0,15.0,digital wallet,unknown,2023-07-19
txn_2413026,coffee,1,,2.0,,takeaway,2023-04-26
txn_9947479,smoothie,5,4.0,20.0,cash,takeaway,2023-09-27
txn_6403859,sandwich,5,4.0,20.0,credit card,in-store,2023-03-06
txn_6828371,smoothie,4,4.0,16.0,,,2023-10-20
txn_8335965,tea,5,1.5,7.5,credit card,,2023-03-21
txn_9747008,tea,4,1.5,6.0,cash,takeaway,
txn_9703722,sandwich,5,4.0,20.0,digital wallet,takeaway,2023-01-11
txn_6259001,tea,4,1.5,,digital wallet,in-store,2023-01-30
txn_6119081,coffee,2,2.0,4.0,cash,in-store,2023-09-27
txn_4811887,cake,2,3.0,6.0,cash,in-store,2023-02-11
txn_9587814,juice,3,3.0,9.0,cash,in-store,2023-01-25
txn_7682605,tea,5,1.5,7.5,digital wallet,unknown,2023-10-19
txn_4690415,sandwich,2,,8.0,digital wallet,,
txn_7946450,smoothie,1,,4.0,credit card,in-store,2023-07-15
txn_2611393,smoothie,3,4.0,12.0,,unknown,2023-04-25
txn_2122597,cake,3,3.0,9.0,credit card,,2023-05-11
txn_7510217,tea,error,1.5,7.5,credit card,in-store,2023-10-24
txn_3267783,cake,3,3.0,9.0,,in-store,2023-10-30
txn_7852397,tea,3,1.5,4.5,cash,in-store,2023-08-10
txn_8459594,sandwich,1,4.0,4.0,credit card,error,2023-11-07
txn_9190969,coffee,1,2.0,2.0,,in-store,2023-10-06
txn_2982995,salad,1,5.0,5.0,credit card,takeaway,2023-04-06
txn_9181144,,3,3.0,,,takeaway,2023-10-25
txn_6490609,salad,4,5.0,,,in-store,2023-03-03
txn_9938260,smoothie,4,4.0,16.0,,in-store,2023-03-03
txn_5486398,cookie,4,1.0,4.0,cash,,2023-05-13
txn_5875661,sandwich,3,4.0,,credit card,,2023-08-12
txn_2555823,cake,4,3.0,12.0,digital wallet,,2023-06-21
txn_4223265,cake,5,3.0,15.0,digital wallet,in-store,2023-06-06
txn_3390072,tea,1,1.5,1.5,credit card,,2023-05-03
txn_6491662,coffee,2,2.0,4.0,digital wallet,takeaway,2023-10-06
txn_1248167,unknown,1,4.0,4.0,cash,,2023-03-05
txn_9500986,cookie,2,1.0,2.0,digital wallet,takeaway,2023-05-10
txn_2147453,,4,1.0,4.0,credit card,error,2023-04-27
txn_9137801,,5,4.0,20.0,credit card,in-store,2023-06-10
txn_4892303,sandwich,4,4.0,16.0,,error,2023-07-16
txn_5985451,sandwich,2,4.0,8.0,,,2023-07-24
txn_6092344,cookie,5,1.0,5.0,credit card,takeaway,2023-12-04
txn_1218016,tea,3,1.5,4.5,digital wallet,,2023-11-26
txn_8110646,,2,3.0,6.0,credit card,takeaway,2023-06-07
txn_1221777,coffee,3,2.0,6.0,error,in-store,2023-01-29
txn_3691087,cookie,4,1.0,4.0,,,2023-07-11
txn_5571026,,1,5.0,5.0,cash,takeaway,2023-09-08
txn_6336973,coffee,4,2.0,8.0,digital wallet,takeaway,2023-03-21
txn_5609260,cookie,5,1.0,5.0,digital wallet,in-store,2023-05-02
txn_4242676,coffee,5,2.0,,credit card,takeaway,2023-11-26
txn_6835777,juice,5,3.0,15.0,digital wallet,,2023-05-11
txn_6097706,sandwich,4,,16.0,cash,takeaway,2023-02-15
txn_5496581,juice,1,3.0,3.0,credit card,,2023-08-11
txn_2897468,salad,2,5.0,10.0,cash,,2023-10-10
txn_3260087,salad,5,5.0,25.0,,,2023-04-20
txn_2047672,sandwich,1,4.0,4.0,credit card,in-store,2023-01-25
txn_6893490,coffee,3,2.0,6.0,credit card,takeaway,2023-03-17
txn_3743336,salad,2,5.0,10.0,digital wallet,,2023-02-21
txn_6851654,salad,1,5.0,5.0,digital wallet,takeaway,2023-01-25
txn_8510511,coffee,4,2.0,8.0,,,2023-10-06
txn_2092306,juice,4,3.0,,error,in-store,2023-04-01
txn_7345190,smoothie,4,4.0,16.0,digital wallet,error,2023-02-20
txn_6647319,juice,5,3.0,15.0,credit card,,2023-10-23
txn_5889912,salad,1,5.0,5.0,cash,in-store,2023-09-26
txn_4483304,smoothie,4,4.0,,credit card,takeaway,2023-11-08
txn_3720223,cake,4,3.0,12.0,cash,takeaway,2023-10-22
txn_4506778,cake,3,3.0,9.0,digital wallet,,2023-04-21
txn_8226226,sandwich,1,4.0,4.0,,in-store,2023-07-30
txn_9723120,tea,5,1.5,7.5,credit card,unknown,2023-01-26
txn_2726676,coffee,3,2.0,6.0,digital wallet,in-store,2023-08-10
txn_4011694,,1,2.0,2.0,credit card,in-store,2023-09-02
txn_3327212,tea,2,1.5,3.0,credit card,,2023-12-20
txn_3558795,smoothie,1,4.0,4.0,cash,in-store,2023-05-30
txn_9989242,sandwich,4,4.0,16.0,,,2023-09-12
txn_2035772,cookie,2,,2.0,cash,,2023-01-17
txn_2711627,smoothie,5,4.0,20.0,cash,error,2023-11-09
txn_2804828,cake,3,3.0,9.0,cash,,2023-02-25
txn_3869958,cake,1,3.0,3.0,digital wallet,error,2023-01-11
txn_9684465,cake,5,3.0,15.0,,takeaway,2023-02-15
txn_7570308,tea,4,1.5,6.0,cash,,
txn_6476304,sandwich,2,4.0,8.0,credit card,,2023-03-17
txn_3893927,salad,4,5.0,20.0,,in-store,2023-09-14
txn_5947976,coffee,3,2.0,6.0,,in-store,2023-05-21
txn_4139983,tea,5,1.5,7.5,cash,takeaway,2023-10-16
txn_4571222,cookie,2,1.0,2.0,credit card,unknown,2023-03-21
txn_6484542,salad,5,5.0,25.0,credit card,,2023-05-18
txn_5183630,coffee,4,2.0,8.0,,in-store,2023-02-15
txn_5562799,cookie,5,1.0,5.0,,,2023-10-25
txn_9601220,,3,1.0,,digital wallet,takeaway,2023-04-20
txn_6404625,cake,5,3.0,15.0,credit card,error,2023-04-24
txn_5327102,cookie,2,1.0,2.0,,,2023-07-16
txn_5741619,smoothie,error,4.0,20.0,cash,,2023-01-02
txn_4452589,tea,unknown,1.5,1.5,unknown,takeaway,2023-08-22
txn_6540284,juice,1,3.0,3.0,,,2023-04-24
txn_9657957,smoothie,unknown,4.0,8.0,,,2023-11-27
txn_3670939,tea,3,1.5,4.5,cash,,2023-07-13
txn_2935871,cookie,4,1.0,4.0,cash,takeaway,2023-07-07
txn_1610204,cake,1,3.0,3.0,,takeaway,2023-02-19
txn_8372268,salad,2,,10.0,,takeaway,2023-06-15
txn_1239021,sandwich,5,,20.0,credit card,unknown,2023-09-15
txn_1863866,smoothie,1,4.0,4.0,cash,,2023-10-03
txn_4630854,tea,1,1.5,1.5,digital wallet,,2023-02-10
txn_6183842,tea,3,1.5,4.5,unknown,unknown,2023-09-15
txn_5355693,smoothie,1,4.0,4.0,,,2023-12-03
txn_8284910,smoothie,1,4.0,4.0,cash,in-store,2023-07-19
txn_4408913,salad,2,5.0,10.0,cash,,2023-08-24
txn_2123573,coffee,5,2.0,10.0,digital wallet,takeaway,2023-01-09
txn_8036176,cookie,4,1.0,4.0,credit card,takeaway,2023-06-20
txn_9107676,sandwich,unknown,4.0,8.0,cash,unknown,2023-02-12
txn_2490185,salad,4,5.0,20.0,credit card,in-store,2023-12-18
txn_6295420,juice,1,3.0,3.0,digital wallet,takeaway,2023-09-27
txn_1542042,cake,4,3.0,12.0,credit card,takeaway,2023-07-26
txn_7716125,cookie,2,1.0,2.0,digital wallet,,2023-05-17
txn_6579109,juice,1,3.0,3.0,credit card,takeaway,2023-02-22
txn_5577030,cookie,4,1.0,4.0,digital wallet,takeaway,2023-02-15
txn_3910230,sandwich,5,4.0,20.0,cash,takeaway,2023-01-05
txn_8031804,coffee,4,2.0,8.0,credit card,,2023-07-01
txn_6928775,,2,1.0,2.0,cash,in-store,2023-03-25
txn_6755107,smoothie,2,4.0,8.0,digital wallet,,2023-11-14
txn_5153899,tea,3,1.5,4.5,,takeaway,2023-03-01
txn_5632156,sandwich,4,4.0,16.0,digital wallet,,2023-08-02
txn_9861782,sandwich,4,4.0,16.0,credit card,in-store,2023-07-15
txn_8861275,smoothie,2,4.0,8.0,,in-store,2023-10-31
txn_8961155,cake,5,3.0,,cash,takeaway,2023-09-06
txn_6112765,coffee,2,2.0,4.0,credit card,takeaway,2023-07-21
txn_7090563,smoothie,3,4.0,12.0,,in-store,2023-08-17
txn_9737090,sandwich,3,4.0,12.0,,in-store,2023-06-01
txn_2847831,coffee,1,2.0,2.0,cash,in-store,2023-02-19
txn_3385167,tea,3,1.5,4.5,cash,in-store,2023-04-26
txn_1938071,sandwich,4,4.0,16.0,credit card,in-store,2023-12-25
txn_8774692,tea,5,1.5,7.5,digital wallet,,2023-07-12
txn_4887268,salad,1,5.0,5.0,credit card,in-store,2023-10-16
txn_9506372,cake,4,3.0,12.0,,,2023-11-06
txn_6651961,salad,4,5.0,20.0,credit card,in-store,2023-02-08
txn_2537138,cake,3,3.0,9.0,,unknown,2023-10-24
txn_2015313,salad,5,5.0,25.0,cash,,2023-10-18
txn_5604797,coffee,1,2.0,2.0,cash,in-store,2023-10-13
txn_6303383,cake,4,3.0,12.0,digital wallet,in-store,2023-09-22
txn_5203710,,error,5.0,20.0,digital wallet,,2023-04-22
txn_7059722,sandwich,5,4.0,20.0,digital wallet,in-store,
txn_5403707,smoothie,3,4.0,12.0,cash,in-store,2023-03-20
txn_4084052,juice,2,3.0,6.0,digital wallet,in-store,2023-06-30
txn_3843541,,3,5.0,15.0,credit card,in-store,2023-03-06
txn_4000025,tea,5,,7.5,unknown,takeaway,2023-06-12
txn_7113656,juice,2,3.0,6.0,credit card,takeaway,2023-01-22
txn_6039235,juice,2,3.0,6.0,digital wallet,,2023-06-25
txn_6621756,cookie,1,1.0,1.0,,,2023-11-14
txn_3923847,cake,2,3.0,6.0,credit card,,2023-09-12
txn_3226989,salad,1,5.0,5.0,credit card,takeaway,2023-04-17
txn_1523567,salad,3,5.0,,digital wallet,takeaway,2023-11-22
txn_8751289,tea,2,1.5,3.0,cash,in-store,2023-09-10
txn_9996195,juice,5,3.0,15.0,digital wallet,in-store,2023-03-16
txn_2151688,cake,5,3.0,15.0,,,2023-09-29
txn_4243591,cake,4,3.0,12.0,credit card,in-store,2023-10-11
txn_4138399,cookie,5,1.0,5.0,credit card,takeaway,2023-07-03
txn_1724233,cookie,5,1.0,5.0,digital wallet,takeaway,2023-02-01
txn_1564506,smoothie,5,4.0,20.0,digital wallet,in-store,2023-02-01
txn_3520982,salad,5,5.0,25.0,,,2023-10-26
txn_6130455,tea,2,1.5,3.0,digital wallet,unknown,
txn_8936591,cookie,5,1.0,5.0,,in-store,2023-03-22
txn_7622389,tea,4,1.5,6.0,digital wallet,in-store,2023-02-26
txn_2896048,tea,4,,6.0,cash,,2023-05-17
txn_2204457,coffee,4,2.0,8.0,cash,takeaway,2023-01-06
txn_1319834,cookie,1,1.0,1.0,,,2023-03-31
txn_9042043,cookie,4,1.0,4.0,cash,takeaway,
txn_7503593,cookie,5,1.0,5.0,digital wallet,takeaway,2023-04-19
txn_4076463,cookie,3,1.0,3.0,digital wallet,,2023-06-25
txn_1901704,salad,5,5.0,25.0,cash,,2023-11-17
txn_5589433,cake,2,3.0,6.0,cash,in-store,2023-03-13
txn_4386732,smoothie,4,4.0,16.0,cash,,2023-08-01
txn_3174336,cookie,unknown,1.0,1.0,,,2023-07-17
txn_4983903,error,5,4.0,20.0,,,2023-09-18
txn_8043642,salad,4,5.0,20.0,cash,in-store,2023-06-12
txn_1223805,juice,3,3.0,9.0,unknown,in-store,2023-07-04
txn_3879110,error,4,1.0,,credit card,takeaway,2023-03-18
txn_9551491,salad,1,5.0,5.0,,,2023-07-13
txn_3033987,cake,4,3.0,12.0,cash,error,2023-03-13
txn_2732570,cookie,3,1.0,3.0,digital wallet,,2023-06-23
txn_9104781,sandwich,2,4.0,8.0,unknown,error,2023-07-03
txn_7876775,coffee,5,2.0,10.0,,takeaway,2023-02-09
txn_7566250,salad,3,5.0,15.0,,takeaway,2023-06-04
txn_3365018,juice,5,3.0,15.0,cash,takeaway,2023-02-06
txn_1487762,tea,3,1.5,4.5,,,2023-02-07
txn_4592205,cookie,3,1.0,3.0,credit card,in-store,2023-12-30
txn_6660755,cookie,2,1.0,2.0,credit card,in-store,2023-05-16
txn_3750900,tea,2,,3.0,credit card,in-store,2023-04-03
txn_3290872,cake,2,3.0,6.0,credit card,in-store,2023-06-13
txn_6378158,salad,5,,25.0,credit card,in-store,2023-06-17
txn_8800818,cake,2,3.0,,digital wallet,,2023-09-28
txn_5707386,tea,5,1.5,7.5,,takeaway,2023-06-28
txn_1145592,juice,1,3.0,3.0,credit card,takeaway,2023-09-11
txn_2670487,coffee,3,2.0,6.0,digital wallet,,2023-10-20
txn_9485101,cookie,2,1.0,2.0,cash,takeaway,2023-11-01
txn_9667219,juice,4,3.0,12.0,cash,in-store,2023-10-09
txn_3119835,tea,2,1.5,3.0,digital wallet,in-store,2023-03-01
txn_2454046,juice,2,3.0,6.0,,takeaway,
txn_7014091,coffee,5,2.0,10.0,cash,in-store,2023-11-26
txn_7107807,cookie,1,1.0,1.0,digital wallet,,2023-11-01
txn_5698925,juice,2,3.0,6.0,,in-store,2023-04-08
txn_6662213,sandwich,4,4.0,16.0,digital wallet,,2023-01-18
txn_1336900,coffee,5,2.0,10.0,credit card,error,2023-01-16
txn_2250785,cake,1,3.0,3.0,cash,,2023-03-19
txn_8122340,coffee,4,2.0,,credit card,,2023-06-09
txn_9911498,coffee,4,2.0,8.0,cash,in-store,2023-03-27
txn_4130861,salad,2,5.0,10.0,credit card,unknown,
txn_3741325,sandwich,5,4.0,20.0,digital wallet,,2023-07-04
txn_8658970,salad,3,5.0,15.0,credit card,,2023-09-03
txn_2887971,smoothie,2,4.0,8.0,digital wallet,unknown,2023-06-26
txn_9865855,coffee,3,2.0,6.0,digital wallet,takeaway,2023-04-18
txn_2217295,juice,4,,12.0,credit card,in-store,2023-11-22
txn_8913492,sandwich,4,4.0,16.0,credit card,in-store,2023-12-25
txn_5625086,sandwich,1,4.0,4.0,credit card,in-store,2023-06-17
txn_2690222,error,4,3.0,12.0,,,2023-01-01
txn_5767429,cake,2,3.0,6.0,unknown,unknown,2023-03-19
txn_5910541,cake,error,3.0,15.0,cash,in-store,2023-09-08
txn_4435352,salad,2,5.0,10.0,credit card,,2023-05-03
txn_1009421,cookie,4,1.0,4.0,cash,takeaway,2023-02-21
txn_5369243,smoothie,4,4.0,16.0,cash,takeaway,2023-11-16
txn_2939667,,1,3.0,3.0,,in-store,2023-12-21
txn_5734395,sandwich,unknown,4.0,20.0,cash,takeaway,2023-05-17
txn_2966262,tea,error,1.5,4.5,cash,,2023-11-19
txn_7293241,error,1,2.0,2.0,digital wallet,,2023-08-27
txn_1827212,sandwich,5,4.0,20.0,error,,2023-12-22
txn_4809548,smoothie,3,4.0,12.0,,takeaway,2023-11-04
txn_2224935,coffee,1,2.0,2.0,digital wallet,,2023-04-15
txn_7580441,coffee,1,,2.0,cash,,2023-08-09
txn_4897993,sandwich,4,,16.0,,in-store,2023-12-07
txn_9522045,coffee,3,2.0,6.0,,,2023-05-30
txn_6128966,sandwich,3,4.0,12.0,,,2023-12-18
txn_5475746,cake,3,3.0,9.0,credit card,in-store,2023-08-20
txn_6071339,coffee,5,2.0,10.0,cash,takeaway,2023-10-17
txn_9540864,cookie,2,1.0,2.0,digital wallet,takeaway,2023-08-07
txn_6389404,juice,5,3.0,15.0,digital wallet,in-store,2023-11-20
txn_8724474,error,5,5.0,25.0,cash,,2023-08-04
txn_8199524,cake,5,3.0,15.0,cash,error,2023-12-01
txn_1212652,juice,3,3.0,9.0,credit card,unknown,2023-01-30
txn_1799247,coffee,3,2.0,6.0,,,2023-01-25
txn_5745054,smoothie,1,4.0,4.0,credit card,,2023-01-26
txn_4328090,,error,4.0,4.0,digital wallet,in-store,2023-04-18
txn_3499226,juice,1,3.0,3.0,credit card,takeaway,2023-09-08
txn_1259340,tea,3,,,digital wallet,,2023-02-24
txn_3893480,cookie,3,1.0,3.0,,,2023-12-24
txn_2614271,unknown,2,4.0,8.0,digital wallet,error,2023-08-03
txn_8295765,cake,4,3.0,12.0,,takeaway,2023-04-05
txn_1324760,tea,4,1.5,6.0,cash,in-store,2023-01-18
txn_8292441,salad,1,5.0,5.0,cash,takeaway,2023-09-15
txn_6663486,coffee,3,2.0,6.0,,,2023-11-02
txn_9423451,coffee,1,,2.0,,,2023-10-22
txn_3792125,salad,5,5.0,25.0,credit card,in-store,2023-08-25
txn_7021504,cookie,2,1.0,2.0,unknown,in-store,2023-05-31
txn_8608811,cake,5,3.0,15.0,credit card,takeaway,2023-01-05
txn_4844386,,5,,15.0,credit card,in-store,2023-10-28
txn_4368729,coffee,3,2.0,6.0,digital wallet,in-store,2023-06-11
txn_5072156,tea,3,1.5,4.5,digital wallet,takeaway,2023-07-24
txn_5763520,error,1,5.0,5.0,error,,2023-01-17
txn_4877933,juice,5,3.0,15.0,digital wallet,in-store,2023-01-12
txn_8854384,juice,5,3.0,15.0,cash,takeaway,2023-08-12
txn_3308378,cookie,4,1.0,4.0,digital wallet,,2023-04-28
txn_4355766,cookie,5,1.0,,digital wallet,,2023-11-07
txn_5644235,salad,4,5.0,20.0,cash,in-store,2023-03-25
txn_5331285,sandwich,3,4.0,12.0,digital wallet,,2023-03-12
txn_7620397,cookie,4,1.0,4.0,error,,2023-12-24
txn_1214868,juice,4,,12.0,cash,in-store,2023-07-30
txn_5117595,smoothie,4,4.0,16.0,cash,in-store,2023-02-05
txn_9708144,smoothie,3,4.0,12.0,cash,error,2023-04-18
txn_8266689,,5,,15.0,cash,in-store,2023-12-03
txn_3589166,tea,1,1.5,1.5,,,2023-02-02
txn_3943672,sandwich,4,4.0,16.0,credit card,,2023-10-21
txn_8988279,smoothie,2,4.0,8.0,,in-store,2023-08-08
txn_4269933,smoothie,2,4.0,8.0,,takeaway,2023-03-28
txn_2234460,tea,2,1.5,3.0,,takeaway,2023-08-15
txn_4356564,coffee,2,2.0,4.0,credit card,takeaway,2023-10-05
txn_2223047,unknown,2,2.0,4.0,,takeaway,2023-06-14
txn_9469735,cake,1,3.0,3.0,error,in-store,2023-12-31
txn_6762250,cookie,2,1.0,2.0,digital wallet,takeaway,2023-06-17
txn_8553273,juice,5,3.0,15.0,cash,in-store,2023-01-15
txn_8713971,tea,1,1.5,1.5,cash,,2023-08-26
txn_4076575,smoothie,3,4.0,12.0,,takeaway,2023-01-18
txn_2432379,coffee,1,2.0,2.0,credit card,in-store,2023-10-24
txn_3187634,unknown,5,2.0,10.0,digital wallet,takeaway,2023-09-01
txn_1961943,smoothie,unknown,4.0,12.0,digital wallet,in-store,2023-11-05
txn_5908104,sandwich,2,4.0,8.0,credit card,,2023-05-12
txn_1355212,coffee,2,2.0,4.0,,,2023-05-25
txn_2155393,juice,2,3.0,6.0,digital wallet,in-store,2023-07-12
txn_3485938,unknown,4,5.0,20.0,cash,takeaway,2023-05-28
txn_9449037,coffee,4,2.0,8.0,,takeaway,2023-04-30
txn_3114654,juice,3,3.0,9.0,,in-store,2023-12-01
txn_5837801,salad,1,5.0,,credit card,in-store,2023-01-25
txn_1336470,tea,1,1.5,1.5,cash,,2023-12-22
txn_2544724,cake,5,3.0,15.0,digital wallet,takeaway,2023-12-28
txn_1035504,smoothie,2,4.0,8.0,digital wallet,takeaway,2023-03-30
txn_2576799,juice,1,3.0,3.0,cash,,2023-03-12
txn_4659155,juice,1,3.0,3.0,unknown,,2023-04-13
txn_9781961,coffee,1,2.0,2.0,credit card,in-store,2023-12-01
txn_5313347,cookie,2,1.0,2.0,digital wallet,takeaway,2023-12-10
txn_7926510,salad,4,5.0,20.0,cash,,2023-10-03
txn_3477975,sandwich,error,4.0,16.0,,,2023-02-26
txn_6736084,juice,1,3.0,3.0,,takeaway,2023-04-19
txn_5573731,sandwich,4,4.0,16.0,cash,,2023-01-15
txn_2760327,salad,1,5.0,5.0,error,takeaway,2023-02-16
txn_5540067,tea,4,1.5,6.0,,error,2023-08-24
txn_7585599,cake,1,3.0,3.0,credit card,,2023-01-12
txn_6333241,coffee,error,2.0,4.0,digital wallet,,2023-09-15
txn_1635631,cookie,4,1.0,4.0,credit card,,2023-07-04
txn_8907996,sandwich,4,4.0,16.0,cash,in-store,2023-02-19
txn_3206049,coffee,4,2.0,8.0,,,2023-03-27
txn_4620647,coffee,1,2.0,2.0,digital wallet,unknown,2023-07-15
txn_5348915,juice,1,3.0,3.0,digital wallet,takeaway,2023-07-09
txn_4036214,cake,2,,6.0,credit card,unknown,2023-10-17
txn_6323914,juice,1,3.0,3.0,credit card,in-store,2023-03-19
txn_7804128,sandwich,5,4.0,20.0,digital wallet,in-store,2023-02-12
txn_6228313,error,4,3.0,12.0,,,2023-01-24
txn_2930752,cake,2,3.0,6.0,credit card,,2023-03-04
txn_3477101,cookie,4,1.0,4.0,,takeaway,2023-05-02
txn_2210265,juice,2,3.0,6.0,credit card,takeaway,2023-06-14
txn_5534515,smoothie,1,4.0,4.0,credit card,takeaway,2023-02-09
txn_9561380,sandwich,1,4.0,4.0,digital wallet,takeaway,2023-08-11
txn_3038078,cookie,1,1.0,1.0,credit card,takeaway,2023-04-06
txn_5652473,smoothie,4,4.0,16.0,,,2023-03-19
txn_5222822,salad,1,5.0,5.0,,in-store,2023-11-20
txn_6238191,smoothie,4,4.0,16.0,error,in-store,2023-10-27
txn_1244593,salad,5,5.0,25.0,,in-store,2023-04-11
txn_9749175,cake,1,3.0,3.0,credit card,in-store,2023-09-07
txn_4502314,cookie,3,1.0,3.0,credit card,,2023-06-02
txn_5476846,tea,4,1.5,6.0,credit card,takeaway,
txn_3703964,sandwich,2,4.0,8.0,credit card,takeaway,2023-09-23
txn_1554195,smoothie,2,4.0,8.0,digital wallet,,2023-10-22
txn_1025152,cookie,4,1.0,4.0,,,2023-08-19
txn_3429942,smoothie,3,4.0,,digital wallet,in-store,2023-04-24
txn_2134660,unknown,5,3.0,15.0,credit card,in-store,2023-11-08
txn_8944175,salad,3,5.0,15.0,digital wallet,,2023-11-30
txn_4680399,juice,5,3.0,15.0,digital wallet,,2023-04-07
txn_5328065,cake,5,3.0,15.0,cash,,2023-09-18
txn_9202496,cake,5,3.0,15.0,credit card,in-store,2023-07-19
txn_2914953,cake,2,3.0,6.0,cash,in-store,2023-07-25
txn_6068148,cake,3,3.0,9.0,error,in-store,2023-08-11
txn_1216051,cake,4,3.0,12.0,digital wallet,takeaway,2023-10-28
txn_3943327,juice,1,3.0,3.0,,,2023-05-20
txn_5268025,cookie,5,1.0,,digital wallet,in-store,2023-05-19
txn_9952441,smoothie,1,4.0,,cash,in-store,2023-09-05
txn_7354271,cookie,4,1.0,4.0,unknown,in-store,2023-04-12
txn_3358494,coffee,5,2.0,10.0,digital wallet,takeaway,2023-06-22
txn_2966507,cookie,3,1.0,3.0,error,in-store,2023-04-25
txn_9752586,tea,2,1.5,3.0,digital wallet,,2023-06-14
txn_1324968,cookie,3,1.0,3.0,credit card,in-store,2023-01-05
txn_8424417,smoothie,2,,8.0,,takeaway,2023-10-21
txn_3985920,salad,5,5.0,25.0,digital wallet,in-store,2023-03-29
txn_7335526,sandwich,4,4.0,16.0,cash,in-store,2023-06-03
txn_5989987,smoothie,4,4.0,16.0,cash,,2023-08-02
txn_8132632,tea,3,1.5,4.5,,unknown,2023-07-26
txn_2408294,sandwich,4,4.0,16.0,digital wallet,in-store,2023-12-26
txn_7380756,salad,1,5.0,5.0,digital wallet,takeaway,2023-10-16
txn_1145888,coffee,4,2.0,8.0,,,2023-01-26
txn_3845754,tea,4,1.5,6.0,,takeaway,2023-11-25
txn_1315214,tea,2,1.5,3.0,digital wallet,in-store,2023-11-03
txn_7602467,cookie,1,1.0,1.0,credit card,takeaway,2023-10-17
txn_1672708,salad,4,5.0,20.0,,,2023-04-04
txn_4979250,tea,3,1.5,4.5,cash,in-store,2023-11-01
txn_2809397,salad,2,5.0,10.0,digital wallet,takeaway,2023-09-13
txn_8752130,juice,2,3.0,6.0,credit card,takeaway,2023-10-23
txn_7326075,cookie,1,,1.0,cash,,2023-06-12
txn_9134257,coffee,,2.0,6.0,digital wallet,takeaway,2023-05-19
txn_9944832,coffee,3,2.0,6.0,,,2023-12-25
txn_8329302,juice,unknown,3.0,9.0,,takeaway,
txn_9639317,cake,3,3.0,9.0,cash,,2023-12-28
txn_7707761,tea,3,1.5,4.5,credit card,,2023-03-08
txn_3177517,error,1,1.5,1.5,credit card,in-store,2023-02-22
txn_5353855,,3,4.0,12.0,credit card,takeaway,2023-12-24
txn_3106811,juice,3,3.0,9.0,cash,takeaway,2023-09-27
txn_3475342,juice,3,3.0,9.0,,in-store,2023-04-24
txn_8017663,coffee,2,2.0,4.0,,,2023-05-18
txn_6309965,cake,5,3.0,15.0,digital wallet,takeaway,2023-06-14
txn_7146871,coffee,,2.0,4.0,,,2023-09-20
txn_2661443,juice,2,3.0,6.0,credit card,,2023-06-30
txn_6954434,juice,3,,9.0,cash,takeaway,2023-02-23
txn_3578712,tea,5,,7.5,credit card,,2023-08-15
txn_6131350,sandwich,2,,8.0,credit card,,2023-09-28
txn_9207050,cookie,5,1.0,5.0,digital wallet,in-store,2023-07-21
txn_5351656,tea,1,1.5,1.5,,takeaway,2023-03-02
txn_8905718,tea,5,1.5,7.5,,in-store,2023-09-07
txn_1938148,cake,2,3.0,6.0,credit card,takeaway,2023-06-07
txn_2024598,sandwich,1,4.0,4.0,digital wallet,in-store,2023-01-01
txn_7145872,salad,5,5.0,25.0,digital wallet,takeaway,2023-04-15
txn_8140560,cake,5,3.0,15.0,error,takeaway,2023-06-29
txn_6591756,cookie,5,1.0,5.0,,,2023-03-09
txn_9004306,coffee,4,2.0,8.0,credit card,in-store,2023-05-26
txn_7899686,unknown,1,4.0,4.0,digital wallet,takeaway,2023-09-09
txn_7092761,salad,4,5.0,20.0,unknown,,2023-05-11
txn_6360436,cake,2,3.0,6.0,digital wallet,takeaway,2023-09-13
txn_3295247,coffee,5,2.0,10.0,digital wallet,,2023-08-25
txn_5822344,sandwich,5,4.0,20.0,cash,in-store,2023-09-27
txn_4266069,coffee,1,2.0,2.0,,,2023-12-25
txn_9470768,smoothie,5,4.0,20.0,credit card,,2023-09-27
txn_1540181,tea,3,1.5,4.5,,takeaway,2023-08-17
txn_6688020,salad,5,5.0,25.0,unknown,,2023-09-05
txn_4181147,coffee,4,2.0,8.0,,takeaway,2023-02-18
txn_7211792,tea,3,1.5,4.5,error,takeaway,2023-11-27
txn_6568978,cake,3,3.0,9.0,digital wallet,,2023-03-12
txn_6670607,juice,5,3.0,,,takeaway,2023-01-06
txn_9773606,tea,2,1.5,3.0,cash,takeaway,2023-12-04
txn_9762035,smoothie,1,4.0,4.0,cash,takeaway,2023-08-21
txn_4493661,sandwich,1,4.0,4.0,cash,,2023-07-08
txn_4617139,juice,4,,12.0,,,2023-04-12
txn_5339625,smoothie,5,4.0,20.0,digital wallet,error,2023-06-29
txn_9657636,cake,1,3.0,3.0,cash,takeaway,2023-07-08
txn_1375992,coffee,5,2.0,10.0,credit card,in-store,2023-03-23
txn_2077318,juice,2,3.0,6.0,digital wallet,in-store,2023-08-24
txn_8232653,salad,5,5.0,25.0,cash,,2023-04-21
txn_4624436,sandwich,1,4.0,4.0,,,2023-05-22
txn_6158865,cookie,1,1.0,1.0,digital wallet,,2023-11-27
txn_6148337,cookie,2,1.0,2.0,,in-store,2023-09-27
txn_9096951,smoothie,3,4.0,12.0,cash,takeaway,2023-06-28
txn_7080148,cake,3,3.0,9.0,,,2023-12-30
txn_4275169,salad,1,5.0,5.0,,takeaway,2023-06-27
txn_9005396,juice,4,3.0,12.0,cash,,2023-08-10
txn_2466036,coffee,5,2.0,10.0,,takeaway,2023-08-31
txn_1533790,cake,,3.0,12.0,digital wallet,takeaway,2023-07-21
txn_7090165,sandwich,5,4.0,20.0,digital wallet,in-store,2023-08-30
txn_9533792,cookie,3,1.0,3.0,digital wallet,in-store,2023-09-01
txn_4995910,cake,5,3.0,,error,,2023-03-10
txn_9174916,coffee,3,2.0,6.0,credit card,,2023-06-21
txn_8121601,juice,4,3.0,,error,in-store,2023-07-02
txn_5882077,sandwich,3,4.0,12.0,,takeaway,2023-03-10
txn_3163681,sandwich,2,4.0,8.0,,,2023-05-11
txn_2849719,coffee,5,2.0,10.0,digital wallet,takeaway,2023-06-23
txn_9623460,sandwich,3,4.0,12.0,digital wallet,in-store,2023-01-17
txn_3359704,salad,3,5.0,15.0,digital wallet,in-store,2023-07-23
txn_7093219,smoothie,4,4.0,16.0,credit card,,2023-06-06
txn_2444408,sandwich,2,4.0,8.0,digital wallet,in-store,2023-05-11
txn_2475111,cookie,3,1.0,3.0,,takeaway,2023-03-31
txn_3296152,salad,3,5.0,15.0,credit card,in-store,2023-10-20
txn_5157855,salad,1,5.0,5.0,digital wallet,,2023-08-18
txn_2887411,smoothie,2,4.0,8.0,cash,in-store,2023-01-16
txn_7543369,tea,5,1.5,7.5,digital wallet,takeaway,2023-11-18
txn_9561441,tea,5,1.5,7.5,cash,in-store,2023-11-11
txn_5595584,smoothie,2,4.0,8.0,error,in-store,2023-10-19
txn_1158197,coffee,2,2.0,4.0,,takeaway,2023-05-21
txn_3633955,sandwich,4,4.0,16.0,cash,in-store,2023-09-20
txn_2761949,salad,3,5.0,15.0,credit card,in-store,2023-10-01
txn_4967355,sandwich,2,4.0,8.0,,in-store,2023-04-25
txn_8062897,smoothie,2,4.0,8.0,digital wallet,takeaway,2023-10-02
txn_4831426,juice,4,3.0,12.0,credit card,,2023-02-27
txn_3995843,unknown,3,4.0,,,in-store,2023-12-31
txn_4284492,juice,3,3.0,9.0,,takeaway,2023-05-30
txn_9942634,tea,5,1.5,7.5,,takeaway,2023-01-17
txn_7104682,cookie,5,1.0,5.0,,takeaway,2023-08-31
txn_5745955,smoothie,4,4.0,16.0,credit card,,
txn_6866209,smoothie,5,4.0,20.0,digital wallet,in-store,2023-05-20
txn_7573801,cake,2,3.0,6.0,error,in-store,2023-12-14
txn_9681880,coffee,3,2.0,6.0,cash,in-store,2023-03-21
txn_2559288,salad,4,5.0,20.0,credit card,,2023-12-27
txn_9188692,cake,error,3.0,,credit card,,2023-12-01
txn_2936975,tea,1,1.5,1.5,digital wallet,takeaway,2023-10-05
txn_5027125,salad,3,5.0,15.0,cash,in-store,2023-07-06
txn_7433758,cookie,1,1.0,1.0,cash,,2023-06-09
txn_2092288,coffee,1,2.0,2.0,credit card,takeaway,2023-03-30
txn_5701303,coffee,1,2.0,2.0,digital wallet,takeaway,2023-09-08
txn_7323833,error,3,4.0,,credit card,,2023-04-09
txn_5161371,cake,2,3.0,6.0,credit card,in-store,2023-01-17
txn_6228918,cake,1,3.0,3.0,digital wallet,in-store,
txn_1132566,cake,3,3.0,9.0,cash,,2023-02-27
txn_3713527,cookie,4,1.0,4.0,error,takeaway,2023-03-08
txn_1719440,cookie,5,1.0,5.0,digital wallet,takeaway,2023-07-13
txn_6273703,tea,2,1.5,3.0,credit card,,2023-12-24
txn_2050017,sandwich,4,4.0,16.0,,takeaway,2023-03-24
txn_6797827,sandwich,1,4.0,4.0,credit card,,2023-06-16
txn_6885626,cake,5,3.0,15.0,unknown,in-store,2023-08-06
txn_3729074,salad,3,5.0,15.0,credit card,in-store,2023-04-15
txn_7418962,smoothie,4,4.0,16.0,cash,,2023-03-07
txn_7217537,salad,3,5.0,15.0,cash,in-store,2023-12-19
txn_7904970,tea,error,1.5,3.0,credit card,takeaway,2023-05-23
txn_8845592,sandwich,5,4.0,20.0,credit card,in-store,2023-11-12
txn_2402637,,2,4.0,8.0,,takeaway,2023-06-18
txn_2081985,coffee,2,2.0,4.0,digital wallet,unknown,2023-03-24
txn_5664467,tea,4,1.5,6.0,digital wallet,takeaway,2023-11-06
txn_2275523,tea,4,1.5,6.0,digital wallet,unknown,2023-09-02
txn_7230977,error,5,3.0,15.0,,takeaway,2023-08-24
txn_6451747,salad,4,5.0,20.0,cash,,2023-05-23
txn_2680626,cake,3,3.0,9.0,cash,in-store,2023-01-08
txn_8668840,cake,5,3.0,15.0,digital wallet,,2023-10-03
txn_5390428,juice,2,3.0,6.0,,in-store,2023-11-25
txn_5009367,juice,3,3.0,9.0,credit card,in-store,2023-04-19
txn_5930921,cookie,2,1.0,2.0,digital wallet,takeaway,
txn_3067854,cake,1,3.0,3.0,credit card,,2023-07-08
txn_6401072,smoothie,4,4.0,16.0,cash,takeaway,2023-07-28
txn_6377597,cookie,1,1.0,1.0,unknown,in-store,
txn_6799966,tea,4,1.5,6.0,digital wallet,,2023-03-03
txn_5080934,juice,,3.0,9.0,cash,takeaway,2023-12-10
txn_8684125,salad,2,5.0,10.0,credit card,in-store,2023-03-08
txn_1647077,smoothie,2,4.0,8.0,unknown,,2023-08-19
txn_9769782,smoothie,5,4.0,20.0,cash,takeaway,
txn_8167808,cake,3,3.0,9.0,cash,in-store,2023-02-03
txn_4541998,sandwich,unknown,4.0,4.0,,takeaway,2023-01-13
txn_3369789,sandwich,5,4.0,20.0,,,2023-04-15
txn_7973461,tea,3,1.5,4.5,unknown,in-store,2023-04-11
txn_7753587,cake,1,3.0,3.0,credit card,takeaway,2023-03-28
txn_4490958,coffee,2,2.0,4.0,,,2023-03-30
txn_8715515,error,5,3.0,15.0,credit card,takeaway,2023-07-23
txn_8242126,salad,4,5.0,20.0,digital wallet,in-store,2023-11-20
txn_2972659,tea,3,1.5,4.5,,,2023-12-16
txn_5685028,cake,5,3.0,15.0,digital wallet,takeaway,2023-08-12
txn_9835620,juice,2,3.0,,,,2023-06-09
txn_9245124,tea,4,1.5,6.0,digital wallet,in-store,2023-04-19
txn_8619762,smoothie,4,4.0,16.0,cash,takeaway,2023-08-05
txn_5983031,juice,3,3.0,9.0,digital wallet,in-store,2023-03-09
txn_8730549,smoothie,4,4.0,16.0,,takeaway,2023-02-04
txn_6889867,sandwich,5,4.0,20.0,cash,,2023-03-07
txn_9035484,coffee,2,2.0,4.0,cash,,2023-06-29
txn_2505327,juice,2,3.0,,,,
txn_9972525,coffee,4,2.0,8.0,,,2023-07-31
txn_3315026,juice,5,3.0,15.0,cash,,2023-11-06
txn_3613385,cookie,3,1.0,3.0,,takeaway,2023-05-26
txn_9629541,sandwich,5,4.0,20.0,digital wallet,,2023-12-18
txn_7503640,salad,3,5.0,15.0,digital wallet,,2023-11-04
txn_1135761,error,3,3.0,9.0,digital wallet,,2023-01-30
txn_8558404,salad,error,5.0,20.0,digital wallet,in-store,2023-07-15
txn_8430735,juice,2,3.0,6.0,,,2023-10-25
txn_8279865,juice,1,,3.0,cash,,2023-07-18
txn_5906520,salad,2,5.0,10.0,error,,2023-01-31
txn_8250427,coffee,4,2.0,8.0,credit card,,2023-09-15
txn_9928337,juice,1,3.0,3.0,error,takeaway,2023-11-05
txn_7008306,salad,2,5.0,,unknown,,2023-04-11
txn_5603538,juice,3,3.0,9.0,cash,,2023-02-15
txn_7368648,tea,1,1.5,1.5,digital wallet,in-store,2023-03-09
txn_6220542,juice,3,3.0,9.0,,takeaway,2023-03-24
txn_3299535,coffee,3,2.0,6.0,,takeaway,2023-11-16
txn_1217959,juice,2,3.0,6.0,digital wallet,takeaway,2023-07-28
txn_4390633,tea,2,1.5,3.0,unknown,,2023-10-17
txn_5052998,juice,3,3.0,9.0,credit card,,2023-10-07
txn_5171332,tea,5,1.5,7.5,cash,takeaway,2023-02-05
txn_4798484,juice,3,3.0,9.0,,in-store,2023-08-09
txn_7905741,cookie,5,1.0,5.0,credit card,,2023-02-08
txn_6369875,tea,5,1.5,7.5,cash,,2023-10-04
txn_7840162,cookie,5,,5.0,cash,takeaway,2023-02-27
txn_9069297,cookie,4,1.0,4.0,credit card,in-store,2023-01-27
txn_5017038,sandwich,3,4.0,12.0,,,2023-05-25
txn_6748453,sandwich,5,4.0,20.0,,in-store,2023-05-08
txn_1678985,juice,2,3.0,6.0,cash,in-store,2023-07-16
txn_6697669,cake,5,3.0,15.0,cash,,2023-01-03
txn_3131555,sandwich,2,4.0,8.0,cash,takeaway,2023-12-04
txn_1617029,unknown,4,5.0,20.0,cash,takeaway,2023-05-15
txn_7785297,cookie,3,1.0,3.0,cash,,2023-12-06
txn_9432588,coffee,5,2.0,10.0,,,2023-07-26
txn_3313000,coffee,5,2.0,10.0,credit card,in-store,2023-01-08
txn_3120023,cookie,3,1.0,3.0,cash,in-store,2023-09-30
txn_7483257,sandwich,2,4.0,8.0,digital wallet,takeaway,2023-06-05
txn_3430842,cookie,2,1.0,2.0,cash,takeaway,2023-08-02
txn_9622300,salad,unknown,5.0,5.0,cash,takeaway,2023-06-23
txn_8822610,cake,4,3.0,12.0,,takeaway,2023-08-05
txn_8005089,salad,4,5.0,20.0,error,,2023-06-10
txn_7009420,sandwich,5,4.0,20.0,unknown,takeaway,2023-07-07
txn_5118667,coffee,4,2.0,8.0,cash,in-store,2023-12-12
txn_6533180,coffee,5,2.0,10.0,,takeaway,2023-05-03
txn_6989438,sandwich,4,4.0,16.0,cash,takeaway,2023-12-17
txn_3894820,sandwich,5,4.0,20.0,digital wallet,takeaway,
txn_7003185,tea,2,1.5,3.0,,,2023-06-03
txn_1139495,salad,3,5.0,15.0,digital wallet,,2023-02-19
txn_1256536,salad,1,5.0,5.0,error,takeaway,2023-12-16
txn_6437055,cake,1,3.0,3.0,unknown,,2023-10-22
txn_6212975,,1,4.0,4.0,credit card,takeaway,2023-06-08
txn_4223466,juice,4,3.0,12.0,digital wallet,takeaway,2023-05-31
txn_6684202,sandwich,1,4.0,4.0,,,2023-07-31
txn_7279066,unknown,5,3.0,15.0,digital wallet,takeaway,2023-09-09
txn_5032114,sandwich,2,4.0,8.0,,,2023-05-31
txn_3411281,cake,2,3.0,6.0,unknown,,2023-09-29
txn_6608817,sandwich,5,4.0,20.0,credit card,takeaway,2023-07-17
txn_4258943,sandwich,2,4.0,,credit card,in-store,2023-01-02
txn_1897660,tea,3,1.5,4.5,digital wallet,in-store,
txn_9774691,cake,3,3.0,9.0,credit card,takeaway,2023-04-11
txn_8556230,,5,1.0,5.0,cash,in-store,2023-05-21
txn_1522430,smoothie,3,4.0,12.0,credit card,,2023-12-06
txn_2797077,,2,5.0,10.0,,takeaway,2023-07-04
txn_7666909,juice,4,3.0,12.0,credit card,takeaway,2023-08-29
txn_9365558,salad,4,5.0,20.0,credit card,takeaway,2023-02-12
txn_6837601,salad,1,5.0,5.0,digital wallet,takeaway,2023-02-05
txn_1713983,salad,2,5.0,10.0,cash,in-store,2023-05-11
txn_4674417,cookie,5,1.0,,digital wallet,takeaway,2023-07-03
txn_4641838,cookie,5,1.0,5.0,credit card,,2023-04-30
txn_9315119,salad,2,5.0,10.0,,takeaway,2023-06-16
txn_2552405,juice,5,3.0,15.0,credit card,,2023-06-22
txn_3465980,cookie,4,1.0,4.0,cash,takeaway,2023-07-08
txn_4220189,tea,1,1.5,1.5,,takeaway,2023-08-16
txn_7343905,cake,1,3.0,3.0,digital wallet,in-store,2023-01-17
txn_9813938,sandwich,5,4.0,20.0,cash,,2023-06-30
txn_6129460,juice,5,3.0,15.0,cash,unknown,2023-11-19
txn_9470590,salad,1,5.0,5.0,credit card,takeaway,2023-04-11
txn_7212607,coffee,3,2.0,6.0,digital wallet,in-store,2023-08-06
txn_8384628,salad,3,5.0,15.0,credit card,takeaway,2023-08-22
txn_4200340,cake,5,3.0,15.0,cash,takeaway,2023-07-06
txn_9349052,,4,3.0,12.0,cash,,2023-10-31
txn_9749434,cake,5,3.0,15.0,credit card,takeaway,
txn_2693584,cookie,,1.0,3.0,,,2023-10-28
txn_4778105,juice,4,3.0,12.0,digital wallet,in-store,2023-10-08
txn_7804488,cookie,2,1.0,2.0,digital wallet,,2023-11-28
txn_4674667,coffee,2,2.0,4.0,,takeaway,2023-05-24
txn_8832852,sandwich,5,4.0,20.0,unknown,takeaway,
txn_4278785,salad,3,5.0,15.0,cash,in-store,2023-04-29
txn_4462052,cookie,1,1.0,1.0,cash,in-store,2023-10-12
txn_3379368,cake,5,3.0,15.0,credit card,,2023-05-26
txn_7651864,smoothie,4,4.0,16.0,digital wallet,unknown,2023-04-29
txn_7089173,juice,1,3.0,3.0,digital wallet,,2023-01-14
txn_1906642,cookie,4,1.0,4.0,,takeaway,2023-06-06
txn_5410349,error,5,3.0,15.0,credit card,takeaway,2023-03-05
txn_5234368,coffee,3,2.0,6.0,digital wallet,,2023-06-10
txn_5544904,salad,5,5.0,25.0,,,2023-04-19
txn_3376958,salad,4,5.0,20.0,,in-store,2023-10-31
txn_5446085,coffee,3,2.0,6.0,digital wallet,,2023-09-16
txn_9676940,juice,2,3.0,6.0,credit card,takeaway,2023-08-16
txn_2371941,juice,2,3.0,6.0,cash,,2023-01-26
txn_8980774,tea,4,1.5,6.0,,in-store,
txn_5708913,cake,2,3.0,6.0,cash,in-store,2023-04-29
txn_6310726,unknown,3,1.0,3.0,credit card,,2023-03-30
txn_4096816,error,3,2.0,6.0,digital wallet,takeaway,2023-11-02
txn_7451083,coffee,1,2.0,2.0,digital wallet,,2023-06-24
txn_5132082,salad,5,5.0,25.0,error,,2023-10-08
txn_7323040,cookie,3,1.0,3.0,,takeaway,2023-11-09
txn_9176418,smoothie,1,4.0,4.0,digital wallet,takeaway,2023-03-02
txn_9702662,unknown,4,,16.0,,takeaway,2023-07-10
txn_7612618,smoothie,4,4.0,16.0,credit card,error,2023-04-12
txn_7321789,juice,3,3.0,9.0,digital wallet,takeaway,2023-05-10
txn_3679126,cookie,1,1.0,1.0,cash,,2023-07-15
txn_2008137,coffee,4,2.0,8.0,,error,2023-10-07
txn_2622670,cake,5,3.0,15.0,digital wallet,unknown,2023-01-28
txn_4791105,error,3,4.0,,,takeaway,2023-05-18
txn_6882819,unknown,1,3.0,3.0,cash,error,2023-08-21
txn_2152670,tea,3,1.5,4.5,credit card,in-store,2023-12-24
txn_3482117,sandwich,2,4.0,8.0,,,2023-07-18
txn_1843989,error,5,1.0,5.0,,takeaway,2023-07-19
txn_4943715,coffee,5,2.0,10.0,digital wallet,,2023-10-06
txn_8571836,juice,3,,9.0,cash,error,2023-12-27
txn_2544176,tea,3,1.5,4.5,,takeaway,2023-12-19
txn_1589264,,2,5.0,10.0,cash,,2023-07-26
txn_1379209,tea,5,1.5,7.5,,in-store,2023-02-06
txn_2515920,error,3,3.0,9.0,cash,in-store,2023-10-02
txn_6496099,coffee,,2.0,10.0,digital wallet,,2023-07-21
txn_8696065,smoothie,3,4.0,12.0,credit card,in-store,2023-11-04
txn_4746320,cookie,2,1.0,2.0,error,takeaway,2023-04-02
txn_1250407,cookie,1,1.0,1.0,credit card,takeaway,2023-11-21
txn_1617476,cake,2,3.0,6.0,digital wallet,in-store,2023-02-10
txn_4196578,tea,2,1.5,3.0,credit card,,2023-06-26
txn_9725461,smoothie,3,4.0,12.0,credit card,in-store,2023-11-25
txn_2975443,salad,5,5.0,25.0,,takeaway,2023-12-31
txn_1000555,tea,1,1.5,1.5,credit card,in-store,2023-10-19
txn_1622411,salad,2,5.0,10.0,unknown,takeaway,2023-07-23
txn_9429128,coffee,,2.0,8.0,credit card,in-store,2023-12-19
txn_1056277,cookie,unknown,1.0,5.0,,,2023-02-06
txn_4801617,juice,5,3.0,15.0,,,2023-04-02
txn_1365285,juice,5,3.0,15.0,credit card,,2023-06-11
txn_3189677,smoothie,,4.0,4.0,,,2023-01-11
txn_3375399,cookie,,1.0,1.0,digital wallet,takeaway,2023-05-21
txn_9315755,cake,5,3.0,15.0,cash,takeaway,2023-09-26
txn_6853678,cookie,4,1.0,4.0,digital wallet,,2023-07-23
txn_6530886,coffee,1,2.0,,credit card,,2023-10-21
txn_3530720,smoothie,5,4.0,20.0,digital wallet,in-store,2023-10-18
txn_3716067,tea,5,1.5,7.5,credit card,in-store,
txn_1410102,salad,1,5.0,5.0,cash,in-store,2023-06-23
txn_6977098,juice,5,3.0,15.0,credit card,in-store,2023-06-09
txn_7735237,cake,2,3.0,6.0,digital wallet,in-store,2023-01-13
txn_7510766,coffee,3,2.0,6.0,,in-store,2023-07-24
txn_3352256,sandwich,2,4.0,8.0,,takeaway,2023-09-08
txn_8494538,cake,4,3.0,12.0,,,2023-11-08
txn_8676769,salad,unknown,5.0,15.0,digital wallet,in-store,2023-06-16
txn_5282529,tea,5,1.5,7.5,credit card,takeaway,2023-04-13
txn_9495930,coffee,2,2.0,4.0,digital wallet,takeaway,2023-10-23
txn_3514492,juice,3,3.0,9.0,digital wallet,in-store,2023-02-23
txn_1349215,unknown,error,4.0,4.0,digital wallet,,2023-02-06
txn_7223646,cookie,unknown,1.0,5.0,credit card,,2023-09-19
txn_4033982,unknown,2,1.5,3.0,credit card,takeaway,2023-01-04
txn_1842697,unknown,5,,15.0,,,2023-10-25
txn_4227337,tea,4,1.5,6.0,digital wallet,takeaway,2023-12-15
txn_5790213,juice,3,3.0,9.0,cash,,2023-08-30
txn_3546261,tea,3,1.5,4.5,,takeaway,2023-03-20
txn_7119228,unknown,4,3.0,12.0,digital wallet,,2023-10-09
txn_3334257,sandwich,2,4.0,8.0,cash,unknown,2023-06-10
txn_5665767,tea,4,1.5,6.0,,,2023-08-22
txn_4527464,tea,4,1.5,6.0,,in-store,2023-08-09
txn_1011236,cake,1,3.0,3.0,cash,in-store,2023-02-08
txn_8293691,coffee,4,2.0,8.0,,,2023-06-30
txn_7463011,sandwich,2,4.0,8.0,,in-store,2023-01-22
txn_6872268,juice,2,3.0,6.0,digital wallet,in-store,2023-01-07
txn_3999554,coffee,1,2.0,,credit card,takeaway,2023-09-13
txn_9942247,coffee,2,2.0,,cash,takeaway,2023-10-15
txn_3687300,cookie,2,1.0,2.0,credit card,in-store,
txn_6113452,sandwich,2,4.0,8.0,cash,takeaway,2023-09-21
txn_1752617,tea,5,1.5,7.5,,takeaway,2023-09-05
txn_1949789,salad,2,5.0,10.0,,takeaway,2023-11-07
txn_7386089,sandwich,2,4.0,8.0,,in-store,2023-07-15
txn_6751134,sandwich,3,,12.0,,unknown,2023-01-12
txn_2731270,cake,1,3.0,3.0,,takeaway,2023-05-31
txn_8830813,coffee,unknown,2.0,2.0,cash,in-store,2023-06-18
txn_2548248,cake,4,3.0,12.0,error,takeaway,2023-06-28
txn_3026930,cake,2,3.0,6.0,cash,in-store,2023-03-23
txn_2824366,sandwich,4,4.0,16.0,error,in-store,2023-07-02
txn_2801651,juice,4,3.0,12.0,digital wallet,takeaway,2023-07-10
txn_5005592,coffee,1,2.0,2.0,credit card,in-store,2023-06-05
txn_8284313,salad,5,5.0,25.0,,,2023-11-20
txn_8058026,tea,1,1.5,1.5,error,takeaway,2023-05-19
txn_2182790,tea,5,1.5,7.5,credit card,takeaway,2023-05-05
txn_7251929,error,2,5.0,10.0,digital wallet,in-store,2023-01-31
txn_2145530,sandwich,3,4.0,12.0,digital wallet,error,2023-10-08
txn_4159861,juice,1,3.0,3.0,digital wallet,,2023-03-20
txn_4600614,sandwich,3,4.0,12.0,digital wallet,takeaway,2023-01-27
txn_1853298,cookie,5,1.0,5.0,credit card,,2023-01-02
txn_6600858,sandwich,3,4.0,12.0,cash,error,2023-03-27
txn_7494793,smoothie,5,,20.0,,takeaway,2023-12-29
txn_3968170,salad,1,5.0,5.0,,in-store,2023-08-05
txn_4628310,juice,4,3.0,12.0,credit card,takeaway,2023-04-20
txn_6110009,juice,5,3.0,15.0,,takeaway,2023-12-26
txn_8996187,salad,2,,10.0,credit card,in-store,2023-09-28
txn_3544792,sandwich,1,4.0,4.0,digital wallet,,2023-06-27
txn_2353057,cake,3,3.0,9.0,unknown,takeaway,2023-08-04
txn_6013295,juice,2,3.0,6.0,cash,takeaway,2023-11-07
txn_3200195,juice,3,3.0,9.0,digital wallet,in-store,2023-05-04
txn_4860027,cookie,5,1.0,5.0,digital wallet,takeaway,2023-07-28
txn_3509437,,4,4.0,16.0,,in-store,2023-12-06
txn_5442505,cake,4,,12.0,digital wallet,takeaway,2023-09-07
txn_4708410,cake,4,3.0,12.0,digital wallet,in-store,2023-10-08
txn_4847617,sandwich,4,4.0,,credit card,,2023-08-04
txn_1898329,cake,5,3.0,15.0,cash,in-store,2023-04-12
txn_2508266,cookie,1,1.0,1.0,error,,2023-01-28
txn_1945918,juice,2,3.0,6.0,,unknown,2023-09-12
txn_8147057,juice,1,3.0,3.0,digital wallet,in-store,2023-08-21
txn_9546556,,5,3.0,15.0,cash,in-store,2023-08-18
txn_4935258,cake,2,3.0,6.0,credit card,,2023-09-14
txn_5588239,cookie,1,1.0,1.0,digital wallet,takeaway,2023-03-31
txn_6575599,coffee,5,2.0,10.0,digital wallet,takeaway,2023-10-09
txn_9382156,tea,5,1.5,7.5,error,takeaway,2023-06-02
txn_1229376,cake,3,3.0,9.0,digital wallet,in-store,2023-08-14
txn_1732216,coffee,3,2.0,6.0,digital wallet,takeaway,2023-08-30
txn_1756717,smoothie,3,4.0,12.0,credit card,unknown,2023-01-22
txn_8188857,cake,1,3.0,3.0,,,2023-12-21
txn_9783697,sandwich,1,4.0,4.0,digital wallet,takeaway,2023-07-14
txn_6991253,juice,3,3.0,9.0,,in-store,2023-12-13
txn_7177487,tea,error,1.5,6.0,credit card,,2023-09-07
txn_8444245,error,1,3.0,3.0,cash,,2023-01-30
txn_3224756,cake,2,3.0,6.0,credit card,takeaway,2023-11-20
txn_3421456,cake,unknown,3.0,3.0,unknown,,2023-09-05
txn_9421618,cake,3,3.0,9.0,cash,error,2023-02-21
txn_9054741,juice,1,3.0,3.0,credit card,takeaway,2023-06-24
txn_9063299,cake,4,3.0,12.0,digital wallet,in-store,2023-06-15
txn_4318159,coffee,4,2.0,8.0,digital wallet,,2023-03-30
txn_8127390,tea,3,1.5,4.5,,in-store,2023-01-19
txn_9682798,cake,3,3.0,,cash,in-store,2023-09-15
txn_9716971,salad,4,5.0,20.0,digital wallet,unknown,2023-06-21
txn_7827797,salad,3,5.0,,,takeaway,2023-06-30
txn_4343391,cookie,5,1.0,5.0,cash,takeaway,2023-06-01
txn_6877186,cookie,2,1.0,2.0,credit card,in-store,2023-12-05
txn_8162049,sandwich,1,4.0,4.0,digital wallet,,
txn_6559173,smoothie,5,4.0,20.0,unknown,,2023-08-09
txn_9818498,smoothie,3,4.0,12.0,credit card,takeaway,2023-09-01
txn_2520102,coffee,1,2.0,2.0,digital wallet,,2023-03-08
txn_9155044,sandwich,3,4.0,12.0,credit card,in-store,2023-02-28
txn_5625110,salad,3,5.0,15.0,digital wallet,takeaway,2023-11-07
txn_3923375,cake,5,3.0,15.0,credit card,,
txn_8706498,smoothie,5,4.0,20.0,,,2023-05-08
txn_1188596,juice,1,3.0,3.0,cash,,2023-10-24
txn_8085790,cookie,4,1.0,4.0,cash,takeaway,2023-10-27
txn_3113823,salad,5,,25.0,digital wallet,in-store,2023-03-01
txn_3423451,salad,4,5.0,20.0,cash,error,2023-10-11
txn_8010863,coffee,2,2.0,4.0,,,2023-06-30
txn_6154626,smoothie,5,4.0,20.0,,takeaway,2023-05-06
txn_5841004,cookie,2,,2.0,credit card,in-store,2023-04-28
txn_2886223,sandwich,5,4.0,20.0,credit card,,2023-07-24
txn_6047742,smoothie,5,4.0,20.0,digital wallet,in-store,2023-12-11
txn_5086795,salad,1,5.0,5.0,cash,in-store,2023-04-29
txn_1943186,salad,2,5.0,10.0,cash,in-store,2023-12-16
txn_9600016,cookie,4,1.0,4.0,,takeaway,2023-05-06
txn_7397017,salad,3,5.0,15.0,digital wallet,takeaway,
txn_4305997,tea,3,1.5,4.5,,in-store,2023-11-22
txn_4364374,sandwich,2,4.0,,cash,error,2023-04-20
txn_7031347,unknown,4,3.0,12.0,credit card,takeaway,2023-06-09
txn_9703331,cake,2,3.0,6.0,cash,,2023-09-09
txn_3851247,cake,1,3.0,3.0,credit card,in-store,2023-11-23
txn_6666679,juice,2,3.0,6.0,digital wallet,,2023-08-25
txn_5683213,smoothie,2,4.0,8.0,credit card,in-store,2023-10-30
txn_2052609,cake,4,,12.0,credit card,takeaway,2023-06-23
txn_6557825,tea,unknown,1.5,4.5,error,,2023-05-07
txn_6228999,cookie,5,1.0,5.0,,,2023-02-07
txn_4226287,cookie,1,1.0,1.0,,,2023-04-29
txn_9868053,juice,3,3.0,9.0,digital wallet,in-store,
txn_2570829,juice,1,3.0,3.0,cash,takeaway,2023-03-31
txn_7433531,sandwich,2,4.0,8.0,,takeaway,2023-08-16
txn_5190685,cookie,4,1.0,4.0,cash,takeaway,2023-11-12
txn_4526296,smoothie,5,4.0,20.0,unknown,takeaway,2023-11-23
txn_5137315,salad,unknown,5.0,25.0,credit card,in-store,2023-01-05
txn_6513435,juice,3,3.0,9.0,,takeaway,2023-08-16
txn_8337899,cookie,1,1.0,1.0,digital wallet,,2023-11-10
txn_2245787,salad,4,5.0,20.0,,takeaway,2023-10-29
txn_9203396,coffee,5,2.0,10.0,digital wallet,in-store,2023-01-08
txn_9352671,sandwich,2,4.0,,cash,takeaway,2023-02-10
txn_6391414,smoothie,4,4.0,16.0,cash,in-store,2023-05-08
txn_2613440,juice,3,3.0,9.0,credit card,in-store,2023-04-15
txn_5632564,cookie,1,1.0,1.0,credit card,,2023-11-04
txn_4175122,unknown,4,2.0,8.0,digital wallet,in-store,2023-09-29
txn_3475075,cake,3,,9.0,cash,takeaway,
txn_4759797,salad,3,5.0,15.0,unknown,in-store,
txn_4704439,coffee,3,2.0,6.0,cash,unknown,2023-06-14
txn_3292043,cookie,5,,5.0,,error,
txn_2666340,cake,2,3.0,6.0,cash,takeaway,2023-09-29
txn_8004162,salad,5,5.0,25.0,error,unknown,2023-11-04
txn_6539480,cake,5,3.0,15.0,cash,takeaway,2023-08-25
txn_1993002,error,4,3.0,12.0,,takeaway,2023-03-30
txn_5024094,tea,1,,1.5,credit card,,2023-02-20
txn_7399898,juice,3,3.0,9.0,,,2023-02-19
txn_7675213,error,unknown,4.0,8.0,digital wallet,in-store,2023-03-08
txn_5180728,tea,2,1.5,3.0,,in-store,2023-09-01
txn_1442791,tea,1,1.5,1.5,unknown,,2023-03-23
txn_7169607,cake,2,3.0,6.0,credit card,,2023-04-10
txn_8157817,tea,2,1.5,3.0,credit card,takeaway,2023-08-30
txn_9105544,tea,3,1.5,4.5,,in-store,2023-07-08
txn_7620529,sandwich,2,4.0,8.0,cash,in-store,2023-08-08
txn_1491670,juice,5,3.0,15.0,credit card,takeaway,2023-06-28
txn_8041777,cake,1,3.0,3.0,cash,,2023-11-23
txn_2366464,juice,1,3.0,3.0,cash,takeaway,2023-06-05
txn_7994275,smoothie,3,4.0,12.0,credit card,in-store,2023-09-18
txn_6034920,cookie,1,1.0,1.0,credit card,in-store,2023-09-09
txn_4673812,cookie,2,1.0,2.0,digital wallet,takeaway,2023-05-01
txn_3577949,cake,3,,,error,takeaway,2023-04-25
txn_4503560,cake,5,3.0,15.0,digital wallet,,2023-02-21
txn_6543620,cookie,2,1.0,2.0,cash,takeaway,2023-04-08
txn_5071222,cookie,5,1.0,5.0,digital wallet,error,2023-10-25
txn_1605048,cake,4,3.0,12.0,cash,takeaway,2023-03-16
txn_9907306,error,3,1.0,3.0,digital wallet,takeaway,2023-09-06
txn_2401829,smoothie,5,4.0,20.0,digital wallet,takeaway,2023-02-07
txn_8359674,salad,3,5.0,15.0,,takeaway,2023-10-16
txn_1937611,tea,2,,3.0,credit card,takeaway,2023-11-02
txn_5438111,smoothie,3,4.0,12.0,cash,in-store,2023-01-06
txn_1442771,,1,3.0,3.0,,,2023-04-25
txn_5793057,sandwich,3,4.0,12.0,credit card,in-store,2023-02-25
txn_1778597,cookie,3,1.0,,cash,,2023-09-28
txn_4076631,error,4,3.0,12.0,cash,in-store,2023-07-21
txn_1660757,cake,4,3.0,12.0,digital wallet,takeaway,2023-11-08
txn_7540909,tea,2,1.5,3.0,digital wallet,,2023-02-20
txn_1469462,cake,1,3.0,3.0,credit card,takeaway,2023-09-05
txn_4745094,tea,5,1.5,7.5,credit card,,2023-12-05
txn_3711712,salad,5,5.0,25.0,digital wallet,in-store,2023-08-20
txn_7909509,smoothie,3,4.0,12.0,,takeaway,2023-10-10
txn_8577850,tea,unknown,1.5,4.5,,,2023-07-10
txn_1268480,salad,5,5.0,25.0,cash,in-store,2023-04-18
txn_6579974,sandwich,5,4.0,20.0,digital wallet,,2023-05-10
txn_6957331,juice,3,3.0,,digital wallet,,2023-01-23
txn_7796731,juice,,3.0,6.0,,in-store,2023-06-09
txn_7218914,unknown,1,5.0,5.0,digital wallet,in-store,2023-01-11
txn_4869107,smoothie,3,4.0,12.0,digital wallet,in-store,2023-01-30
txn_2027203,coffee,3,2.0,6.0,credit card,,2023-07-15
txn_6149748,salad,3,5.0,15.0,credit card,,2023-07-06
txn_1633563,error,4,4.0,16.0,digital wallet,in-store,2023-02-05
txn_3088330,tea,5,1.5,7.5,digital wallet,in-store,2023-12-08
txn_5001766,smoothie,1,4.0,,digital wallet,,2023-05-24
txn_5634960,tea,2,1.5,3.0,,takeaway,2023-09-06
txn_6280724,coffee,3,2.0,6.0,credit card,,2023-05-02
txn_7650834,salad,2,5.0,10.0,cash,takeaway,2023-10-29
txn_4107857,tea,1,1.5,1.5,credit card,takeaway,2023-01-29
txn_2052771,tea,4,1.5,6.0,digital wallet,takeaway,
txn_4635037,juice,1,3.0,3.0,digital wallet,in-store,2023-05-17
txn_2160119,unknown,5,4.0,20.0,cash,,2023-12-27
txn_9103776,tea,4,1.5,6.0,credit card,in-store,2023-05-03
txn_7538221,cake,5,3.0,15.0,credit card,takeaway,2023-03-31
txn_4565754,smoothie,,4.0,,digital wallet,takeaway,2023-10-06
txn_8807333,sandwich,5,4.0,20.0,digital wallet,in-store,2023-03-18
txn_8006056,juice,4,3.0,12.0,credit card,takeaway,2023-12-19
txn_2216532,tea,3,1.5,4.5,cash,error,2023-12-27
txn_6553720,coffee,4,2.0,8.0,,in-store,2023-02-02
txn_5828907,cookie,5,1.0,5.0,digital wallet,,2023-05-13
txn_2336248,cake,,3.0,15.0,,takeaway,2023-10-19
txn_3321611,error,3,4.0,,,takeaway,2023-09-09
txn_6022618,smoothie,1,4.0,4.0,digital wallet,in-store,2023-12-18
txn_1665810,sandwich,5,4.0,20.0,digital wallet,in-store,2023-02-26
txn_1399696,cake,5,3.0,15.0,cash,in-store,2023-04-08
txn_9154381,cookie,2,1.0,2.0,credit card,in-store,2023-04-21
txn_5333966,juice,4,3.0,12.0,unknown,in-store,2023-06-11
txn_8361813,cookie,3,1.0,3.0,cash,in-store,2023-08-01
txn_9841222,sandwich,5,4.0,20.0,credit card,error,2023-04-23
txn_4754346,juice,4,3.0,12.0,credit card,in-store,2023-08-31
txn_5910268,salad,4,5.0,,,takeaway,2023-07-04
txn_9433806,coffee,1,2.0,2.0,,,
txn_5227574,juice,4,3.0,12.0,digital wallet,error,2023-04-10
txn_5485774,coffee,2,2.0,4.0,credit card,,2023-07-20
txn_6504165,juice,3,,9.0,cash,takeaway,2023-02-13
txn_6297232,coffee,,2.0,,,,2023-04-07
txn_2391659,tea,5,1.5,,,unknown,2023-02-16
txn_8964493,smoothie,1,4.0,4.0,cash,,2023-02-10
txn_1931832,,4,4.0,16.0,credit card,,2023-05-07
txn_4939667,salad,1,5.0,5.0,cash,takeaway,2023-01-23
txn_7126803,sandwich,5,4.0,20.0,digital wallet,takeaway,2023-05-24
txn_9649878,cake,5,3.0,15.0,cash,,2023-12-24
txn_5086063,juice,3,3.0,9.0,digital wallet,takeaway,2023-09-28
txn_5026564,smoothie,3,4.0,12.0,cash,,2023-09-12
txn_9680054,cake,3,3.0,9.0,,in-store,2023-03-14
txn_7299015,coffee,5,2.0,10.0,,takeaway,2023-12-02
txn_6040824,sandwich,1,4.0,4.0,cash,,2023-01-07
txn_4520062,,2,1.5,3.0,,in-store,2023-01-10
txn_5889049,cookie,2,1.0,2.0,,in-store,2023-07-14
txn_1177438,salad,4,5.0,20.0,,takeaway,2023-08-21
txn_6345691,,5,4.0,20.0,credit card,,2023-09-03
txn_6523635,error,2,5.0,10.0,,takeaway,2023-04-22
txn_7494217,cookie,1,1.0,1.0,cash,in-store,
txn_6854151,sandwich,3,4.0,12.0,credit card,in-store,2023-02-07
txn_6862075,,3,3.0,9.0,credit card,in-store,2023-08-13
txn_9202272,sandwich,3,4.0,12.0,,,2023-11-29
txn_8620934,cookie,5,1.0,5.0,,in-store,2023-09-10
txn_8133627,cake,5,3.0,15.0,cash,in-store,2023-08-15
txn_5777224,tea,3,1.5,4.5,unknown,,2023-09-16
txn_1895899,smoothie,4,,16.0,credit card,in-store,2023-07-17
txn_3658211,cake,unknown,3.0,12.0,cash,takeaway,2023-04-02
txn_5117140,cookie,5,1.0,5.0,digital wallet,takeaway,2023-08-17
txn_2513950,smoothie,4,4.0,16.0,,in-store,2023-04-03
txn_7890585,cake,5,3.0,15.0,cash,,2023-08-11
txn_5106045,coffee,3,,6.0,credit card,,2023-11-17
txn_5177565,sandwich,5,4.0,20.0,,,2023-10-24
txn_2792107,cake,1,3.0,3.0,,error,2023-07-10
txn_4036747,smoothie,1,4.0,4.0,cash,takeaway,2023-05-27
txn_2955691,cake,1,3.0,3.0,,takeaway,2023-04-04
txn_6324736,sandwich,5,4.0,20.0,credit card,,
txn_9641364,cookie,3,1.0,3.0,error,in-store,2023-03-04
txn_3488590,cookie,,1.0,2.0,credit card,takeaway,2023-12-28
txn_9720549,cookie,1,1.0,1.0,credit card,in-store,2023-07-30
txn_2477550,error,2,4.0,8.0,cash,takeaway,2023-02-02
txn_2172960,smoothie,1,4.0,,digital wallet,,2023-07-04
txn_5901182,sandwich,5,4.0,20.0,digital wallet,in-store,2023-07-15
txn_4695415,cake,5,3.0,15.0,,in-store,
txn_1923984,cake,2,3.0,6.0,credit card,takeaway,2023-08-31
txn_4163149,salad,1,5.0,,cash,,2023-07-30
txn_5996894,juice,1,3.0,3.0,credit card,,2023-06-12
txn_2979899,cake,5,3.0,15.0,digital wallet,,2023-05-26
txn_7762739,sandwich,4,4.0,16.0,,in-store,2023-11-05
txn_6392156,cookie,5,1.0,,credit card,takeaway,2023-11-12
txn_7278248,salad,unknown,5.0,25.0,cash,takeaway,2023-10-23
txn_1315847,cake,1,3.0,3.0,digital wallet,in-store,2023-06-19
txn_9367729,coffee,2,2.0,4.0,,takeaway,2023-10-10
txn_1464150,coffee,5,2.0,10.0,cash,takeaway,2023-02-14
txn_1746001,cookie,error,1.0,3.0,digital wallet,takeaway,2023-03-15
txn_4203560,juice,1,3.0,3.0,,unknown,2023-08-20
txn_1493452,sandwich,3,4.0,12.0,,,2023-11-08
txn_4171998,sandwich,,4.0,8.0,unknown,takeaway,2023-10-18
txn_4528664,salad,3,5.0,,cash,in-store,2023-12-31
txn_1775278,juice,4,3.0,12.0,credit card,takeaway,2023-02-22
txn_1459078,cookie,5,1.0,5.0,,in-store,2023-11-10
txn_6252589,smoothie,2,4.0,8.0,digital wallet,in-store,
txn_1411473,coffee,3,2.0,6.0,credit card,in-store,2023-01-04
txn_5132747,coffee,2,2.0,4.0,,,2023-10-28
txn_9851026,salad,2,5.0,10.0,,takeaway,
txn_7684072,tea,2,1.5,3.0,credit card,,2023-05-12
txn_3660999,cake,3,3.0,9.0,digital wallet,,2023-02-02
txn_7828462,unknown,,1.5,4.5,cash,takeaway,2023-01-11
txn_3976744,juice,1,3.0,3.0,cash,,2023-12-25
txn_3397978,smoothie,5,4.0,20.0,digital wallet,in-store,2023-08-01
txn_8568597,juice,1,3.0,3.0,digital wallet,takeaway,2023-04-03
txn_4152709,sandwich,4,4.0,16.0,,,2023-12-03
txn_5222110,coffee,2,2.0,4.0,,,2023-01-30
txn_1987716,coffee,1,2.0,2.0,credit card,,2023-11-13
txn_3643348,sandwich,4,4.0,16.0,digital wallet,in-store,2023-09-06
txn_6537449,salad,2,5.0,10.0,,in-store,2023-01-15
txn_1244509,smoothie,3,4.0,12.0,credit card,in-store,2023-02-21
txn_3490516,coffee,5,2.0,10.0,,,2023-04-28
txn_2726254,smoothie,3,,12.0,,takeaway,2023-06-08
txn_9917989,smoothie,4,4.0,16.0,digital wallet,takeaway,2023-10-20
txn_4933689,cake,1,3.0,3.0,cash,in-store,
txn_4168628,tea,4,1.5,6.0,digital wallet,in-store,2023-04-27
txn_2490026,cake,5,3.0,15.0,,,2023-10-21
txn_7327440,unknown,3,1.0,3.0,cash,in-store,2023-05-02
txn_3597656,coffee,4,2.0,8.0,digital wallet,,2023-04-03
txn_1765281,smoothie,3,4.0,12.0,credit card,in-store,2023-01-28
txn_4667663,cake,5,3.0,15.0,credit card,,2023-03-07
txn_8571235,cake,1,3.0,3.0,cash,takeaway,2023-03-01
txn_2580487,cake,1,3.0,3.0,,takeaway,2023-01-13
txn_2611683,cake,3,3.0,9.0,digital wallet,in-store,2023-04-11
txn_4271744,juice,3,3.0,9.0,digital wallet,takeaway,2023-06-19
txn_2917072,tea,3,1.5,4.5,unknown,takeaway,2023-01-25
txn_4653861,sandwich,unknown,4.0,16.0,cash,takeaway,
txn_5777903,coffee,unknown,2.0,4.0,,takeaway,2023-05-15
txn_5153086,tea,3,1.5,4.5,cash,in-store,2023-06-27
txn_6004967,salad,4,5.0,,credit card,,2023-01-13
txn_3435509,sandwich,1,4.0,4.0,cash,takeaway,2023-08-19
txn_2488232,tea,2,1.5,3.0,,,2023-10-05
txn_8771574,coffee,3,2.0,6.0,digital wallet,takeaway,2023-05-03
txn_1181626,cookie,4,1.0,4.0,,takeaway,2023-02-06
txn_4081759,unknown,unknown,2.0,4.0,,,2023-09-30
txn_6177161,tea,5,1.5,7.5,credit card,in-store,2023-04-01
txn_2500345,salad,5,5.0,25.0,,in-store,2023-04-16
txn_1228652,salad,1,,5.0,cash,in-store,2023-07-24
txn_4476151,juice,4,3.0,12.0,credit card,in-store,2023-02-15
txn_7990902,coffee,5,2.0,10.0,error,in-store,
txn_6557174,salad,4,5.0,20.0,credit card,in-store,2023-08-20
txn_5089516,smoothie,2,4.0,8.0,credit card,in-store,2023-11-04
txn_5915706,tea,1,1.5,1.5,cash,in-store,2023-08-18
txn_9341159,cake,5,3.0,15.0,,,2023-09-29
txn_1870303,coffee,4,2.0,8.0,digital wallet,in-store,2023-05-05
txn_5680238,juice,5,3.0,15.0,,,2023-12-17
txn_7766134,tea,1,1.5,1.5,credit card,takeaway,2023-01-05
txn_2617257,cookie,1,1.0,1.0,cash,takeaway,2023-08-20
txn_8993132,cake,3,3.0,9.0,,in-store,2023-01-21
txn_4268167,smoothie,4,4.0,16.0,,,2023-07-06
txn_9358399,tea,5,1.5,7.5,credit card,,2023-06-16
txn_2793054,smoothie,4,4.0,16.0,,takeaway,2023-04-29
txn_6179169,sandwich,2,4.0,8.0,cash,in-store,2023-10-21
txn_7932895,smoothie,2,4.0,8.0,,in-store,2023-04-04
txn_3364751,coffee,2,2.0,4.0,digital wallet,takeaway,2023-04-12
txn_1097334,coffee,2,2.0,4.0,credit card,takeaway,2023-03-21
txn_9914084,unknown,1,2.0,2.0,error,takeaway,2023-06-16
txn_5982786,juice,4,3.0,,credit card,in-store,2023-12-26
txn_3160090,salad,1,5.0,5.0,,takeaway,2023-07-23
txn_2300313,coffee,4,2.0,8.0,,in-store,2023-06-02
txn_9461396,smoothie,5,4.0,20.0,,,2023-05-23
txn_6887407,cake,3,3.0,9.0,cash,in-store,2023-09-15
txn_6425991,salad,1,5.0,5.0,credit card,takeaway,2023-08-06
txn_6040882,cookie,1,1.0,1.0,cash,in-store,2023-06-06
txn_4151440,cake,5,3.0,15.0,,in-store,2023-11-16
txn_7921799,cookie,1,1.0,1.0,credit card,takeaway,2023-09-14
txn_1715317,unknown,5,3.0,15.0,digital wallet,in-store,2023-02-10
txn_2482242,cookie,4,1.0,4.0,,,2023-02-07
txn_5861636,coffee,4,2.0,8.0,credit card,,2023-05-15
txn_7272630,tea,4,1.5,6.0,cash,takeaway,2023-03-24
txn_7157169,sandwich,3,4.0,12.0,,,2023-01-29
txn_9325384,juice,5,3.0,15.0,,in-store,2023-04-24
txn_2832778,juice,2,3.0,6.0,credit card,,2023-09-27
txn_9894745,tea,,1.5,3.0,cash,takeaway,2023-08-28
txn_1244299,sandwich,2,4.0,8.0,cash,takeaway,2023-07-18
txn_1694090,coffee,4,2.0,8.0,digital wallet,,2023-11-30
txn_5965095,salad,4,5.0,20.0,digital wallet,in-store,2023-06-16
txn_7911650,juice,2,3.0,6.0,cash,takeaway,2023-03-13
txn_9610933,tea,3,1.5,4.5,cash,,2023-05-20
txn_7440879,error,1,3.0,3.0,,in-store,2023-12-30
txn_4228312,coffee,4,2.0,8.0,digital wallet,,2023-01-22
txn_6431703,sandwich,1,4.0,,credit card,takeaway,2023-08-25
txn_1063524,smoothie,5,4.0,20.0,credit card,,2023-11-09
txn_9031518,sandwich,5,4.0,20.0,credit card,in-store,2023-01-13
txn_5781767,sandwich,5,,20.0,credit card,in-store,2023-04-27
txn_4465589,,error,1.5,3.0,credit card,,2023-03-26
txn_2035838,unknown,unknown,3.0,15.0,digital wallet,takeaway,2023-02-01
txn_9817602,,2,4.0,8.0,credit card,takeaway,2023-12-26
txn_9643180,coffee,2,2.0,4.0,cash,,2023-06-10
txn_9070074,coffee,5,2.0,10.0,digital wallet,,2023-02-03
txn_5274961,,1,3.0,3.0,credit card,in-store,2023-11-04
txn_8715388,salad,1,5.0,5.0,,in-store,2023-11-04
txn_1980303,tea,3,1.5,,digital wallet,,2023-04-22
txn_9291130,cookie,,1.0,5.0,cash,in-store,2023-05-11
txn_6485220,cake,3,3.0,9.0,cash,error,
txn_2652800,cake,4,3.0,12.0,cash,,2023-11-30
txn_7068406,juice,2,3.0,6.0,digital wallet,takeaway,2023-01-26
txn_5380220,coffee,4,2.0,8.0,credit card,in-store,2023-10-18
txn_7842557,tea,4,1.5,6.0,,in-store,2023-02-09
txn_7208533,tea,1,1.5,1.5,cash,in-store,2023-05-15
txn_6916853,smoothie,5,4.0,20.0,cash,,2023-12-22
txn_9086710,salad,2,5.0,10.0,,in-store,2023-10-27
txn_1830278,cookie,3,1.0,3.0,credit card,,2023-05-15
txn_8388122,tea,4,1.5,6.0,,in-store,2023-11-01
txn_8612901,juice,3,3.0,,digital wallet,unknown,2023-03-18
txn_7752958,juice,2,3.0,6.0,,,2023-09-22
txn_5311814,tea,4,1.5,6.0,digital wallet,,2023-07-06
txn_2933739,cookie,1,1.0,1.0,digital wallet,,2023-09-15
txn_1239876,,2,4.0,8.0,digital wallet,in-store,2023-04-04
txn_6295047,tea,unknown,1.5,6.0,digital wallet,,2023-09-06
txn_3858791,cookie,5,1.0,5.0,credit card,,2023-06-25
txn_1737731,smoothie,5,4.0,20.0,digital wallet,,2023-06-29
txn_6131195,salad,1,5.0,5.0,,,2023-10-24
txn_3251829,tea,,1.5,,digital wallet,in-store,2023-07-25
txn_2727347,cake,5,3.0,15.0,cash,takeaway,2023-01-20
txn_7242713,sandwich,1,4.0,4.0,,in-store,2023-04-21
txn_7797231,,5,,10.0,digital wallet,,2023-05-05
txn_3651337,smoothie,4,4.0,16.0,cash,in-store,2023-10-25
txn_4740892,cake,1,3.0,3.0,digital wallet,takeaway,2023-11-19
txn_7218719,cake,1,3.0,3.0,cash,,2023-10-07
txn_3455415,cookie,2,1.0,2.0,credit card,,2023-03-31
txn_2475259,smoothie,2,4.0,8.0,cash,,
txn_3390882,sandwich,3,4.0,12.0,credit card,in-store,2023-07-03
txn_3848261,tea,2,1.5,3.0,,takeaway,2023-08-03
txn_2797925,cake,2,3.0,,cash,,2023-10-19
txn_2599005,cake,2,3.0,6.0,cash,,2023-06-10
txn_1872692,salad,5,5.0,25.0,cash,in-store,2023-08-09
txn_1372492,salad,4,5.0,20.0,cash,takeaway,2023-03-28
txn_6549132,salad,5,,25.0,,,2023-12-05
txn_1003246,juice,2,3.0,6.0,,,2023-02-15
txn_5732615,coffee,error,2.0,4.0,cash,takeaway,2023-12-05
txn_3197621,sandwich,5,4.0,20.0,,in-store,2023-02-10
txn_9006674,tea,1,1.5,1.5,,takeaway,
txn_6221348,sandwich,1,,4.0,,,2023-03-28
txn_4986514,tea,3,1.5,4.5,credit card,in-store,2023-06-06
txn_1050083,cake,5,3.0,15.0,credit card,takeaway,2023-06-28
txn_5880567,smoothie,5,4.0,20.0,error,in-store,2023-02-13
txn_1068317,juice,3,3.0,,digital wallet,takeaway,2023-03-16
txn_7389329,coffee,4,2.0,8.0,,,2023-01-18
txn_3951460,,4,4.0,16.0,,takeaway,2023-04-21
txn_6584150,juice,5,3.0,15.0,credit card,,2023-10-27
txn_7754428,cookie,2,1.0,2.0,,in-store,2023-07-27
txn_3918515,unknown,4,5.0,20.0,credit card,takeaway,2023-03-29
txn_6484387,cookie,5,,5.0,cash,,2023-11-23
txn_4156369,cake,5,3.0,15.0,,in-store,2023-08-07
txn_4483226,juice,1,3.0,3.0,credit card,,2023-08-08
txn_6457997,unknown,1,,4.0,credit card,,2023-12-12
txn_2553269,error,5,1.0,5.0,digital wallet,,2023-04-09
txn_5297692,juice,5,3.0,15.0,credit card,,2023-03-21
txn_8241724,smoothie,1,4.0,4.0,credit card,takeaway,2023-05-14
txn_4916936,smoothie,1,4.0,4.0,,takeaway,2023-06-04
txn_1425215,juice,1,3.0,3.0,cash,takeaway,2023-03-13
txn_4222908,cookie,error,1.0,1.0,,in-store,2023-12-14
txn_3938018,coffee,error,2.0,8.0,,takeaway,2023-10-10
txn_2363378,coffee,5,2.0,10.0,cash,takeaway,2023-04-23
txn_8267616,tea,4,1.5,6.0,cash,,2023-03-01
txn_4786680,error,3,4.0,12.0,unknown,in-store,2023-02-05
txn_6437181,error,4,3.0,12.0,credit card,,2023-04-10
txn_2335312,unknown,2,3.0,6.0,digital wallet,,2023-06-23
txn_8999576,cake,5,3.0,15.0,digital wallet,takeaway,2023-04-09
txn_4844022,error,1,1.0,1.0,,takeaway,2023-02-26
txn_5513984,tea,1,1.5,1.5,credit card,in-store,2023-09-13
txn_1662024,unknown,4,1.0,4.0,,in-store,2023-01-16
txn_5600914,smoothie,4,4.0,16.0,credit card,,2023-02-16
txn_9923860,cookie,2,1.0,2.0,,,2023-11-16
txn_5346493,cookie,5,1.0,5.0,digital wallet,in-store,2023-04-08
txn_3528599,cookie,1,1.0,1.0,,,2023-12-09
txn_5738521,coffee,5,2.0,10.0,digital wallet,,2023-03-14
txn_6219634,salad,1,5.0,5.0,cash,takeaway,2023-09-11
txn_3539062,salad,2,5.0,10.0,digital wallet,in-store,2023-10-04
txn_8782513,sandwich,5,4.0,20.0,,takeaway,2023-10-15
txn_2252218,unknown,4,5.0,20.0,cash,,
txn_2851804,coffee,3,2.0,6.0,,,2023-11-30
txn_9175519,cake,4,3.0,12.0,,error,2023-10-05
txn_6224451,sandwich,1,4.0,,credit card,unknown,2023-03-19
txn_3174488,unknown,4,1.0,4.0,cash,takeaway,2023-06-28
txn_7630912,juice,2,,6.0,credit card,,2023-01-04
txn_5650608,juice,unknown,3.0,3.0,digital wallet,,2023-06-25
txn_2134911,tea,5,1.5,7.5,digital wallet,in-store,2023-10-07
txn_4013761,coffee,3,2.0,6.0,unknown,,2023-09-07
txn_9257475,unknown,4,3.0,12.0,digital wallet,,2023-07-06
txn_6616311,coffee,4,2.0,8.0,error,,2023-09-01
txn_9123562,juice,5,3.0,15.0,credit card,takeaway,
txn_6991430,cookie,5,1.0,5.0,cash,in-store,2023-05-31
txn_6778974,smoothie,2,4.0,8.0,,,2023-09-07
txn_1818438,coffee,5,2.0,10.0,cash,,2023-06-18
txn_5486886,smoothie,1,4.0,4.0,,,2023-12-23
txn_5470598,cake,3,3.0,9.0,digital wallet,in-store,2023-03-14
txn_3186333,cookie,5,1.0,5.0,cash,in-store,2023-08-19
txn_8748633,sandwich,5,,20.0,cash,takeaway,2023-04-27
txn_3228558,sandwich,2,4.0,8.0,credit card,,2023-12-13
txn_6388107,,3,3.0,9.0,digital wallet,in-store,2023-12-04
txn_6506895,cake,5,3.0,15.0,credit card,in-store,2023-08-10
txn_2917211,smoothie,5,4.0,20.0,digital wallet,takeaway,2023-11-19
txn_5882566,cake,1,3.0,3.0,,takeaway,2023-07-09
txn_2413548,tea,2,1.5,3.0,credit card,,2023-08-12
txn_6633097,juice,4,3.0,12.0,credit card,in-store,
txn_7116936,coffee,5,2.0,10.0,credit card,takeaway,2023-05-19
txn_7991322,coffee,5,2.0,10.0,digital wallet,,2023-11-14
txn_1914728,,5,1.0,5.0,cash,in-store,2023-06-16
txn_4209748,cookie,2,1.0,2.0,digital wallet,takeaway,2023-10-24
txn_8941438,juice,4,3.0,12.0,digital wallet,,2023-07-23
txn_7932127,coffee,3,2.0,,,,2023-07-29
txn_7097699,tea,4,1.5,6.0,,takeaway,2023-12-16
txn_7054849,cake,4,3.0,12.0,cash,takeaway,2023-06-16
txn_7185724,cake,4,3.0,12.0,error,takeaway,2023-05-06
txn_5664982,tea,5,1.5,,digital wallet,in-store,2023-12-24
txn_9378562,juice,3,3.0,9.0,,,2023-09-06
txn_2892693,cookie,4,1.0,4.0,credit card,in-store,2023-03-02
txn_2265603,smoothie,3,4.0,12.0,digital wallet,takeaway,
txn_6552269,unknown,4,3.0,12.0,cash,takeaway,2023-04-29
txn_4639918,sandwich,1,4.0,4.0,digital wallet,error,2023-11-05
txn_6037144,tea,3,1.5,4.5,cash,takeaway,2023-09-02
txn_3494014,cake,1,3.0,3.0,credit card,in-store,2023-06-09
txn_3656884,coffee,5,2.0,10.0,credit card,,2023-10-08
txn_2277013,smoothie,3,4.0,12.0,,,2023-07-26
txn_5423636,sandwich,4,4.0,16.0,cash,unknown,2023-10-18
txn_8040251,coffee,1,2.0,2.0,digital wallet,,2023-04-16
txn_1635137,cake,2,3.0,6.0,cash,,2023-12-28
txn_8411549,tea,4,,6.0,credit card,in-store,2023-02-15
txn_3747376,unknown,2,1.0,2.0,digital wallet,takeaway,2023-11-03
txn_1503903,tea,1,1.5,1.5,cash,takeaway,2023-03-20
txn_8606152,smoothie,5,4.0,20.0,credit card,,2023-08-05
txn_1260517,smoothie,5,4.0,20.0,digital wallet,takeaway,2023-04-17
txn_6898368,smoothie,3,4.0,12.0,digital wallet,,2023-05-01
txn_2224251,juice,4,3.0,,digital wallet,takeaway,2023-04-14
txn_4567429,tea,3,1.5,4.5,cash,,2023-10-11
txn_8622404,cookie,3,1.0,,,,2023-09-21
txn_1152249,smoothie,3,4.0,,,in-store,2023-05-09
txn_2989533,salad,5,5.0,25.0,,takeaway,2023-01-30
txn_3734446,,5,2.0,10.0,digital wallet,,2023-04-16
txn_9517380,tea,4,,6.0,cash,,2023-10-29
txn_3599216,error,error,1.5,1.5,cash,in-store,2023-09-21
txn_1363508,salad,4,5.0,20.0,cash,,2023-08-08
txn_7969017,tea,3,1.5,4.5,digital wallet,,2023-02-17
txn_6987705,cookie,5,1.0,5.0,cash,,2023-06-04
txn_8490157,salad,2,5.0,10.0,credit card,in-store,2023-09-06
txn_7878395,salad,3,5.0,15.0,credit card,in-store,2023-05-26
txn_1672632,,3,5.0,15.0,digital wallet,,2023-07-04
txn_9216314,cake,1,3.0,3.0,credit card,unknown,2023-03-07
txn_1647144,salad,2,,10.0,,takeaway,2023-08-29
txn_4090464,sandwich,5,4.0,20.0,cash,takeaway,2023-01-16
txn_2172301,cookie,4,1.0,4.0,digital wallet,takeaway,2023-04-06
txn_3730077,cookie,2,1.0,2.0,credit card,,2023-07-08
txn_8253046,cake,1,3.0,3.0,error,in-store,2023-12-20
txn_2901304,cookie,3,1.0,3.0,,error,2023-07-01
txn_6198799,salad,1,,5.0,,,2023-05-27
txn_9910573,salad,2,5.0,,,takeaway,2023-01-28
txn_3680192,salad,4,5.0,20.0,digital wallet,takeaway,2023-05-20
txn_9268974,sandwich,2,4.0,8.0,digital wallet,takeaway,2023-10-29
txn_7435796,coffee,2,2.0,4.0,cash,in-store,2023-11-03
txn_1882390,cookie,1,1.0,1.0,,takeaway,2023-05-22
txn_2465074,smoothie,1,4.0,,digital wallet,,2023-09-29
txn_8038871,juice,5,3.0,15.0,digital wallet,,2023-06-09
txn_1269172,sandwich,1,4.0,4.0,cash,,2023-08-22
txn_4564556,coffee,3,2.0,6.0,credit card,,2023-11-21
txn_8139533,smoothie,1,,4.0,cash,in-store,2023-09-21
txn_1998401,,1,4.0,4.0,cash,,2023-09-17
txn_9327493,unknown,1,2.0,2.0,,unknown,2023-03-27
txn_7349319,cookie,3,1.0,3.0,digital wallet,,2023-03-10
txn_7294526,smoothie,5,4.0,20.0,digital wallet,takeaway,2023-12-02
txn_5618976,coffee,2,2.0,4.0,cash,takeaway,2023-12-05
txn_3964398,cake,4,3.0,12.0,credit card,takeaway,2023-10-20
txn_4372163,sandwich,1,4.0,4.0,,,2023-03-10
txn_7242133,coffee,3,2.0,6.0,,unknown,2023-05-20
txn_7083168,cookie,4,1.0,4.0,,takeaway,2023-06-01
txn_5107006,unknown,4,1.0,4.0,,,2023-04-18
txn_1210183,tea,3,1.5,4.5,error,in-store,2023-01-23
txn_3419352,salad,3,5.0,15.0,digital wallet,in-store,2023-10-22
txn_1900036,cookie,1,1.0,1.0,unknown,,2023-12-20
txn_7497565,cookie,4,1.0,4.0,,takeaway,2023-10-07
txn_6851735,unknown,1,1.0,1.0,digital wallet,,2023-01-17
txn_6716918,coffee,2,2.0,4.0,,,2023-04-10
txn_6654975,salad,3,5.0,15.0,,in-store,2023-08-11
txn_9184804,cookie,2,,2.0,digital wallet,,2023-11-08
txn_9100063,sandwich,2,4.0,8.0,,in-store,2023-09-16
txn_6202631,tea,2,1.5,3.0,digital wallet,takeaway,2023-07-29
txn_1868447,tea,3,1.5,4.5,cash,error,2023-09-30
txn_4726531,salad,5,5.0,25.0,cash,takeaway,2023-09-09
txn_8640655,coffee,3,2.0,6.0,,unknown,2023-12-27
txn_8377812,tea,2,1.5,3.0,digital wallet,in-store,2023-03-27
txn_2603561,coffee,3,2.0,6.0,digital wallet,,2023-04-25
txn_9822173,cake,5,3.0,15.0,digital wallet,,2023-05-22
txn_2163150,salad,1,5.0,5.0,cash,in-store,2023-08-25
txn_2371464,smoothie,4,4.0,16.0,cash,in-store,2023-09-20
txn_3389521,salad,5,,25.0,digital wallet,,2023-02-10
txn_8916290,salad,5,5.0,25.0,digital wallet,,2023-07-08
txn_6130281,error,2,4.0,8.0,cash,,2023-01-18
txn_2505416,cookie,unknown,1.0,2.0,error,unknown,2023-05-18
txn_8275626,coffee,2,2.0,4.0,,takeaway,2023-09-10
txn_9803409,cookie,4,1.0,4.0,,in-store,2023-01-24
txn_3094597,sandwich,4,4.0,16.0,,,2023-03-11
txn_5276842,coffee,2,2.0,4.0,digital wallet,takeaway,2023-06-26
txn_1367003,salad,5,5.0,25.0,cash,in-store,2023-11-10
txn_1752992,unknown,3,2.0,6.0,,,2023-12-12
txn_5716276,unknown,4,1.5,6.0,digital wallet,,2023-09-12
txn_5696844,cookie,2,1.0,2.0,,in-store,2023-01-29
txn_5672156,cookie,2,,2.0,credit card,in-store,2023-07-05
txn_6480646,error,2,1.5,3.0,,takeaway,2023-10-28
txn_1603051,error,4,1.0,4.0,credit card,takeaway,2023-03-21
txn_6293225,cake,4,3.0,12.0,cash,unknown,2023-07-02
txn_6567880,sandwich,5,,20.0,credit card,,2023-08-15
txn_6355620,cookie,1,,1.0,cash,,2023-06-18
txn_3466686,smoothie,3,4.0,12.0,digital wallet,takeaway,2023-09-03
txn_6064301,cookie,1,1.0,1.0,credit card,takeaway,2023-07-12
txn_5005674,salad,4,5.0,20.0,credit card,in-store,2023-10-03
txn_1714471,juice,4,3.0,12.0,cash,takeaway,2023-08-17
txn_5420062,unknown,4,5.0,20.0,cash,in-store,2023-06-06
txn_6377813,salad,2,5.0,10.0,credit card,,2023-08-07
txn_3271393,smoothie,4,4.0,16.0,cash,in-store,
txn_2857444,smoothie,1,,,cash,takeaway,2023-05-10
txn_1064565,juice,4,3.0,12.0,digital wallet,in-store,2023-03-14
txn_1784150,unknown,3,1.0,,,,2023-03-10
txn_9104545,juice,2,3.0,6.0,digital wallet,takeaway,2023-03-19
txn_2108125,coffee,1,2.0,2.0,credit card,in-store,2023-10-06
txn_7795324,salad,2,5.0,10.0,,,2023-06-28
txn_1203191,coffee,5,2.0,10.0,error,in-store,2023-10-12
txn_8743849,juice,2,3.0,6.0,digital wallet,takeaway,2023-05-04
txn_8588231,cake,4,3.0,12.0,,takeaway,2023-09-02
txn_6324818,salad,5,5.0,25.0,,,2023-06-26
txn_4536827,cookie,3,,3.0,digital wallet,takeaway,2023-10-14
txn_6226704,,4,2.0,8.0,digital wallet,in-store,2023-09-07
txn_2693108,cookie,3,1.0,,cash,in-store,2023-11-18
txn_6234070,smoothie,2,4.0,8.0,credit card,takeaway,2023-01-31
txn_9816901,coffee,2,2.0,4.0,cash,error,2023-12-07
txn_9489495,coffee,1,2.0,2.0,credit card,,2023-05-20
txn_7637178,coffee,3,2.0,6.0,digital wallet,takeaway,2023-05-26
txn_1281536,smoothie,5,4.0,20.0,digital wallet,in-store,2023-03-19
txn_2591969,salad,error,5.0,20.0,credit card,in-store,
txn_8736069,tea,5,1.5,7.5,cash,takeaway,2023-07-06
txn_7975336,tea,5,1.5,,credit card,takeaway,2023-12-03
txn_9278090,cake,5,3.0,15.0,credit card,,2023-12-28
txn_8939048,cookie,3,1.0,3.0,digital wallet,,
txn_1193809,tea,3,1.5,4.5,digital wallet,,2023-01-21
txn_9281710,juice,3,3.0,9.0,credit card,in-store,2023-08-05
txn_3784001,sandwich,1,4.0,4.0,,takeaway,
txn_3291149,coffee,5,2.0,10.0,,,2023-12-09
txn_3596270,coffee,unknown,2.0,8.0,credit card,takeaway,2023-05-05
txn_8172182,cake,2,3.0,6.0,,,2023-06-22
txn_3902135,tea,4,1.5,6.0,credit card,error,2023-06-20
txn_9007414,cake,3,3.0,9.0,cash,,2023-12-08
txn_9131337,sandwich,4,4.0,16.0,credit card,takeaway,2023-05-24
txn_2278015,tea,2,1.5,3.0,digital wallet,in-store,2023-04-10
txn_1077060,coffee,3,2.0,6.0,,takeaway,2023-08-22
txn_9362728,sandwich,1,4.0,4.0,,in-store,2023-12-26
txn_6471185,juice,unknown,3.0,15.0,,in-store,2023-03-17
txn_5677927,unknown,5,5.0,25.0,digital wallet,,2023-12-20
txn_6177081,cookie,error,,1.0,cash,error,2023-07-26
txn_9281586,sandwich,5,4.0,20.0,,error,2023-05-20
txn_8721484,error,4,2.0,8.0,,unknown,2023-04-03
txn_9350427,juice,5,3.0,15.0,,,2023-01-24
txn_7860054,tea,5,1.5,7.5,credit card,in-store,2023-02-07
txn_9233730,tea,5,1.5,7.5,credit card,,2023-05-28
txn_8304399,tea,2,1.5,3.0,cash,in-store,2023-06-08
txn_1538515,juice,4,3.0,12.0,cash,,2023-06-11
txn_9774251,,2,3.0,6.0,digital wallet,takeaway,2023-06-16
txn_4565233,salad,3,5.0,15.0,credit card,in-store,2023-11-16
txn_6898341,tea,2,1.5,3.0,credit card,in-store,2023-08-21
txn_1016246,coffee,1,2.0,2.0,error,,2023-01-19
txn_9160109,cake,1,3.0,3.0,credit card,,2023-08-03
txn_1082012,smoothie,5,4.0,20.0,credit card,,2023-01-04
txn_8325464,unknown,5,4.0,20.0,credit card,takeaway,2023-08-02
txn_7322436,sandwich,3,4.0,12.0,digital wallet,in-store,2023-06-29
txn_1733916,sandwich,4,4.0,16.0,digital wallet,in-store,2023-01-12
txn_6068564,cake,4,3.0,,credit card,takeaway,2023-09-28
txn_7023753,coffee,error,2.0,10.0,credit card,takeaway,2023-05-16
txn_4507630,smoothie,2,4.0,8.0,unknown,takeaway,2023-05-11
txn_5037728,smoothie,unknown,4.0,12.0,credit card,error,2023-08-18
txn_4577234,unknown,4,3.0,12.0,unknown,in-store,2023-06-09
txn_6309570,smoothie,1,4.0,4.0,digital wallet,in-store,2023-09-26
txn_7587652,unknown,1,3.0,3.0,cash,,2023-08-23
txn_1118799,error,4,4.0,,credit card,takeaway,2023-09-19
txn_5738282,cake,4,3.0,12.0,credit card,in-store,
txn_8192063,juice,4,3.0,12.0,cash,,2023-02-06
txn_2687593,unknown,5,3.0,15.0,,takeaway,2023-06-27
txn_1603563,cake,4,3.0,12.0,,takeaway,2023-04-13
txn_6346483,coffee,1,2.0,2.0,credit card,,2023-06-08
txn_3499910,cookie,4,1.0,4.0,credit card,takeaway,2023-09-29
txn_8616276,unknown,2,,3.0,digital wallet,takeaway,2023-07-22
txn_5941840,cookie,4,1.0,4.0,,,2023-04-01
txn_6249023,juice,1,3.0,3.0,credit card,,2023-11-03
txn_8620426,cookie,3,1.0,3.0,credit card,takeaway,2023-11-28
txn_2037742,cake,4,3.0,12.0,digital wallet,in-store,2023-11-14
txn_7013527,salad,2,5.0,10.0,credit card,in-store,2023-05-18
txn_2798420,tea,5,1.5,7.5,digital wallet,takeaway,2023-03-17
txn_6500126,smoothie,2,,,,unknown,
txn_8106064,cookie,unknown,1.0,1.0,,,2023-06-17
txn_5483442,tea,unknown,1.5,7.5,cash,,2023-04-03
txn_3926570,coffee,3,2.0,6.0,,unknown,2023-09-04
txn_9489442,,3,2.0,6.0,credit card,takeaway,2023-02-06
txn_5506907,cookie,2,1.0,2.0,cash,takeaway,2023-12-08
txn_8155325,,5,2.0,10.0,digital wallet,in-store,2023-11-27
txn_5353468,tea,2,1.5,3.0,credit card,in-store,2023-11-30
txn_2111293,smoothie,3,4.0,12.0,,takeaway,2023-05-29
txn_2101632,sandwich,4,4.0,16.0,,takeaway,2023-06-12
txn_3355537,tea,3,1.5,4.5,digital wallet,error,2023-01-09
txn_4594866,cookie,1,1.0,1.0,digital wallet,error,2023-03-24
txn_7485712,sandwich,4,4.0,16.0,cash,in-store,2023-04-15
txn_4848431,salad,5,5.0,25.0,credit card,,2023-01-09
txn_7352058,coffee,2,2.0,4.0,unknown,takeaway,2023-08-24
txn_3442244,cake,4,3.0,12.0,,takeaway,2023-05-13
txn_9810868,cookie,1,1.0,1.0,credit card,takeaway,2023-10-05
txn_1430778,,1,1.5,1.5,credit card,takeaway,2023-05-26
txn_4837909,cake,5,3.0,15.0,,takeaway,2023-11-19
txn_4722816,salad,4,5.0,20.0,cash,in-store,2023-10-19
txn_1833012,salad,3,5.0,15.0,digital wallet,,2023-08-16
txn_6933222,tea,1,1.5,1.5,cash,,2023-01-22
txn_7737862,cookie,2,1.0,2.0,credit card,,2023-08-29
txn_7814690,smoothie,1,4.0,4.0,credit card,takeaway,2023-05-10
txn_8880299,unknown,1,1.5,1.5,unknown,,2023-11-16
txn_6083650,coffee,2,2.0,4.0,digital wallet,takeaway,2023-07-01
txn_8342990,tea,1,1.5,1.5,digital wallet,takeaway,2023-04-23
txn_4407959,tea,1,1.5,1.5,digital wallet,takeaway,2023-01-28
txn_4382970,tea,,1.5,1.5,,in-store,2023-06-04
txn_3422759,salad,5,5.0,25.0,credit card,takeaway,2023-02-19
txn_1074435,coffee,1,2.0,2.0,,in-store,2023-11-25
txn_8164332,tea,4,1.5,6.0,cash,takeaway,2023-04-22
txn_1912525,error,4,4.0,16.0,cash,takeaway,2023-11-25
txn_9715885,smoothie,4,4.0,16.0,unknown,in-store,2023-06-16
txn_1583983,tea,3,1.5,4.5,credit card,,2023-03-02
txn_3634860,juice,5,3.0,15.0,credit card,,2023-05-28
txn_5732357,tea,5,1.5,7.5,credit card,,2023-05-06
txn_2379052,unknown,1,5.0,5.0,,,2023-02-16
txn_7502273,unknown,5,2.0,10.0,unknown,in-store,2023-11-14
txn_2567222,coffee,3,2.0,6.0,unknown,takeaway,2023-09-09
txn_3166181,cookie,3,1.0,3.0,credit card,in-store,2023-05-21
txn_5644074,sandwich,2,,8.0,digital wallet,in-store,2023-11-08
txn_5173881,cookie,3,1.0,3.0,cash,takeaway,2023-01-29
txn_2396923,cookie,1,,1.0,digital wallet,,2023-11-02
txn_7249235,error,3,4.0,12.0,cash,error,2023-05-27
txn_9612877,smoothie,1,4.0,4.0,cash,in-store,2023-03-07
txn_4841285,tea,2,1.5,3.0,credit card,unknown,2023-05-04
txn_1263426,sandwich,2,,8.0,,unknown,2023-10-20
txn_5293518,sandwich,3,,12.0,,in-store,2023-07-16
txn_4296204,salad,5,5.0,25.0,digital wallet,in-store,2023-11-28
txn_7180164,sandwich,error,4.0,20.0,cash,takeaway,2023-01-05
txn_6478978,juice,3,3.0,9.0,credit card,takeaway,2023-10-27
txn_2030107,juice,4,3.0,12.0,,takeaway,2023-01-03
txn_4897182,cake,3,3.0,9.0,cash,takeaway,2023-11-26
txn_4612269,salad,5,,25.0,,error,2023-01-09
txn_7630750,juice,2,3.0,6.0,digital wallet,in-store,2023-03-16
txn_6380978,tea,1,1.5,1.5,cash,,2023-12-31
txn_3744974,unknown,1,3.0,3.0,,in-store,2023-01-09
txn_7551023,salad,5,5.0,25.0,cash,,2023-10-06
txn_2629168,juice,1,3.0,3.0,credit card,,
txn_6416741,coffee,error,2.0,8.0,cash,,2023-12-03
txn_1269252,cake,1,3.0,3.0,digital wallet,takeaway,2023-07-18
txn_2377708,cookie,1,1.0,1.0,,takeaway,2023-01-03
txn_3193212,cake,1,3.0,3.0,cash,in-store,2023-11-23
txn_1427963,coffee,1,2.0,2.0,cash,,2023-10-14
txn_3391446,tea,1,1.5,1.5,,takeaway,2023-01-14
txn_4849180,unknown,5,,15.0,credit card,in-store,2023-10-14
txn_2370338,cake,4,3.0,12.0,credit card,takeaway,2023-10-30
txn_8628848,juice,1,3.0,3.0,credit card,in-store,2023-01-29
txn_4294955,salad,5,5.0,25.0,unknown,unknown,2023-10-19
txn_6894703,cookie,1,1.0,1.0,digital wallet,,2023-06-06
txn_9926931,cookie,5,1.0,,,takeaway,2023-01-26
txn_9681369,salad,5,5.0,25.0,,,2023-10-23
txn_9246948,cake,5,3.0,15.0,credit card,,2023-11-11
txn_8519330,cookie,4,1.0,4.0,,,2023-03-18
txn_1720329,cookie,2,1.0,,cash,,2023-04-06
txn_9859715,smoothie,5,4.0,20.0,,,2023-07-11
txn_2805332,cake,4,3.0,12.0,cash,,2023-08-10
txn_4807265,sandwich,3,4.0,12.0,digital wallet,error,2023-11-19
txn_5275315,smoothie,2,4.0,8.0,digital wallet,in-store,2023-01-19
txn_7423281,juice,1,3.0,3.0,digital wallet,,2023-06-01
txn_9764251,cookie,4,1.0,4.0,error,takeaway,2023-06-18
txn_1034956,sandwich,4,4.0,16.0,cash,in-store,
txn_9272043,cake,4,3.0,12.0,,,2023-04-20
txn_5591048,unknown,3,2.0,6.0,,in-store,2023-01-15
txn_4455667,sandwich,2,4.0,8.0,credit card,,2023-08-13
txn_9945729,,2,5.0,10.0,digital wallet,,2023-02-03
txn_8124663,sandwich,2,4.0,8.0,credit card,takeaway,2023-10-15
txn_1769466,unknown,5,2.0,10.0,digital wallet,takeaway,2023-08-01
txn_3209184,salad,error,5.0,20.0,cash,takeaway,2023-03-19
txn_6717074,tea,3,1.5,4.5,digital wallet,takeaway,2023-06-12
txn_2833327,unknown,3,2.0,6.0,cash,,2023-07-05
txn_3856021,salad,1,5.0,5.0,credit card,,2023-02-24
txn_2902289,tea,5,1.5,7.5,credit card,in-store,2023-12-16
txn_9456575,tea,5,1.5,7.5,cash,,2023-06-10
txn_9231214,tea,4,1.5,6.0,digital wallet,takeaway,2023-05-24
txn_6935106,tea,5,1.5,7.5,,in-store,
txn_2005789,juice,3,3.0,9.0,credit card,takeaway,2023-03-13
txn_4814965,salad,2,5.0,10.0,digital wallet,,2023-07-23
txn_5656252,sandwich,4,4.0,16.0,,takeaway,2023-08-04
txn_6739950,salad,error,5.0,20.0,credit card,in-store,2023-03-04
txn_1165762,,3,2.0,6.0,credit card,,2023-10-22
txn_1122700,salad,5,5.0,,digital wallet,in-store,2023-11-09
txn_6441337,coffee,5,2.0,10.0,error,takeaway,2023-02-22
txn_9134335,cake,3,3.0,9.0,digital wallet,takeaway,2023-01-30
txn_7278970,salad,2,5.0,10.0,,in-store,2023-08-15
txn_7376255,unknown,unknown,,25.0,,in-store,2023-05-27
txn_1075969,cookie,2,1.0,2.0,digital wallet,error,2023-08-13
txn_1972843,coffee,2,2.0,4.0,error,error,2023-02-20
txn_9546951,sandwich,4,4.0,16.0,,,2023-12-14
txn_2336946,sandwich,4,4.0,16.0,,,2023-05-29
txn_4219548,coffee,5,2.0,10.0,,takeaway,2023-07-24
txn_5799196,sandwich,3,4.0,12.0,digital wallet,,2023-12-03
txn_3337203,smoothie,3,4.0,12.0,,takeaway,2023-11-16
txn_4561006,juice,3,3.0,9.0,credit card,,2023-11-23
txn_6652858,salad,5,5.0,25.0,credit card,in-store,2023-09-13
txn_5932892,juice,4,3.0,12.0,digital wallet,in-store,2023-11-19
txn_7466586,salad,4,5.0,20.0,digital wallet,takeaway,2023-04-02
txn_4207981,smoothie,1,4.0,4.0,digital wallet,in-store,2023-03-17
txn_2771482,salad,4,5.0,20.0,credit card,,2023-02-03
txn_9450903,smoothie,3,4.0,12.0,digital wallet,,2023-04-07
txn_1165779,cookie,4,1.0,4.0,digital wallet,takeaway,2023-06-30
txn_8205635,cake,5,3.0,15.0,credit card,error,
txn_1984966,,2,1.5,3.0,credit card,takeaway,2023-03-31
txn_4607933,smoothie,2,4.0,8.0,credit card,in-store,2023-09-22
txn_3486178,cake,5,3.0,15.0,cash,,2023-06-09
txn_2324227,cookie,1,1.0,1.0,digital wallet,in-store,2023-06-07
txn_2452819,cookie,3,1.0,3.0,credit card,in-store,2023-07-31
txn_2342256,tea,3,1.5,4.5,,,
txn_4789193,juice,3,3.0,9.0,,,2023-02-21
txn_5743519,smoothie,2,4.0,,cash,,2023-05-23
txn_1783857,coffee,2,,4.0,digital wallet,in-store,2023-11-29
txn_6269540,error,error,4.0,12.0,,,2023-12-06
txn_8106538,coffee,3,,6.0,digital wallet,,2023-07-09
txn_6732494,coffee,2,2.0,4.0,credit card,takeaway,2023-03-18
txn_3828620,error,1,5.0,5.0,,in-store,2023-10-15
txn_9958548,tea,4,1.5,6.0,,in-store,
txn_5458161,sandwich,1,4.0,4.0,digital wallet,takeaway,2023-07-19
txn_1518379,juice,4,3.0,12.0,,in-store,2023-08-12
txn_9097840,tea,3,1.5,4.5,credit card,,2023-02-06
txn_5747094,juice,2,3.0,6.0,digital wallet,takeaway,2023-05-11
txn_9782087,sandwich,4,4.0,16.0,credit card,in-store,2023-07-27
txn_5824950,coffee,1,2.0,2.0,credit card,in-store,2023-12-06
txn_6682782,cookie,5,1.0,5.0,cash,in-store,2023-12-15
txn_2468359,,2,5.0,10.0,,,2023-07-20
txn_1902038,unknown,4,2.0,8.0,credit card,takeaway,2023-04-07
txn_9405019,cake,5,3.0,15.0,,,
txn_7210366,cake,2,3.0,6.0,digital wallet,unknown,2023-03-25
txn_6327785,error,3,1.5,4.5,credit card,,2023-11-20
txn_3206293,cookie,5,1.0,5.0,digital wallet,takeaway,2023-05-04
txn_5827969,salad,5,5.0,25.0,digital wallet,,2023-07-03
txn_6999471,,1,3.0,3.0,,,2023-08-07
txn_2859077,smoothie,3,4.0,12.0,digital wallet,takeaway,2023-01-31
txn_3643361,tea,1,1.5,,cash,,2023-01-12
txn_8066306,cake,5,3.0,15.0,digital wallet,takeaway,2023-01-07
txn_2260351,coffee,3,2.0,6.0,cash,,2023-10-26
txn_5224275,cookie,4,1.0,4.0,credit card,in-store,2023-12-17
txn_3842567,salad,1,5.0,5.0,credit card,in-store,2023-03-13
txn_8515063,unknown,3,1.0,3.0,,takeaway,2023-12-06
txn_2188137,unknown,1,1.5,1.5,credit card,unknown,2023-01-15
txn_3104589,error,2,1.0,2.0,cash,takeaway,2023-03-01
txn_9638367,coffee,1,2.0,2.0,unknown,,2023-07-22
txn_8742742,cake,4,3.0,12.0,,unknown,2023-03-07
txn_5687012,salad,2,5.0,10.0,cash,,2023-03-12
txn_5784372,salad,2,,10.0,cash,,2023-05-23
txn_2737300,cake,error,3.0,3.0,,in-store,2023-12-25
txn_5905025,cookie,4,1.0,4.0,,takeaway,2023-03-08
txn_6602557,cake,4,3.0,12.0,cash,takeaway,2023-02-06
txn_8065180,smoothie,5,4.0,20.0,digital wallet,takeaway,2023-06-07
txn_4448424,salad,4,,20.0,digital wallet,,2023-01-31
txn_3396099,coffee,1,2.0,2.0,digital wallet,in-store,2023-04-06
txn_2693431,salad,2,5.0,10.0,digital wallet,,2023-05-20
txn_7767493,sandwich,5,4.0,20.0,credit card,in-store,2023-02-20
txn_2954575,tea,2,1.5,3.0,digital wallet,takeaway,2023-11-14
txn_8983868,unknown,5,2.0,10.0,credit card,,2023-03-10
txn_3540841,error,,1.5,4.5,credit card,in-store,2023-03-22
txn_8933027,juice,5,3.0,15.0,credit card,,2023-07-14
txn_5763287,cake,2,,6.0,credit card,,2023-06-27
txn_7272945,smoothie,4,4.0,16.0,,takeaway,2023-04-13
txn_8511110,tea,3,1.5,4.5,,,2023-10-17
txn_9307650,coffee,3,2.0,6.0,unknown,takeaway,2023-02-22
txn_1812185,juice,2,3.0,6.0,digital wallet,,2023-09-21
txn_2134650,juice,4,3.0,12.0,digital wallet,takeaway,2023-02-11
txn_7899761,juice,2,3.0,6.0,unknown,in-store,2023-10-08
txn_6785552,juice,5,3.0,15.0,cash,,2023-01-19
txn_8794205,cake,4,3.0,12.0,credit card,takeaway,2023-10-22
txn_2464879,cake,2,3.0,6.0,credit card,,2023-10-11
txn_8294790,cookie,1,1.0,1.0,digital wallet,takeaway,2023-09-01
txn_4207219,cake,1,3.0,3.0,cash,in-store,2023-09-16
txn_1921415,cake,1,3.0,3.0,cash,takeaway,2023-11-03
txn_7122109,coffee,5,2.0,10.0,,takeaway,2023-05-19
txn_3601338,cake,3,3.0,9.0,credit card,error,2023-03-06
txn_7403839,coffee,1,2.0,2.0,,,2023-12-23
txn_3709876,coffee,1,2.0,2.0,credit card,takeaway,2023-11-04
txn_6063689,cookie,3,1.0,3.0,cash,in-store,2023-02-01
txn_8126762,coffee,5,2.0,10.0,digital wallet,takeaway,2023-06-08
txn_5940531,tea,1,1.5,1.5,,in-store,2023-01-11
txn_9844453,tea,2,1.5,3.0,,,2023-01-09
txn_5774784,cake,5,3.0,15.0,,in-store,2023-10-04
txn_6241682,sandwich,3,4.0,12.0,,in-store,2023-09-07
txn_1235828,tea,4,1.5,6.0,cash,takeaway,2023-02-19
txn_9206403,cookie,1,1.0,1.0,,in-store,2023-12-15
txn_8377178,coffee,5,2.0,10.0,,,2023-02-03
txn_8125141,tea,3,1.5,4.5,,takeaway,2023-04-18
txn_9673343,,2,4.0,8.0,cash,in-store,2023-06-22
txn_8734331,,3,1.5,4.5,,,2023-05-17
txn_9565246,coffee,5,2.0,10.0,cash,unknown,2023-12-28
txn_9914747,coffee,5,2.0,10.0,,,2023-12-05
txn_6148776,coffee,5,2.0,,,takeaway,2023-03-02
txn_4992510,cookie,4,1.0,4.0,cash,in-store,2023-01-26
txn_8384806,sandwich,3,,12.0,,takeaway,2023-07-07
txn_6472826,juice,4,3.0,12.0,cash,in-store,2023-04-11
txn_8131052,cookie,1,1.0,1.0,credit card,takeaway,2023-09-16
txn_8425819,sandwich,1,4.0,4.0,,,2023-01-09
txn_8116619,smoothie,3,4.0,12.0,cash,in-store,
txn_6636395,juice,4,3.0,12.0,cash,in-store,2023-01-30
txn_2137354,coffee,2,2.0,4.0,,unknown,2023-05-17
txn_3353615,coffee,4,2.0,8.0,credit card,takeaway,2023-07-24
txn_2703095,salad,1,5.0,5.0,,unknown,2023-10-05
txn_7282082,sandwich,4,4.0,16.0,,in-store,2023-02-02
txn_6705109,cake,3,3.0,9.0,cash,in-store,2023-08-05
txn_1857902,sandwich,5,4.0,20.0,error,takeaway,2023-04-26
txn_5788053,sandwich,5,4.0,20.0,digital wallet,,2023-01-04
txn_8650185,smoothie,5,4.0,20.0,cash,,2023-06-13
txn_1171281,coffee,2,2.0,4.0,digital wallet,,2023-02-06
txn_9875865,cookie,3,1.0,,digital wallet,error,2023-10-23
txn_6244602,cake,5,3.0,15.0,digital wallet,,2023-05-06
txn_5093855,,4,,6.0,cash,takeaway,2023-11-23
txn_5588102,error,4,1.0,4.0,credit card,in-store,2023-01-14
txn_7762815,smoothie,5,4.0,20.0,credit card,,2023-07-26
txn_8421481,coffee,4,2.0,8.0,digital wallet,takeaway,2023-07-27
txn_3717307,cookie,,1.0,1.0,credit card,in-store,2023-07-02
txn_6201227,salad,2,5.0,10.0,cash,takeaway,2023-01-15
txn_9052231,sandwich,1,4.0,4.0,credit card,in-store,2023-08-20
txn_8228865,juice,3,3.0,9.0,digital wallet,in-store,2023-09-19
txn_5875188,salad,3,5.0,15.0,digital wallet,in-store,2023-07-09
txn_7997704,sandwich,2,4.0,,digital wallet,,2023-04-28
txn_4409875,cake,3,3.0,9.0,digital wallet,,2023-09-08
txn_4015427,cookie,5,1.0,5.0,credit card,,2023-08-05
txn_3358787,cake,1,3.0,3.0,digital wallet,,2023-06-10
txn_8557847,,4,4.0,16.0,,takeaway,2023-09-02
txn_1307239,coffee,1,2.0,2.0,digital wallet,takeaway,2023-10-26
txn_5138519,cake,5,3.0,15.0,cash,in-store,2023-05-22
txn_8763436,juice,4,3.0,12.0,cash,,2023-04-11
txn_3067609,unknown,4,5.0,,cash,,2023-12-25
txn_2450896,smoothie,1,4.0,4.0,digital wallet,takeaway,
txn_4052950,salad,2,5.0,10.0,credit card,unknown,2023-03-13
txn_2207332,coffee,1,2.0,2.0,credit card,,2023-01-12
txn_6633385,error,2,3.0,6.0,credit card,takeaway,2023-02-12
txn_8302551,cake,4,3.0,12.0,,,
txn_6710660,salad,2,5.0,10.0,cash,in-store,2023-02-08
txn_9523369,coffee,3,2.0,6.0,digital wallet,takeaway,2023-08-25
txn_3548756,juice,3,3.0,9.0,digital wallet,,2023-02-24
txn_9332035,cookie,2,1.0,2.0,digital wallet,,2023-11-02
txn_7539774,salad,1,,5.0,,in-store,2023-02-12
txn_7846513,sandwich,3,4.0,12.0,credit card,,2023-10-19
txn_6188931,cake,5,3.0,15.0,digital wallet,in-store,2023-01-28
txn_6707466,salad,,5.0,10.0,credit card,,2023-04-02
txn_4076392,coffee,3,2.0,6.0,,in-store,2023-12-24
txn_2365394,cake,2,3.0,6.0,digital wallet,in-store,2023-04-06
txn_7089466,cookie,4,1.0,4.0,,,2023-12-26
txn_2898188,salad,4,5.0,20.0,digital wallet,takeaway,2023-04-26
txn_1632205,cookie,4,1.0,4.0,error,in-store,2023-02-04
txn_3741197,cake,4,3.0,12.0,credit card,,2023-10-13
txn_5300938,tea,5,1.5,7.5,cash,takeaway,2023-10-30
txn_3547013,tea,3,1.5,4.5,,unknown,2023-04-26
txn_7705748,juice,3,3.0,9.0,digital wallet,,2023-07-14
txn_7469391,coffee,5,2.0,10.0,cash,in-store,
txn_8073173,tea,5,1.5,7.5,cash,,2023-07-05
txn_1489746,cookie,3,1.0,3.0,digital wallet,in-store,2023-12-18
txn_2864951,tea,5,1.5,7.5,credit card,takeaway,2023-10-09
txn_6817889,tea,1,1.5,1.5,,,2023-10-04
txn_7809825,unknown,2,4.0,8.0,credit card,,2023-08-26
txn_7402573,sandwich,4,4.0,,,takeaway,2023-02-13
txn_4762520,smoothie,1,4.0,4.0,cash,takeaway,2023-07-17
txn_6869880,juice,4,3.0,12.0,digital wallet,takeaway,2023-08-05
txn_3054405,juice,3,3.0,9.0,cash,in-store,2023-11-19
txn_2085992,cake,1,3.0,3.0,,takeaway,2023-05-15
txn_1443201,cookie,5,1.0,5.0,credit card,in-store,2023-10-03
txn_9157460,cake,4,3.0,12.0,digital wallet,takeaway,2023-01-23
txn_2299364,salad,1,5.0,5.0,cash,in-store,2023-10-26
txn_9948645,salad,1,5.0,5.0,credit card,,2023-08-29
txn_8244640,cookie,1,1.0,1.0,error,takeaway,2023-09-24
txn_9507568,smoothie,4,4.0,16.0,credit card,,2023-10-12
txn_7952916,coffee,4,2.0,8.0,,,2023-12-10
txn_1058927,sandwich,4,4.0,16.0,cash,,2023-07-08
txn_2165365,coffee,5,,10.0,digital wallet,takeaway,2023-06-08
txn_4497327,cookie,2,1.0,2.0,credit card,unknown,2023-11-08
txn_3677890,sandwich,unknown,4.0,12.0,credit card,in-store,2023-02-28
txn_6029333,cake,1,3.0,3.0,,,2023-06-10
txn_9300970,cake,2,3.0,6.0,credit card,takeaway,2023-03-06
txn_3931747,,4,1.0,4.0,,takeaway,2023-01-14
txn_5747642,salad,2,5.0,10.0,cash,takeaway,2023-07-26
txn_1505875,smoothie,4,4.0,16.0,cash,takeaway,2023-05-17
txn_5417192,cookie,4,1.0,4.0,cash,in-store,2023-06-23
txn_1522140,cookie,4,1.0,4.0,cash,,2023-05-28
txn_5357157,juice,4,3.0,12.0,credit card,in-store,2023-05-21
txn_2000400,tea,5,1.5,7.5,digital wallet,takeaway,2023-09-29
txn_5612022,cookie,5,1.0,5.0,digital wallet,error,2023-09-27
txn_3105489,cake,3,3.0,9.0,digital wallet,in-store,2023-03-14
txn_4509329,tea,1,1.5,1.5,,takeaway,2023-10-22
txn_1724815,unknown,,4.0,12.0,,in-store,2023-08-16
txn_2096922,coffee,3,2.0,6.0,digital wallet,takeaway,2023-12-11
txn_2563679,salad,3,5.0,15.0,digital wallet,,2023-04-09
txn_2930503,juice,3,3.0,9.0,,in-store,2023-06-18
txn_9265178,sandwich,4,4.0,16.0,cash,takeaway,2023-03-18
txn_7126770,cake,4,3.0,12.0,credit card,takeaway,2023-11-09
txn_6348409,salad,3,5.0,15.0,credit card,takeaway,2023-07-26
txn_3776109,unknown,1,5.0,5.0,,,2023-05-20
txn_2538739,salad,2,5.0,10.0,,in-store,2023-07-29
txn_4159135,coffee,3,2.0,6.0,,takeaway,2023-02-09
txn_1454866,sandwich,1,,4.0,digital wallet,takeaway,2023-12-13
txn_4654061,sandwich,2,4.0,8.0,credit card,,2023-05-04
txn_8160791,cake,5,3.0,15.0,digital wallet,in-store,2023-10-24
txn_1647069,sandwich,1,4.0,4.0,credit card,takeaway,2023-04-06
txn_8499005,error,5,2.0,10.0,,,2023-10-26
txn_1512185,coffee,4,2.0,8.0,cash,takeaway,2023-06-16
txn_8632653,juice,2,3.0,6.0,error,in-store,2023-12-24
txn_8744240,,4,4.0,16.0,cash,,2023-06-19
txn_4190750,juice,5,3.0,15.0,,takeaway,2023-04-02
txn_9470260,coffee,5,2.0,10.0,,in-store,2023-10-07
txn_6257213,juice,5,3.0,15.0,cash,,2023-12-12
txn_1004563,tea,5,1.5,7.5,credit card,in-store,2023-10-28
txn_5352739,sandwich,4,4.0,,,,2023-07-31
txn_7387056,juice,4,3.0,,credit card,,2023-10-24
txn_1927431,cookie,1,1.0,1.0,credit card,in-store,2023-02-07
txn_3432433,cookie,5,1.0,5.0,cash,in-store,2023-02-19
txn_1130142,cookie,1,1.0,1.0,credit card,in-store,2023-03-13
txn_6682443,cake,4,3.0,12.0,digital wallet,,2023-09-03
txn_3279039,cake,4,3.0,12.0,credit card,in-store,2023-06-26
txn_6119612,,3,3.0,,cash,,2023-12-25
txn_1295824,tea,1,1.5,1.5,credit card,,2023-08-01
txn_8305936,juice,3,3.0,9.0,digital wallet,in-store,2023-08-02
txn_9550664,salad,2,,10.0,,,2023-06-29
txn_3808895,salad,2,5.0,10.0,cash,in-store,2023-07-13
txn_9843811,juice,2,3.0,6.0,credit card,,2023-03-01
txn_6405258,tea,2,1.5,3.0,credit card,takeaway,2023-08-10
txn_1224087,coffee,5,2.0,10.0,digital wallet,takeaway,2023-03-20
txn_7727118,smoothie,5,4.0,20.0,digital wallet,takeaway,2023-11-04
txn_8456072,smoothie,1,4.0,4.0,,in-store,2023-07-11
txn_8173006,salad,3,5.0,15.0,,takeaway,2023-12-21
txn_2769769,error,5,5.0,25.0,credit card,in-store,2023-04-01
txn_8413949,juice,1,3.0,3.0,credit card,in-store,2023-10-14
txn_7538763,smoothie,1,4.0,,,takeaway,2023-11-18
txn_6541110,cookie,3,1.0,3.0,cash,in-store,2023-12-30
txn_6264390,,2,4.0,8.0,cash,,2023-06-29
txn_6814891,coffee,1,2.0,2.0,digital wallet,takeaway,2023-06-26
txn_9884180,salad,1,5.0,5.0,cash,takeaway,2023-05-19
txn_6424202,cookie,2,,,credit card,in-store,2023-11-20
txn_6775024,coffee,2,2.0,4.0,cash,in-store,2023-01-30
txn_8540553,cake,1,3.0,3.0,,in-store,2023-07-13
txn_6501361,salad,5,5.0,25.0,cash,in-store,2023-01-17
txn_5671997,juice,3,,9.0,,takeaway,2023-09-03
txn_4283360,coffee,2,2.0,4.0,credit card,in-store,2023-12-19
txn_3956393,cookie,4,1.0,4.0,credit card,in-store,2023-01-14
txn_1971103,juice,4,3.0,12.0,,,2023-08-22
txn_9576057,tea,5,1.5,7.5,digital wallet,takeaway,2023-03-03
txn_1435035,smoothie,1,4.0,4.0,,in-store,2023-12-31
txn_8111101,sandwich,5,4.0,20.0,cash,,2023-01-12
txn_8323012,tea,3,1.5,4.5,credit card,,2023-12-17
txn_9415451,cake,3,3.0,9.0,,takeaway,2023-01-04
txn_7072883,smoothie,1,4.0,4.0,credit card,,2023-10-05
txn_7455637,juice,3,3.0,9.0,,takeaway,2023-04-23
txn_3779292,salad,2,5.0,10.0,credit card,in-store,2023-12-30
txn_2629420,smoothie,2,4.0,8.0,,takeaway,2023-01-16
txn_5848025,tea,5,1.5,7.5,credit card,in-store,2023-01-19
txn_1452253,sandwich,2,4.0,,,,2023-05-12
txn_4661976,smoothie,3,4.0,12.0,digital wallet,,2023-10-13
txn_4818703,cookie,2,1.0,2.0,digital wallet,takeaway,2023-04-20
txn_9849760,cake,2,3.0,6.0,,takeaway,2023-09-01
txn_6387334,smoothie,5,4.0,,digital wallet,in-store,2023-02-19
txn_6431384,juice,4,3.0,12.0,digital wallet,in-store,2023-08-06
txn_2445017,tea,5,1.5,7.5,,takeaway,2023-07-23
txn_9202190,sandwich,,4.0,20.0,,in-store,2023-08-25
txn_4695464,cookie,4,1.0,4.0,,takeaway,
txn_1486576,sandwich,4,4.0,16.0,,takeaway,2023-09-10
txn_5530717,juice,1,3.0,3.0,credit card,in-store,2023-03-10
txn_7490314,cookie,2,1.0,2.0,,in-store,2023-05-14
txn_1811734,coffee,4,2.0,8.0,,,2023-07-16
txn_3100053,cake,3,3.0,9.0,cash,in-store,2023-12-19
txn_5812394,salad,5,5.0,25.0,cash,,2023-10-17
txn_6315475,coffee,2,2.0,4.0,,,2023-09-23
txn_5477578,smoothie,,4.0,4.0,digital wallet,takeaway,2023-03-12
txn_5373441,salad,1,5.0,,,in-store,2023-06-02
txn_1094145,cookie,3,1.0,3.0,credit card,,2023-03-15
txn_8680875,error,2,1.5,,cash,takeaway,2023-07-21
txn_6504180,smoothie,1,4.0,4.0,digital wallet,in-store,2023-08-31
txn_6378045,sandwich,5,4.0,20.0,digital wallet,in-store,2023-05-07
txn_4502704,tea,4,1.5,6.0,unknown,in-store,2023-04-04
txn_6992967,smoothie,5,4.0,20.0,cash,,2023-08-29
txn_6266147,juice,3,3.0,9.0,credit card,in-store,2023-01-31
txn_7499330,cookie,1,1.0,,credit card,in-store,2023-10-28
txn_8815623,coffee,2,2.0,4.0,digital wallet,in-store,2023-02-03
txn_7632478,juice,2,3.0,6.0,digital wallet,,2023-04-11
txn_5431854,cookie,3,1.0,3.0,,in-store,2023-01-18
txn_3518789,coffee,2,2.0,4.0,digital wallet,takeaway,2023-12-01
txn_6162668,error,4,5.0,20.0,digital wallet,,2023-03-30
txn_4767006,cake,1,3.0,3.0,cash,takeaway,2023-08-23
txn_2880409,tea,4,1.5,6.0,cash,,2023-09-11
txn_4277671,tea,5,1.5,7.5,,takeaway,2023-08-21
txn_8810601,juice,2,3.0,6.0,digital wallet,,2023-08-18
txn_6572164,cookie,4,1.0,4.0,credit card,takeaway,2023-01-15
txn_6281959,,4,1.5,6.0,unknown,in-store,2023-03-16
txn_6714068,coffee,1,,2.0,,,2023-02-17
txn_2470532,error,1,2.0,2.0,digital wallet,in-store,2023-01-21
txn_6920323,sandwich,1,4.0,4.0,credit card,,2023-06-10
txn_6519486,cake,5,3.0,15.0,,,2023-02-05
txn_7524971,tea,4,1.5,6.0,digital wallet,takeaway,2023-09-05
txn_4650447,tea,1,1.5,1.5,cash,unknown,2023-08-18
txn_3928174,coffee,3,2.0,6.0,,,2023-09-11
txn_1475403,cookie,1,1.0,,cash,in-store,
txn_1700027,smoothie,4,4.0,16.0,digital wallet,in-store,2023-06-04
txn_2026084,error,2,2.0,4.0,cash,in-store,2023-10-20
txn_5942938,,3,3.0,9.0,credit card,,2023-05-24
txn_8813764,cookie,unknown,1.0,1.0,credit card,in-store,2023-05-08
txn_5202349,cookie,4,1.0,4.0,,in-store,2023-11-27
txn_2409052,sandwich,1,4.0,4.0,credit card,in-store,2023-07-08
txn_8528546,cake,3,3.0,9.0,cash,,2023-12-09
txn_4849860,tea,4,1.5,6.0,credit card,in-store,2023-12-01
txn_1840897,unknown,1,,5.0,error,,2023-06-03
txn_7689696,error,5,4.0,20.0,digital wallet,takeaway,2023-07-03
txn_6905794,salad,1,5.0,,cash,takeaway,2023-05-31
txn_4469769,salad,5,5.0,25.0,,unknown,2023-08-15
txn_9452261,cake,5,3.0,15.0,,,2023-11-29
txn_7347515,smoothie,3,4.0,12.0,error,takeaway,2023-04-25
txn_1940330,tea,4,1.5,6.0,,in-store,2023-01-12
txn_1576355,coffee,4,2.0,8.0,,,2023-10-20
txn_8615635,unknown,error,1.0,4.0,,in-store,2023-01-12
txn_9511794,cookie,1,1.0,1.0,cash,takeaway,2023-06-10
txn_9024781,smoothie,4,4.0,16.0,cash,in-store,2023-09-12
txn_7771526,juice,1,3.0,3.0,cash,in-store,2023-04-28
txn_7070302,salad,3,5.0,15.0,,in-store,2023-04-30
txn_6511228,salad,4,5.0,20.0,credit card,unknown,2023-11-01
txn_5320512,tea,5,1.5,7.5,,in-store,2023-04-25
txn_2972777,juice,4,,12.0,credit card,,2023-04-08
txn_8591813,coffee,3,2.0,6.0,cash,takeaway,2023-10-31
txn_4095768,salad,5,5.0,25.0,digital wallet,in-store,2023-06-18
txn_9107508,coffee,1,2.0,2.0,,,2023-06-06
txn_2791987,smoothie,unknown,4.0,4.0,credit card,unknown,2023-06-23
txn_6045577,error,3,2.0,6.0,credit card,,2023-07-06
txn_5534944,tea,5,1.5,7.5,credit card,takeaway,2023-01-26
txn_7887682,unknown,2,2.0,4.0,credit card,takeaway,2023-06-17
txn_5037517,unknown,5,4.0,20.0,error,in-store,2023-06-01
txn_6805091,error,2,4.0,8.0,cash,error,2023-12-28
txn_5839300,cake,1,3.0,3.0,credit card,unknown,2023-07-01
txn_7801115,tea,1,1.5,1.5,cash,,2023-12-18
txn_4753853,,5,3.0,15.0,credit card,takeaway,2023-05-07
txn_7145259,juice,2,3.0,6.0,digital wallet,in-store,2023-11-11
txn_2817018,sandwich,3,4.0,12.0,credit card,takeaway,2023-04-25
txn_6762490,juice,5,3.0,15.0,cash,error,2023-05-03
txn_9705872,cookie,3,,3.0,,in-store,
txn_6012446,smoothie,4,4.0,16.0,cash,takeaway,2023-07-20
txn_8936086,sandwich,4,4.0,16.0,,in-store,2023-11-27
txn_4135134,cookie,5,1.0,5.0,credit card,takeaway,2023-08-11
txn_7808032,cookie,4,,4.0,,takeaway,2023-12-19
txn_2212234,juice,2,3.0,6.0,cash,in-store,2023-12-22
txn_8611918,error,3,5.0,15.0,cash,takeaway,2023-06-27
txn_5115009,cake,4,3.0,12.0,,takeaway,2023-02-21
txn_9827492,tea,3,1.5,4.5,,,2023-07-13
txn_6344003,cake,1,3.0,3.0,,,2023-12-22
txn_1993155,juice,1,3.0,3.0,,,2023-05-23
txn_4566012,cookie,5,1.0,5.0,credit card,takeaway,2023-05-10
txn_1030539,cake,3,3.0,9.0,,takeaway,2023-11-06
txn_3830605,coffee,error,2.0,2.0,,takeaway,2023-12-07
txn_5052515,tea,,1.5,1.5,cash,in-store,2023-09-19
txn_5125382,coffee,1,2.0,2.0,digital wallet,in-store,2023-12-26
txn_5015183,cake,2,3.0,6.0,error,in-store,2023-08-29
txn_1661068,salad,3,5.0,15.0,cash,takeaway,2023-04-09
txn_9549381,juice,1,3.0,3.0,digital wallet,in-store,2023-11-23
txn_7812084,sandwich,4,4.0,16.0,cash,in-store,2023-01-17
txn_1694364,sandwich,3,4.0,12.0,,takeaway,2023-06-10
txn_4191925,coffee,2,2.0,4.0,,unknown,2023-10-21
txn_2258091,juice,2,3.0,6.0,,in-store,2023-10-11
txn_6482262,juice,3,3.0,9.0,credit card,,2023-05-13
txn_1951166,tea,2,1.5,,credit card,error,2023-08-28
txn_4552615,cake,2,3.0,6.0,cash,takeaway,2023-04-09
txn_6745856,cake,4,3.0,12.0,cash,in-store,2023-06-16
txn_4898949,salad,1,5.0,5.0,,in-store,2023-09-18
txn_7027560,error,5,1.5,7.5,,in-store,2023-10-05
txn_9646000,error,2,,,,in-store,2023-12-14
txn_2338426,coffee,2,2.0,4.0,,,2023-05-07
txn_3369191,cookie,5,1.0,5.0,cash,takeaway,2023-02-07
txn_5551020,sandwich,2,4.0,,credit card,,2023-01-31
txn_9269683,sandwich,5,4.0,20.0,digital wallet,,2023-09-26
txn_9287350,smoothie,2,4.0,8.0,,in-store,2023-01-28
txn_6541809,tea,3,1.5,4.5,,,2023-05-01
txn_4398750,sandwich,2,4.0,8.0,cash,in-store,2023-05-28
txn_7493097,cake,,3.0,15.0,credit card,unknown,2023-11-04
txn_9850541,cookie,4,1.0,4.0,cash,takeaway,2023-09-02
txn_4262142,cake,2,3.0,6.0,cash,takeaway,2023-01-02
txn_7153313,tea,1,1.5,1.5,cash,,2023-12-29
txn_8581124,salad,2,5.0,10.0,credit card,,2023-05-08
txn_3589218,salad,2,5.0,10.0,credit card,in-store,2023-06-21
txn_7303515,salad,4,5.0,20.0,cash,in-store,2023-05-29
txn_2586183,cookie,2,1.0,2.0,cash,,2023-09-04
txn_2436779,cake,1,3.0,3.0,credit card,takeaway,2023-05-24
txn_4001763,juice,3,3.0,9.0,,takeaway,2023-05-11
txn_9317529,juice,4,,12.0,credit card,,2023-07-10
txn_6974587,salad,3,5.0,15.0,cash,error,2023-06-16
txn_4379467,tea,unknown,1.5,1.5,,,2023-06-16
txn_2719734,cake,5,3.0,15.0,digital wallet,in-store,2023-05-22
txn_2887332,sandwich,5,4.0,20.0,,,2023-11-16
txn_8566668,sandwich,5,4.0,20.0,digital wallet,in-store,2023-02-12
txn_8284384,juice,2,3.0,6.0,digital wallet,takeaway,2023-06-05
txn_2139240,sandwich,4,4.0,16.0,digital wallet,,2023-04-06
txn_5454841,cookie,5,1.0,5.0,,takeaway,2023-06-04
txn_8104431,tea,5,1.5,7.5,,in-store,2023-03-07
txn_5141000,smoothie,4,4.0,16.0,,takeaway,2023-06-16
txn_2508499,tea,3,1.5,4.5,credit card,in-store,2023-02-22
txn_4571510,smoothie,3,4.0,12.0,cash,takeaway,2023-11-19
txn_4742476,coffee,2,2.0,4.0,cash,in-store,2023-10-27
txn_8510436,cake,1,3.0,3.0,digital wallet,in-store,2023-07-19
txn_7509630,cookie,3,1.0,3.0,cash,in-store,2023-04-20
txn_5276301,cake,3,3.0,9.0,cash,unknown,2023-03-13
txn_4977130,sandwich,1,4.0,4.0,digital wallet,in-store,2023-07-08
txn_4293196,cookie,,1.0,3.0,,in-store,2023-06-17
txn_9284099,cake,2,3.0,6.0,digital wallet,in-store,2023-07-20
txn_1900411,salad,3,5.0,15.0,,,2023-09-24
txn_7454416,tea,1,1.5,1.5,credit card,takeaway,2023-12-07
txn_4178899,coffee,2,2.0,4.0,,takeaway,2023-04-05
txn_9027002,smoothie,4,,16.0,credit card,takeaway,2023-12-31
txn_6587399,smoothie,1,4.0,4.0,,takeaway,2023-08-08
txn_7179013,juice,5,3.0,15.0,credit card,in-store,2023-05-06
txn_7694559,cookie,3,1.0,3.0,cash,takeaway,2023-05-05
txn_4391496,sandwich,1,4.0,4.0,cash,,2023-02-20
txn_5668193,coffee,5,2.0,10.0,cash,takeaway,2023-08-14
txn_1448501,cake,4,3.0,12.0,credit card,takeaway,2023-09-10
txn_7139869,tea,1,1.5,1.5,cash,in-store,2023-06-22
txn_6419668,sandwich,3,4.0,12.0,credit card,in-store,2023-04-29
txn_8810001,smoothie,5,4.0,20.0,digital wallet,takeaway,2023-12-23
txn_5647773,salad,2,5.0,10.0,,in-store,2023-07-20
txn_4439120,cookie,2,1.0,2.0,credit card,in-store,2023-03-31
txn_4613510,cake,5,3.0,15.0,credit card,takeaway,2023-02-16
txn_7937275,cake,4,3.0,12.0,credit card,error,2023-09-18
txn_7565052,smoothie,5,4.0,20.0,,in-store,2023-06-18
txn_2044375,salad,1,5.0,5.0,cash,takeaway,2023-01-05
txn_1772692,smoothie,3,4.0,12.0,cash,,2023-09-05
txn_6399545,sandwich,4,4.0,16.0,credit card,takeaway,2023-03-22
txn_2980279,,1,3.0,3.0,digital wallet,takeaway,2023-04-23
txn_6286062,coffee,1,2.0,2.0,credit card,,
txn_4049031,coffee,5,2.0,10.0,digital wallet,,2023-08-22
txn_1328968,tea,1,,1.5,,in-store,2023-06-28
txn_8549381,error,5,4.0,20.0,digital wallet,,2023-02-06
txn_2080228,juice,1,3.0,3.0,,in-store,2023-06-21
txn_7416880,cake,1,3.0,3.0,credit card,in-store,2023-07-20
txn_1360379,tea,1,1.5,1.5,credit card,unknown,2023-08-23
txn_9617454,smoothie,1,4.0,4.0,digital wallet,takeaway,2023-08-22
txn_6421446,cake,2,3.0,6.0,cash,takeaway,2023-09-17
txn_6272674,coffee,3,2.0,6.0,cash,,2023-09-12
txn_6805882,cookie,4,1.0,4.0,cash,in-store,2023-09-04
txn_1475459,tea,4,1.5,6.0,,takeaway,2023-11-09
txn_2825812,cake,3,,9.0,cash,takeaway,2023-06-26
txn_5380198,cake,3,3.0,9.0,unknown,,
txn_5398922,salad,1,5.0,5.0,cash,in-store,2023-01-10
txn_3458602,cake,2,3.0,6.0,cash,in-store,2023-11-18
txn_6571440,smoothie,2,4.0,8.0,,takeaway,2023-01-18
txn_1368769,cookie,3,1.0,3.0,credit card,takeaway,2023-06-02
txn_4343848,cookie,5,1.0,5.0,credit card,takeaway,2023-07-16
txn_7656355,sandwich,3,4.0,12.0,credit card,takeaway,2023-09-11
txn_4434005,cookie,1,1.0,1.0,digital wallet,in-store,2023-03-20
txn_7975760,,3,3.0,9.0,digital wallet,in-store,2023-12-02
txn_9177867,tea,3,1.5,4.5,digital wallet,,2023-09-14
txn_8158986,cookie,5,1.0,5.0,,in-store,2023-12-10
txn_9882625,sandwich,1,4.0,4.0,cash,in-store,2023-03-26
txn_8937461,cookie,5,1.0,5.0,digital wallet,,2023-12-22
txn_2485272,tea,4,1.5,6.0,digital wallet,takeaway,2023-06-30
txn_4085337,smoothie,3,4.0,12.0,,in-store,2023-10-25
txn_6838802,coffee,1,2.0,2.0,,takeaway,2023-08-29
txn_2114182,cookie,3,1.0,3.0,digital wallet,unknown,2023-07-28
txn_8417552,coffee,1,2.0,2.0,error,takeaway,2023-12-09
txn_4126189,tea,,1.5,1.5,credit card,,2023-09-30
txn_1892454,juice,1,3.0,3.0,unknown,,2023-07-19
txn_9592941,tea,5,1.5,7.5,digital wallet,in-store,2023-04-08
txn_1063342,sandwich,5,4.0,20.0,,in-store,2023-01-13
txn_4407203,unknown,4,1.0,4.0,cash,takeaway,2023-08-21
txn_7153885,salad,1,5.0,5.0,credit card,,2023-05-22
txn_1917388,error,2,3.0,6.0,digital wallet,,2023-04-15
txn_5279972,smoothie,4,4.0,16.0,credit card,takeaway,2023-01-07
txn_6953244,smoothie,5,4.0,20.0,cash,,2023-09-13
txn_5347792,salad,3,5.0,15.0,digital wallet,,2023-02-10
txn_4876195,tea,2,1.5,3.0,,in-store,
txn_1574190,smoothie,3,4.0,12.0,unknown,,2023-12-17
txn_4829492,,2,3.0,6.0,credit card,takeaway,2023-01-09
txn_9550629,smoothie,1,4.0,4.0,,in-store,2023-02-06
txn_6470865,coffee,error,2.0,,digital wallet,takeaway,2023-09-18
txn_3986639,salad,1,5.0,5.0,credit card,in-store,2023-10-09
txn_3227673,cookie,1,1.0,,cash,,2023-10-13
txn_2915287,salad,1,5.0,5.0,digital wallet,takeaway,2023-01-16
txn_2513558,juice,4,3.0,12.0,,,2023-10-11
txn_7460497,cake,5,3.0,15.0,cash,,2023-11-13
txn_1607471,sandwich,2,4.0,8.0,credit card,takeaway,2023-01-03
txn_1244739,salad,2,5.0,10.0,credit card,takeaway,2023-09-13
txn_7878672,coffee,1,,2.0,cash,in-store,2023-10-25
txn_6807913,juice,3,3.0,9.0,credit card,takeaway,2023-01-22
txn_6438869,juice,5,3.0,15.0,credit card,takeaway,2023-10-30
txn_1047204,cookie,3,1.0,3.0,digital wallet,unknown,2023-04-13
txn_6017458,,5,5.0,25.0,credit card,,2023-04-23
txn_4311086,cake,4,3.0,12.0,error,in-store,2023-10-10
txn_1075446,cookie,4,1.0,4.0,credit card,,2023-07-17
txn_8958723,sandwich,4,4.0,16.0,digital wallet,,2023-11-12
txn_2206740,coffee,3,2.0,6.0,,takeaway,2023-06-07
txn_2337113,coffee,1,2.0,2.0,digital wallet,takeaway,2023-11-19
txn_2417721,coffee,4,2.0,8.0,credit card,takeaway,2023-10-20
txn_5808539,sandwich,1,4.0,,,takeaway,2023-06-30
txn_6574910,cookie,1,1.0,1.0,digital wallet,,2023-09-13
txn_5342900,cake,5,3.0,15.0,cash,,2023-07-12
txn_8949453,,5,4.0,20.0,,takeaway,2023-11-13
txn_2853459,tea,4,1.5,6.0,cash,,2023-08-14
txn_3379182,juice,4,3.0,12.0,cash,,2023-06-03
txn_9629448,tea,2,1.5,3.0,,in-store,2023-02-22
txn_8233101,salad,2,5.0,10.0,cash,in-store,2023-02-12
txn_1247244,sandwich,1,4.0,4.0,digital wallet,in-store,2023-12-27
txn_4292280,cake,4,3.0,12.0,cash,takeaway,2023-01-01
txn_3670476,tea,3,1.5,4.5,cash,takeaway,2023-03-25
txn_4506936,cookie,1,1.0,1.0,credit card,takeaway,2023-03-20
txn_4009914,sandwich,2,4.0,8.0,,in-store,
txn_2827994,cake,5,3.0,15.0,digital wallet,in-store,2023-12-04
txn_5342051,sandwich,3,4.0,12.0,cash,,2023-04-21
txn_7924635,smoothie,5,4.0,20.0,digital wallet,takeaway,2023-02-21
txn_5958999,tea,2,1.5,3.0,,,2023-04-13
txn_9098841,cake,1,3.0,3.0,credit card,,2023-08-07
txn_9723314,coffee,4,2.0,8.0,cash,in-store,2023-10-10
txn_2311186,smoothie,3,4.0,12.0,digital wallet,error,2023-07-16
txn_8061460,sandwich,3,4.0,12.0,credit card,takeaway,
txn_4659573,cake,unknown,3.0,15.0,,,2023-05-15
txn_3920436,juice,2,3.0,6.0,digital wallet,in-store,2023-11-19
txn_5514988,cookie,5,1.0,5.0,credit card,error,
txn_7825638,unknown,4,3.0,12.0,error,,2023-12-09
txn_8710758,sandwich,3,4.0,12.0,credit card,in-store,2023-01-12
txn_4873180,tea,5,1.5,7.5,digital wallet,in-store,2023-01-17
txn_9643918,,3,1.0,3.0,credit card,in-store,2023-07-21
txn_9997620,cookie,2,1.0,2.0,cash,,2023-12-11
txn_2830671,sandwich,1,4.0,4.0,cash,takeaway,2023-11-08
txn_7876619,unknown,2,3.0,6.0,cash,in-store,2023-09-27
txn_5898238,unknown,unknown,2.0,10.0,credit card,unknown,2023-06-29
txn_5337074,cookie,3,1.0,3.0,credit card,in-store,2023-01-12
txn_9774186,tea,3,1.5,4.5,,,2023-07-03
txn_8619494,coffee,2,2.0,4.0,digital wallet,in-store,
txn_7268802,salad,2,5.0,,digital wallet,takeaway,2023-04-10
txn_3894735,juice,5,3.0,15.0,error,,2023-03-10
txn_1842981,tea,5,1.5,,credit card,,2023-04-12
txn_1720238,salad,5,5.0,25.0,error,takeaway,2023-05-08
txn_8520687,salad,5,5.0,25.0,,takeaway,2023-04-21
txn_5793417,sandwich,2,4.0,8.0,digital wallet,in-store,2023-12-29
txn_2927909,cake,4,3.0,12.0,credit card,,2023-10-04
txn_3412484,cake,4,3.0,12.0,,takeaway,2023-09-06
txn_3754190,unknown,3,3.0,9.0,digital wallet,in-store,
txn_4048203,smoothie,2,4.0,8.0,,takeaway,2023-12-13
txn_9181224,sandwich,5,4.0,20.0,cash,,
txn_6841304,cake,1,3.0,3.0,,,2023-03-13
txn_2156454,cookie,5,1.0,5.0,,in-store,2023-08-17
txn_2001807,unknown,5,4.0,20.0,unknown,in-store,2023-08-10
txn_4781960,juice,1,3.0,3.0,digital wallet,,2023-03-28
txn_4381404,salad,error,5.0,25.0,,,2023-08-15
txn_8406851,unknown,2,3.0,6.0,,in-store,2023-09-09
txn_3982257,coffee,2,2.0,4.0,digital wallet,,2023-07-23
txn_1463795,coffee,5,2.0,10.0,credit card,,2023-08-04
txn_7454894,tea,,1.5,1.5,cash,takeaway,2023-07-25
txn_5930304,sandwich,2,4.0,8.0,digital wallet,,2023-11-02
txn_4249989,coffee,4,2.0,8.0,digital wallet,,2023-01-22
txn_2957017,sandwich,,4.0,20.0,cash,in-store,2023-06-13
txn_2733833,cake,,3.0,12.0,,in-store,2023-09-09
txn_6585794,smoothie,5,4.0,20.0,credit card,in-store,2023-02-15
txn_5721846,cookie,3,1.0,3.0,cash,takeaway,2023-04-14
txn_6487493,salad,3,5.0,15.0,cash,in-store,2023-03-13
txn_4476636,coffee,3,,6.0,credit card,in-store,
txn_1197495,juice,5,3.0,15.0,unknown,takeaway,
txn_9395087,tea,1,1.5,1.5,cash,in-store,2023-06-12
txn_4477559,juice,5,3.0,15.0,credit card,,2023-10-02
txn_5542033,sandwich,3,4.0,12.0,digital wallet,unknown,2023-06-26
txn_8850984,sandwich,3,,12.0,cash,takeaway,2023-05-27
txn_1710823,salad,2,5.0,10.0,credit card,,2023-01-27
txn_6575440,tea,1,1.5,1.5,cash,,2023-02-05
txn_5225537,tea,5,1.5,7.5,digital wallet,,2023-11-04
txn_1583315,cookie,3,1.0,3.0,,takeaway,2023-10-17
txn_8130122,sandwich,2,4.0,8.0,,in-store,2023-10-23
txn_3587444,juice,2,3.0,6.0,credit card,,2023-02-03
txn_7053280,unknown,,2.0,10.0,,in-store,2023-05-28
txn_9407000,sandwich,4,4.0,16.0,,takeaway,2023-10-03
txn_3017917,cookie,3,,3.0,credit card,takeaway,2023-08-31
txn_8090925,error,3,1.0,3.0,digital wallet,in-store,2023-07-11
txn_7738013,salad,5,5.0,25.0,credit card,takeaway,2023-11-28
txn_8542781,cake,2,3.0,6.0,,unknown,2023-05-18
txn_6617283,tea,4,1.5,6.0,digital wallet,,2023-06-09
txn_1461221,salad,2,5.0,10.0,cash,in-store,2023-04-30
txn_2056358,coffee,3,2.0,6.0,cash,in-store,2023-09-17
txn_1858674,smoothie,2,4.0,8.0,,in-store,2023-04-09
txn_2251009,cookie,5,1.0,5.0,,,2023-04-02
txn_5616473,sandwich,4,4.0,16.0,cash,error,2023-07-28
txn_7022398,sandwich,4,4.0,16.0,,,2023-12-23
txn_2615514,cookie,5,,5.0,digital wallet,unknown,
txn_7379939,,1,1.0,1.0,cash,unknown,2023-04-21
txn_7331525,cake,2,3.0,6.0,,,
txn_1004184,smoothie,1,4.0,4.0,credit card,in-store,2023-05-18
txn_4141868,tea,3,1.5,4.5,credit card,,2023-02-08
txn_9871971,smoothie,3,4.0,12.0,,takeaway,2023-10-06
txn_4168771,coffee,5,2.0,10.0,digital wallet,,2023-08-02
txn_6328925,salad,4,5.0,20.0,credit card,,2023-09-05
txn_1226662,salad,1,5.0,5.0,,in-store,2023-06-17
txn_7562171,tea,1,1.5,1.5,,in-store,2023-09-02
txn_6843677,,error,2.0,8.0,,takeaway,2023-09-09
txn_2980632,cookie,3,1.0,3.0,credit card,takeaway,2023-01-14
txn_2609762,coffee,5,2.0,10.0,,takeaway,2023-07-26
txn_7253734,sandwich,unknown,4.0,20.0,digital wallet,,2023-09-28
txn_6679600,coffee,1,2.0,2.0,digital wallet,,2023-03-15
txn_8722854,juice,1,3.0,3.0,credit card,takeaway,
txn_8279992,juice,5,3.0,15.0,error,,2023-07-03
txn_5722123,cake,4,3.0,12.0,digital wallet,takeaway,2023-11-23
txn_3446174,cake,5,3.0,15.0,cash,,2023-10-31
txn_3518261,sandwich,2,4.0,8.0,digital wallet,,2023-08-05
txn_5927925,juice,4,3.0,12.0,digital wallet,in-store,2023-11-02
txn_5101593,cake,5,3.0,15.0,credit card,takeaway,2023-01-25
txn_1578981,cake,1,3.0,3.0,cash,in-store,2023-05-15
txn_7876388,cookie,4,1.0,4.0,cash,in-store,2023-10-05
txn_5939363,tea,5,1.5,7.5,credit card,in-store,2023-02-14
txn_1636908,cake,4,3.0,12.0,digital wallet,,2023-10-17
txn_5221688,coffee,2,2.0,4.0,cash,,2023-07-03
txn_1196923,smoothie,2,4.0,8.0,error,,2023-04-27
txn_8944698,coffee,3,2.0,6.0,credit card,,2023-09-15
txn_8167275,salad,5,5.0,25.0,,,
txn_2167159,cake,,3.0,6.0,cash,unknown,2023-04-06
txn_7811387,cookie,5,1.0,5.0,credit card,takeaway,2023-11-30
txn_1884923,coffee,4,2.0,8.0,digital wallet,takeaway,2023-05-11
txn_8215595,tea,2,1.5,3.0,cash,,2023-11-23
txn_7618171,cake,5,3.0,15.0,cash,,
txn_9857674,tea,5,1.5,7.5,,takeaway,2023-06-12
txn_7389626,tea,2,1.5,3.0,,unknown,
txn_6035512,cake,5,3.0,15.0,cash,takeaway,2023-02-19
txn_1398769,smoothie,1,4.0,4.0,cash,in-store,2023-06-02
txn_6874354,sandwich,4,4.0,16.0,credit card,,2023-03-23
txn_9690711,cookie,2,1.0,2.0,credit card,in-store,2023-09-13
txn_5620636,tea,4,,6.0,,in-store,2023-06-12
txn_7234224,cake,3,3.0,9.0,,,2023-10-31
txn_3844347,sandwich,4,,16.0,cash,,2023-10-04
txn_4507533,cake,1,3.0,3.0,digital wallet,,2023-08-31
txn_7636238,sandwich,4,4.0,16.0,credit card,,2023-03-27
txn_8913153,smoothie,2,4.0,8.0,credit card,,2023-09-02
txn_7595206,sandwich,5,4.0,20.0,credit card,in-store,2023-12-02
txn_8424592,smoothie,4,4.0,16.0,credit card,takeaway,2023-11-09
txn_1769882,error,3,3.0,,,takeaway,2023-03-17
txn_2000406,cake,2,3.0,6.0,credit card,unknown,2023-06-06
txn_3105786,smoothie,3,4.0,12.0,,in-store,2023-10-04
txn_7820220,cake,3,3.0,9.0,credit card,in-store,2023-03-16
txn_5880883,sandwich,5,4.0,20.0,digital wallet,in-store,2023-02-02
txn_4447856,smoothie,2,4.0,8.0,cash,takeaway,2023-09-11
txn_6613909,cake,4,3.0,12.0,credit card,in-store,2023-06-30
txn_5331924,sandwich,2,4.0,8.0,cash,takeaway,2023-06-30
txn_9090433,cookie,2,1.0,,cash,error,2023-07-12
txn_9393467,error,5,3.0,15.0,cash,unknown,2023-09-25
txn_9811033,cookie,3,1.0,,cash,takeaway,2023-11-30
txn_5452419,coffee,4,,8.0,cash,in-store,2023-01-25
txn_5384343,juice,1,3.0,3.0,credit card,,2023-03-29
txn_6580743,coffee,1,2.0,2.0,digital wallet,takeaway,2023-12-18
txn_8361821,tea,5,1.5,7.5,cash,in-store,2023-06-30
txn_2103626,juice,3,3.0,9.0,cash,in-store,2023-04-23
txn_1891141,juice,4,3.0,12.0,digital wallet,in-store,2023-10-25
txn_1252575,tea,1,1.5,1.5,digital wallet,takeaway,2023-10-16
txn_5354721,,5,3.0,15.0,unknown,takeaway,2023-09-07
txn_6723498,salad,3,5.0,15.0,,takeaway,2023-01-28
txn_1852224,tea,4,,6.0,cash,takeaway,2023-01-06
txn_5247378,sandwich,2,4.0,8.0,digital wallet,takeaway,2023-06-16
txn_8786479,coffee,4,2.0,8.0,,,2023-05-29
txn_5108439,salad,2,5.0,10.0,,in-store,2023-05-06
txn_4993989,smoothie,2,4.0,8.0,,,2023-11-15
txn_8004510,cake,error,3.0,9.0,cash,takeaway,2023-12-29
txn_8541473,coffee,3,2.0,6.0,error,error,2023-08-02
txn_8917822,cake,2,3.0,6.0,digital wallet,,2023-12-12
txn_8108731,juice,5,3.0,15.0,,,2023-08-13
txn_4570750,unknown,1,2.0,,cash,takeaway,2023-05-18
txn_1190151,juice,5,3.0,15.0,digital wallet,,2023-08-14
txn_8304002,juice,1,3.0,3.0,credit card,takeaway,2023-05-02
txn_4341764,coffee,2,2.0,4.0,cash,,2023-12-02
txn_1751183,,5,4.0,20.0,credit card,,2023-12-25
txn_2112333,cookie,2,1.0,2.0,credit card,in-store,
txn_1046384,smoothie,1,4.0,4.0,cash,unknown,2023-06-09
txn_1736630,error,5,1.5,7.5,credit card,,2023-07-16
txn_8287437,tea,2,1.5,3.0,,,2023-03-16
txn_4153132,salad,3,5.0,,digital wallet,,2023-03-21
txn_3243410,tea,2,,3.0,,,2023-10-30
txn_3061634,coffee,1,2.0,2.0,digital wallet,,2023-03-17
txn_7433308,salad,4,5.0,20.0,cash,takeaway,2023-02-14
txn_6991736,juice,2,3.0,6.0,digital wallet,in-store,2023-11-07
txn_7334272,sandwich,2,4.0,8.0,credit card,takeaway,2023-07-07
txn_8120577,,3,3.0,9.0,cash,in-store,2023-09-08
txn_9072093,cookie,1,1.0,1.0,,,2023-03-06
txn_4705417,salad,5,5.0,25.0,credit card,takeaway,2023-12-14
txn_8145970,juice,5,3.0,15.0,digital wallet,takeaway,2023-10-26
txn_1910553,smoothie,5,4.0,20.0,cash,,2023-10-01
txn_9115899,cake,2,,6.0,credit card,in-store,2023-02-23
txn_2785563,juice,5,3.0,15.0,cash,takeaway,
txn_6020552,sandwich,2,4.0,8.0,cash,takeaway,2023-01-14
txn_7970906,coffee,unknown,2.0,8.0,error,in-store,2023-03-07
txn_5317458,salad,2,5.0,10.0,credit card,,2023-01-22
txn_6913384,tea,3,1.5,4.5,credit card,takeaway,2023-09-18
txn_1910487,sandwich,3,,12.0,digital wallet,in-store,2023-08-14
txn_6142549,juice,3,3.0,9.0,digital wallet,error,2023-03-12
txn_7266318,sandwich,1,4.0,,,in-store,2023-01-16
txn_4390911,salad,2,5.0,10.0,digital wallet,,2023-12-19
txn_1445532,coffee,3,2.0,6.0,cash,takeaway,2023-03-03
txn_8841996,sandwich,2,4.0,8.0,,,2023-12-09
txn_9814511,error,1,3.0,3.0,credit card,,2023-01-05
txn_2563505,sandwich,1,4.0,4.0,cash,takeaway,2023-10-27
txn_5183674,coffee,2,2.0,4.0,digital wallet,,2023-04-13
txn_6748199,salad,2,5.0,10.0,cash,,2023-07-23
txn_3463281,cake,5,,15.0,,takeaway,2023-10-06
txn_5795475,tea,3,1.5,4.5,digital wallet,in-store,2023-09-21
txn_2322399,salad,4,5.0,20.0,,takeaway,2023-04-15
txn_5865534,smoothie,4,4.0,16.0,digital wallet,error,2023-10-16
txn_7060144,cake,5,3.0,15.0,credit card,,
txn_5159669,tea,4,1.5,6.0,credit card,,2023-09-30
txn_4268051,cookie,1,1.0,,digital wallet,in-store,2023-05-05
txn_8120958,cookie,5,,5.0,credit card,,2023-06-21
txn_6126149,tea,2,1.5,3.0,,,
txn_5530097,juice,2,3.0,6.0,credit card,takeaway,2023-12-19
txn_7805241,salad,4,5.0,20.0,error,,2023-04-16
txn_2427834,tea,4,1.5,6.0,error,in-store,2023-06-15
txn_6949949,salad,3,5.0,15.0,,,2023-05-14
txn_9094261,juice,2,3.0,6.0,digital wallet,takeaway,2023-05-15
txn_5661323,cookie,2,1.0,2.0,credit card,takeaway,2023-05-06
txn_2356583,smoothie,4,,16.0,digital wallet,in-store,2023-11-30
txn_4248711,smoothie,1,4.0,4.0,cash,,2023-08-01
txn_6270766,cookie,1,1.0,1.0,,in-store,2023-11-10
txn_9697154,tea,3,1.5,4.5,credit card,in-store,2023-10-08
txn_6381860,coffee,1,2.0,2.0,digital wallet,in-store,2023-08-21
txn_6028331,cake,4,3.0,12.0,cash,,2023-10-22
txn_8830924,tea,2,1.5,3.0,credit card,,2023-10-25
txn_3866156,coffee,4,2.0,8.0,,takeaway,2023-02-28
txn_6872833,coffee,unknown,2.0,2.0,,,2023-11-02
txn_6405210,coffee,4,2.0,8.0,cash,unknown,2023-08-11
txn_4740952,tea,4,1.5,6.0,,takeaway,2023-02-21
txn_6321174,tea,4,1.5,6.0,digital wallet,,2023-12-09
txn_5613875,tea,5,1.5,7.5,,in-store,
txn_6052901,smoothie,5,4.0,20.0,credit card,takeaway,2023-08-16
txn_1253619,juice,5,3.0,15.0,,,2023-05-25
txn_5537517,smoothie,3,4.0,12.0,digital wallet,takeaway,2023-10-27
txn_5496019,cookie,5,1.0,5.0,cash,in-store,2023-11-26
txn_4579666,smoothie,2,4.0,8.0,,,2023-10-23
txn_6359281,coffee,2,2.0,4.0,credit card,unknown,2023-09-16
txn_3620122,sandwich,1,4.0,4.0,cash,in-store,2023-05-06
txn_8367716,tea,2,1.5,3.0,credit card,takeaway,2023-02-03
txn_6779763,cookie,1,1.0,,credit card,unknown,2023-04-25
txn_1985142,smoothie,3,4.0,12.0,digital wallet,,
txn_8385321,smoothie,2,4.0,8.0,credit card,takeaway,2023-02-08
txn_5345258,salad,2,5.0,10.0,credit card,takeaway,2023-03-13
txn_8932759,smoothie,3,4.0,12.0,credit card,takeaway,2023-09-01
txn_6958638,tea,,1.5,1.5,digital wallet,takeaway,2023-11-27
txn_3898665,sandwich,2,4.0,8.0,cash,takeaway,2023-03-07
txn_4996304,coffee,2,2.0,4.0,credit card,,2023-08-17
txn_9566593,cake,2,3.0,6.0,digital wallet,,2023-09-30
txn_4808700,cookie,4,1.0,4.0,cash,takeaway,2023-01-13
txn_5776252,tea,4,1.5,6.0,cash,takeaway,2023-08-11
txn_5673476,smoothie,4,4.0,16.0,cash,takeaway,2023-02-09
txn_6363733,tea,1,1.5,1.5,error,takeaway,2023-10-25
txn_5297995,tea,5,1.5,7.5,,in-store,2023-07-04
txn_8049635,salad,3,5.0,15.0,cash,,2023-11-16
txn_2881529,,1,3.0,3.0,,in-store,2023-07-04
txn_3459927,cookie,error,1.0,5.0,digital wallet,in-store,2023-07-20
txn_6478968,salad,2,5.0,10.0,,,2023-09-12
txn_4135861,salad,2,5.0,10.0,credit card,,2023-03-16
txn_2031545,juice,2,3.0,6.0,digital wallet,in-store,2023-05-02
txn_4676976,smoothie,3,4.0,12.0,digital wallet,in-store,2023-05-26
txn_7421018,sandwich,4,4.0,16.0,digital wallet,,2023-08-26
txn_8239121,smoothie,unknown,4.0,4.0,,in-store,2023-05-11
txn_1435192,cake,2,3.0,6.0,,,2023-06-18
txn_5364052,sandwich,2,4.0,8.0,credit card,,2023-02-05
txn_8345649,cookie,5,1.0,5.0,cash,,2023-08-23
txn_8560548,sandwich,1,4.0,4.0,credit card,takeaway,2023-09-02
txn_2345332,tea,3,1.5,4.5,,in-store,2023-07-05
txn_9389434,cake,5,3.0,15.0,,in-store,2023-06-16
txn_1240476,juice,2,3.0,6.0,digital wallet,takeaway,2023-04-20
txn_8345092,smoothie,1,4.0,4.0,credit card,error,2023-07-24
txn_5849947,sandwich,5,4.0,20.0,cash,error,2023-02-02
txn_8227648,error,,1.5,4.5,,takeaway,2023-05-31
txn_7800602,tea,1,1.5,1.5,cash,,2023-04-30
txn_5926836,cake,5,3.0,15.0,,in-store,2023-08-07
txn_4397994,cookie,5,1.0,5.0,,takeaway,2023-09-26
txn_1585827,cake,3,3.0,9.0,credit card,in-store,2023-09-30
txn_3384640,salad,4,5.0,20.0,,takeaway,2023-10-17
txn_1990029,tea,4,1.5,6.0,credit card,in-store,2023-11-18
txn_5796131,smoothie,3,4.0,12.0,digital wallet,takeaway,2023-09-30
txn_5166412,unknown,4,1.0,4.0,unknown,takeaway,2023-06-17
txn_7804740,smoothie,2,4.0,8.0,digital wallet,,2023-10-19
txn_9082461,cake,5,,15.0,digital wallet,in-store,2023-05-30
txn_6665881,juice,2,3.0,6.0,credit card,,2023-07-04
txn_4046039,juice,5,3.0,15.0,,in-store,2023-04-20
txn_8447640,sandwich,unknown,4.0,20.0,cash,in-store,2023-06-12
txn_3042768,cookie,3,1.0,3.0,digital wallet,takeaway,2023-09-07
txn_4664329,tea,2,1.5,3.0,credit card,takeaway,2023-01-06
txn_7442492,salad,5,5.0,25.0,credit card,takeaway,2023-07-23
txn_8664335,sandwich,5,4.0,20.0,digital wallet,takeaway,2023-06-12
txn_7379007,cake,2,3.0,6.0,,takeaway,
txn_1434857,cake,5,3.0,15.0,error,in-store,2023-01-13
txn_1700374,sandwich,5,4.0,20.0,,in-store,2023-08-11
txn_8383484,error,2,3.0,6.0,,,2023-12-20
txn_1261028,juice,3,3.0,9.0,error,in-store,2023-10-27
txn_1478016,,4,1.0,4.0,,in-store,2023-08-04
txn_5321145,sandwich,5,4.0,20.0,digital wallet,takeaway,2023-08-29
txn_3884995,juice,5,3.0,15.0,cash,in-store,2023-12-25
txn_4178488,sandwich,3,4.0,12.0,cash,in-store,2023-05-08
txn_4826214,unknown,3,2.0,6.0,digital wallet,takeaway,2023-11-23
txn_2579157,sandwich,1,4.0,4.0,unknown,,2023-09-27
txn_3597806,cookie,3,1.0,3.0,credit card,unknown,2023-12-11
txn_7897119,juice,4,3.0,,error,in-store,2023-05-27
txn_2245037,coffee,2,2.0,4.0,,,2023-10-18
txn_4833378,cake,5,3.0,15.0,digital wallet,,2023-10-15
txn_7055306,salad,1,5.0,5.0,,takeaway,2023-03-09
txn_9135433,cookie,4,1.0,,,in-store,2023-12-18
txn_1715684,smoothie,1,4.0,4.0,unknown,in-store,2023-07-13
txn_9073440,sandwich,2,4.0,8.0,credit card,takeaway,2023-08-28
txn_4089355,salad,2,5.0,10.0,credit card,takeaway,2023-02-18
txn_3834078,juice,1,3.0,3.0,,in-store,2023-01-29
txn_5048650,smoothie,2,4.0,,cash,takeaway,2023-11-18
txn_1882700,tea,3,1.5,4.5,digital wallet,in-store,2023-04-18
txn_2112911,salad,3,5.0,15.0,digital wallet,takeaway,2023-09-18
txn_7568316,cake,2,3.0,6.0,credit card,,2023-11-28
txn_3642982,coffee,5,2.0,10.0,cash,unknown,2023-10-04
txn_4475094,sandwich,3,4.0,12.0,error,error,2023-08-12
txn_6768812,coffee,4,2.0,8.0,error,,2023-03-30
txn_1419669,cake,5,3.0,15.0,cash,takeaway,2023-03-07
txn_9810604,cake,2,3.0,6.0,error,takeaway,2023-04-02
txn_4791243,cookie,5,1.0,5.0,,takeaway,2023-05-12
txn_5665311,unknown,2,1.0,2.0,credit card,in-store,2023-05-17
txn_7920897,salad,2,5.0,10.0,,in-store,2023-07-29
txn_7515272,unknown,1,3.0,3.0,,,2023-08-12
txn_5453836,smoothie,2,4.0,8.0,credit card,in-store,2023-05-29
txn_5578796,tea,4,1.5,6.0,,in-store,2023-04-27
txn_8620592,smoothie,2,4.0,8.0,,in-store,2023-07-14
txn_7402846,juice,unknown,3.0,6.0,credit card,takeaway,2023-10-11
txn_9487214,coffee,5,2.0,10.0,unknown,,2023-03-25
txn_2274702,cookie,5,1.0,5.0,credit card,in-store,2023-12-11
txn_2701016,cake,5,3.0,15.0,digital wallet,,2023-03-06
txn_8809853,coffee,1,2.0,2.0,digital wallet,takeaway,2023-10-29
txn_7683607,cake,1,3.0,3.0,cash,,2023-03-17
txn_2402928,coffee,4,2.0,8.0,cash,,2023-10-20
txn_6516391,cake,2,3.0,6.0,digital wallet,,2023-06-16
txn_9685326,smoothie,3,4.0,12.0,digital wallet,takeaway,2023-04-07
txn_6181456,error,1,1.0,,,takeaway,2023-05-08
txn_9858627,juice,4,3.0,12.0,unknown,,2023-01-22
txn_9923613,sandwich,4,4.0,16.0,,in-store,2023-11-08
txn_7656770,coffee,1,2.0,2.0,credit card,,2023-12-24
txn_4092551,juice,5,3.0,15.0,credit card,takeaway,2023-10-11
txn_9894204,unknown,2,2.0,4.0,cash,takeaway,2023-08-08
txn_7241288,sandwich,5,4.0,20.0,cash,takeaway,2023-04-11
txn_9833195,coffee,2,2.0,4.0,,takeaway,2023-03-03
txn_9153854,sandwich,2,4.0,8.0,,in-store,2023-04-04
txn_1436851,sandwich,5,4.0,20.0,cash,takeaway,2023-07-28
txn_8598575,sandwich,4,4.0,16.0,digital wallet,,2023-11-14
txn_1417871,salad,3,5.0,15.0,cash,takeaway,2023-03-12
txn_7844352,error,2,,6.0,credit card,,2023-07-26
txn_2339781,smoothie,2,4.0,8.0,,in-store,2023-01-02
txn_6674257,sandwich,3,4.0,12.0,cash,takeaway,2023-07-20
txn_2649010,tea,unknown,1.5,6.0,cash,takeaway,2023-08-01
txn_1339158,salad,4,5.0,20.0,cash,,
txn_7948933,sandwich,3,4.0,12.0,cash,,
txn_4965631,smoothie,3,4.0,12.0,credit card,error,2023-01-27
txn_9254064,coffee,2,2.0,4.0,cash,takeaway,2023-12-10
txn_4554168,tea,4,1.5,6.0,digital wallet,in-store,2023-04-08
txn_6536418,salad,5,5.0,25.0,credit card,in-store,2023-02-11
txn_9024186,juice,2,,6.0,cash,takeaway,2023-12-17
txn_4580084,sandwich,5,4.0,,credit card,takeaway,2023-12-17
txn_3996874,tea,4,1.5,6.0,digital wallet,,2023-05-18
txn_7106595,error,error,1.5,3.0,credit card,takeaway,2023-06-19
txn_5439860,tea,1,1.5,1.5,digital wallet,in-store,2023-04-18
txn_3216618,salad,4,5.0,20.0,credit card,in-store,2023-12-30
txn_8360779,cookie,4,1.0,4.0,credit card,in-store,2023-10-25
txn_3700419,cookie,4,1.0,4.0,error,,2023-01-09
txn_6369590,salad,5,5.0,25.0,digital wallet,takeaway,2023-10-26
txn_5039782,tea,3,1.5,4.5,credit card,takeaway,2023-06-21
txn_7047860,coffee,2,,4.0,,takeaway,2023-06-18
txn_2985748,coffee,3,2.0,6.0,,takeaway,2023-12-19
txn_8616557,sandwich,5,4.0,20.0,,in-store,2023-08-28
txn_3171673,smoothie,2,4.0,8.0,digital wallet,takeaway,2023-12-07
txn_4827637,smoothie,4,4.0,16.0,cash,in-store,2023-04-28
txn_1170198,tea,4,1.5,6.0,credit card,in-store,2023-02-09
txn_8166527,salad,2,5.0,10.0,cash,in-store,2023-05-24
txn_3097593,smoothie,2,4.0,8.0,credit card,in-store,2023-06-18
txn_2981117,unknown,1,3.0,3.0,unknown,in-store,2023-10-02
txn_3431526,cookie,3,1.0,3.0,credit card,takeaway,2023-12-27
txn_1817076,error,3,3.0,,cash,in-store,2023-05-31
txn_1489218,salad,2,5.0,10.0,digital wallet,,2023-09-13
txn_1936644,juice,3,3.0,9.0,digital wallet,error,2023-01-28
txn_4293694,smoothie,5,4.0,20.0,cash,,2023-08-03
txn_9469529,coffee,2,2.0,4.0,,unknown,2023-08-09
txn_2946861,unknown,3,3.0,,unknown,,2023-03-28
txn_7919609,sandwich,error,4.0,12.0,,in-store,2023-01-31
txn_7692019,juice,3,3.0,9.0,,in-store,2023-10-14
txn_7677750,tea,2,1.5,,cash,takeaway,2023-12-24
txn_9799633,juice,4,3.0,12.0,cash,in-store,2023-11-07
txn_4252036,sandwich,2,4.0,8.0,cash,takeaway,2023-01-22
txn_6637989,smoothie,1,4.0,4.0,cash,,2023-11-09
txn_2860514,cookie,5,1.0,5.0,credit card,,2023-09-01
txn_4143449,smoothie,3,4.0,12.0,digital wallet,,2023-08-23
txn_1499208,,1,4.0,4.0,cash,takeaway,2023-11-01
txn_1960599,cake,4,3.0,12.0,cash,,2023-01-06
txn_1184377,juice,1,3.0,3.0,cash,,2023-10-25
txn_6995795,salad,4,5.0,20.0,,in-store,2023-11-28
txn_7805508,smoothie,5,4.0,20.0,,in-store,2023-07-10
txn_6193929,juice,5,3.0,15.0,error,takeaway,2023-06-20
txn_1942950,sandwich,4,4.0,16.0,,takeaway,2023-03-25
txn_9759221,coffee,3,,6.0,cash,takeaway,2023-06-23
txn_1205522,cake,5,3.0,15.0,,in-store,2023-12-26
txn_7792223,smoothie,3,4.0,,credit card,,2023-07-21
txn_7205370,smoothie,4,4.0,16.0,cash,,2023-12-07
txn_9992148,tea,3,1.5,4.5,cash,takeaway,2023-01-14
txn_6305420,cookie,3,1.0,3.0,,in-store,2023-06-17
txn_9982090,tea,5,1.5,7.5,digital wallet,in-store,2023-06-03
txn_6507690,juice,,3.0,3.0,digital wallet,in-store,2023-01-30
txn_8487057,smoothie,5,4.0,20.0,,takeaway,2023-06-01
txn_6646382,tea,4,1.5,6.0,error,error,2023-09-16
txn_5255092,sandwich,1,4.0,4.0,error,takeaway,2023-10-08
txn_8402941,cake,5,3.0,15.0,credit card,in-store,2023-11-26
txn_4265056,juice,1,3.0,3.0,cash,,2023-07-16
txn_4605871,cookie,1,1.0,1.0,error,error,2023-06-20
txn_7976001,juice,4,3.0,12.0,credit card,in-store,2023-06-27
txn_4969003,cookie,1,1.0,,digital wallet,in-store,2023-04-19
txn_3629728,smoothie,1,4.0,4.0,digital wallet,takeaway,2023-03-11
txn_7027319,smoothie,,4.0,12.0,credit card,takeaway,2023-02-25
txn_1907428,juice,4,3.0,12.0,credit card,in-store,2023-06-06
txn_6594753,juice,3,3.0,9.0,,unknown,2023-03-16
txn_8554646,coffee,2,2.0,4.0,cash,,2023-01-10
txn_5860664,juice,5,3.0,15.0,digital wallet,,2023-06-06
txn_3586768,coffee,2,2.0,4.0,,in-store,2023-05-23
txn_5765294,cookie,4,1.0,4.0,digital wallet,in-store,2023-11-14
txn_4966149,juice,2,3.0,6.0,cash,,2023-04-10
txn_3652726,sandwich,3,4.0,12.0,,in-store,2023-08-03
txn_2273573,cookie,5,1.0,5.0,cash,in-store,2023-11-12
txn_7924516,cookie,1,1.0,1.0,credit card,,2023-04-23
txn_2083132,salad,1,5.0,5.0,unknown,,2023-08-31
txn_8837131,error,3,4.0,12.0,digital wallet,in-store,2023-12-23
txn_2659832,sandwich,3,,12.0,credit card,error,2023-12-05
txn_5049646,juice,2,3.0,6.0,credit card,in-store,2023-08-30
txn_9182359,salad,3,5.0,15.0,,in-store,
txn_7401217,salad,unknown,5.0,20.0,,,2023-02-06
txn_6853142,smoothie,3,4.0,12.0,cash,error,2023-07-21
txn_4031726,cake,4,3.0,12.0,credit card,takeaway,2023-11-22
txn_9512112,coffee,4,2.0,8.0,cash,takeaway,2023-05-25
txn_9428611,salad,4,5.0,20.0,digital wallet,,2023-07-13
txn_1472433,error,1,2.0,2.0,digital wallet,takeaway,2023-04-05
txn_5235471,cake,5,3.0,15.0,,in-store,
txn_5483635,juice,3,3.0,9.0,credit card,in-store,2023-03-23
txn_1848481,cookie,4,1.0,4.0,credit card,,
txn_3478169,juice,2,3.0,6.0,cash,in-store,2023-02-03
txn_3842766,tea,3,1.5,4.5,credit card,in-store,2023-03-24
txn_7805115,smoothie,2,4.0,8.0,error,,2023-12-18
txn_7565447,salad,1,5.0,,,,2023-02-15
txn_8225343,smoothie,1,4.0,4.0,cash,,2023-05-10
txn_3822036,smoothie,3,4.0,12.0,credit card,takeaway,2023-05-07
txn_3019996,sandwich,2,4.0,8.0,cash,,2023-06-27
txn_8397209,unknown,3,1.5,4.5,cash,in-store,2023-10-12
txn_5634977,coffee,5,2.0,10.0,,in-store,2023-03-06
txn_8165784,cake,5,3.0,15.0,digital wallet,,2023-10-15
txn_3619141,cookie,4,1.0,4.0,digital wallet,in-store,2023-09-30
txn_7160017,juice,1,3.0,3.0,cash,in-store,2023-09-27
txn_9513509,sandwich,1,4.0,4.0,credit card,,2023-04-27
txn_5919038,cookie,1,1.0,1.0,credit card,in-store,2023-12-15
txn_8384229,tea,4,1.5,6.0,digital wallet,,2023-01-08
txn_9011816,cake,1,3.0,3.0,unknown,takeaway,2023-04-02
txn_2916992,salad,2,5.0,10.0,cash,takeaway,2023-08-20
txn_4350788,tea,3,,4.5,,in-store,2023-06-28
txn_3132488,sandwich,unknown,4.0,16.0,credit card,takeaway,2023-09-12
txn_9126573,salad,4,5.0,20.0,digital wallet,,2023-06-17
txn_5347338,cake,4,3.0,12.0,digital wallet,takeaway,2023-07-04
txn_9455737,error,3,5.0,15.0,,,
txn_2930963,unknown,2,4.0,8.0,digital wallet,in-store,2023-02-09
txn_7997252,unknown,3,3.0,9.0,credit card,,2023-05-28
txn_1907740,sandwich,1,4.0,4.0,cash,,2023-03-17
txn_3654670,juice,1,3.0,3.0,credit card,takeaway,2023-06-14
txn_1432682,tea,1,1.5,1.5,,unknown,2023-07-11
txn_3938271,salad,3,5.0,15.0,,in-store,2023-01-12
txn_7619641,juice,3,3.0,9.0,,in-store,2023-04-02
txn_1870423,salad,2,5.0,10.0,credit card,takeaway,2023-04-12
txn_1006942,salad,1,5.0,5.0,credit card,in-store,2023-11-30
txn_2282319,juice,2,3.0,,cash,in-store,2023-08-14
txn_6812735,tea,5,1.5,7.5,,error,2023-04-21
txn_6922833,tea,1,1.5,1.5,error,takeaway,2023-11-17
txn_1026799,cake,5,3.0,15.0,credit card,,
txn_5783469,salad,error,5.0,15.0,,error,2023-06-14
txn_8489120,cookie,2,1.0,2.0,credit card,,2023-11-07
txn_6200609,salad,5,5.0,,digital wallet,takeaway,2023-04-12
txn_8194534,coffee,2,2.0,4.0,cash,,2023-05-19
txn_7238674,cookie,1,1.0,1.0,,,2023-11-03
txn_6968752,tea,1,,1.5,,,2023-04-07
txn_2582926,smoothie,4,4.0,16.0,,error,
txn_1346953,tea,3,1.5,4.5,,in-store,2023-09-24
txn_8742689,tea,5,1.5,7.5,digital wallet,takeaway,2023-01-05
txn_2144031,juice,1,3.0,3.0,,,2023-02-25
txn_1996466,smoothie,1,4.0,4.0,digital wallet,,2023-04-24
txn_1124796,error,5,1.5,7.5,credit card,,2023-10-28
txn_7124156,salad,1,5.0,5.0,credit card,takeaway,2023-07-28
txn_3150614,sandwich,1,4.0,4.0,cash,takeaway,2023-08-06
txn_5263693,juice,1,3.0,3.0,digital wallet,takeaway,2023-01-20
txn_1785644,,5,1.5,7.5,,,2023-08-13
txn_1702437,smoothie,4,4.0,16.0,credit card,takeaway,2023-06-27
txn_6500713,cookie,3,1.0,3.0,,in-store,2023-04-30
txn_8725721,sandwich,1,4.0,4.0,cash,error,2023-06-04
txn_8965025,salad,1,5.0,5.0,cash,in-store,2023-04-14
txn_8491490,coffee,2,2.0,4.0,,in-store,2023-01-16
txn_4328869,sandwich,2,4.0,8.0,cash,,2023-05-02
txn_3849711,smoothie,5,4.0,20.0,cash,,2023-08-14
txn_1334406,juice,1,3.0,3.0,digital wallet,in-store,2023-09-26
txn_1556708,smoothie,1,4.0,4.0,digital wallet,takeaway,2023-06-11
txn_8422494,salad,4,5.0,20.0,cash,in-store,2023-06-08
txn_3427754,smoothie,2,4.0,8.0,digital wallet,takeaway,2023-08-06
txn_3512545,cookie,,1.0,4.0,credit card,in-store,2023-08-08
txn_7703185,cake,1,,3.0,digital wallet,takeaway,2023-12-10
txn_8455321,smoothie,3,4.0,12.0,,in-store,2023-01-25
txn_9904505,smoothie,2,4.0,8.0,digital wallet,error,2023-06-07
txn_5020643,tea,3,1.5,4.5,digital wallet,in-store,2023-10-19
txn_8170122,cookie,5,1.0,5.0,digital wallet,in-store,2023-03-20
txn_5067216,unknown,4,5.0,20.0,,takeaway,2023-07-24
txn_3930540,smoothie,3,4.0,12.0,cash,unknown,2023-03-24
txn_4663537,coffee,5,2.0,10.0,credit card,,2023-10-22
txn_5392630,juice,5,3.0,,cash,takeaway,2023-11-23
txn_9480851,cake,3,3.0,,,in-store,2023-03-21
txn_5927620,smoothie,1,4.0,4.0,credit card,,2023-05-04
txn_1561430,tea,2,1.5,3.0,,takeaway,2023-10-13
txn_1133945,smoothie,2,4.0,8.0,digital wallet,in-store,2023-10-23
txn_5467240,smoothie,5,4.0,20.0,digital wallet,unknown,2023-10-20
txn_3210288,salad,3,,15.0,unknown,takeaway,2023-04-30
txn_1586452,salad,2,5.0,,cash,in-store,2023-02-01
txn_9814929,cake,3,3.0,9.0,digital wallet,in-store,2023-10-01
txn_8961480,tea,4,1.5,6.0,cash,,2023-02-18
txn_1826919,juice,4,3.0,12.0,credit card,in-store,2023-02-21
txn_3135048,salad,1,5.0,5.0,credit card,takeaway,2023-02-03
txn_3105263,error,4,4.0,16.0,credit card,takeaway,2023-11-25
txn_4504141,sandwich,5,4.0,,credit card,,2023-09-28
txn_7408461,juice,3,3.0,9.0,unknown,in-store,2023-11-05
txn_8108115,coffee,error,2.0,6.0,,in-store,2023-08-24
txn_6655437,juice,1,3.0,3.0,error,,2023-07-07
txn_9120328,tea,5,1.5,7.5,credit card,takeaway,2023-10-22
txn_3906862,cake,5,3.0,15.0,cash,,2023-08-14
txn_8468071,cookie,4,1.0,4.0,,,2023-08-22
txn_7543921,coffee,3,2.0,6.0,cash,in-store,2023-12-06
txn_8714536,error,4,4.0,16.0,digital wallet,takeaway,2023-05-06
txn_3282601,,2,3.0,6.0,digital wallet,in-store,2023-02-03
txn_4569599,unknown,2,1.5,3.0,cash,,2023-02-07
txn_2970011,coffee,4,2.0,8.0,credit card,takeaway,2023-06-04
txn_5556328,tea,5,1.5,7.5,digital wallet,in-store,2023-12-10
txn_8786159,coffee,3,2.0,6.0,cash,in-store,2023-04-05
txn_2467699,tea,1,1.5,1.5,cash,unknown,2023-06-17
txn_3085628,salad,1,5.0,5.0,cash,,2023-08-26
txn_7952153,smoothie,2,4.0,8.0,digital wallet,,2023-07-24
txn_4439321,coffee,3,2.0,6.0,cash,in-store,2023-04-25
txn_1488127,tea,5,,7.5,,takeaway,2023-12-12
txn_6687734,cake,1,3.0,3.0,error,in-store,2023-03-14
txn_7323885,sandwich,5,4.0,20.0,cash,in-store,2023-09-15
txn_7894558,coffee,2,2.0,4.0,,,2023-01-04
txn_4019040,tea,1,1.5,1.5,cash,in-store,2023-02-01
txn_1570573,sandwich,3,4.0,12.0,digital wallet,takeaway,2023-04-09
txn_5991995,cake,1,3.0,3.0,digital wallet,in-store,2023-01-08
txn_2437586,sandwich,4,4.0,16.0,cash,,2023-08-29
txn_7326827,smoothie,1,4.0,4.0,,in-store,2023-06-30
txn_6004431,sandwich,2,4.0,8.0,cash,takeaway,2023-04-07
txn_7475500,cookie,2,1.0,2.0,cash,,2023-11-22
txn_8122317,coffee,3,2.0,6.0,cash,takeaway,2023-10-16
txn_2028930,cookie,2,1.0,2.0,digital wallet,,2023-11-25
txn_3394874,coffee,4,2.0,8.0,credit card,takeaway,2023-06-18
txn_5804346,tea,unknown,1.5,1.5,credit card,,2023-07-05
txn_5926025,,2,4.0,,digital wallet,,2023-07-29
txn_2220389,salad,4,5.0,20.0,credit card,unknown,2023-07-26
txn_9603773,cookie,2,1.0,2.0,credit card,,2023-10-10
txn_1285279,coffee,2,2.0,4.0,cash,takeaway,2023-04-09
txn_5244558,smoothie,4,4.0,16.0,digital wallet,,2023-06-06
txn_1702434,smoothie,3,4.0,12.0,digital wallet,,2023-07-22
txn_2425755,smoothie,1,4.0,4.0,,takeaway,2023-09-14
txn_5350200,unknown,1,4.0,4.0,cash,in-store,2023-12-02
txn_7151817,sandwich,1,4.0,4.0,cash,in-store,2023-05-18
txn_7514589,juice,3,3.0,9.0,cash,takeaway,2023-07-25
txn_5962237,juice,1,3.0,3.0,,takeaway,2023-10-31
txn_9059245,unknown,1,4.0,4.0,cash,,2023-07-11
txn_2188356,tea,1,1.5,1.5,,in-store,2023-07-14
txn_8019335,smoothie,3,4.0,12.0,digital wallet,takeaway,2023-11-26
txn_5921650,salad,,5.0,20.0,,in-store,2023-10-13
txn_5248011,cake,2,3.0,6.0,,in-store,2023-01-21
txn_7332957,sandwich,5,4.0,20.0,digital wallet,,2023-07-26
txn_1278539,tea,1,1.5,1.5,credit card,takeaway,2023-04-04
txn_1186221,salad,4,5.0,20.0,cash,takeaway,2023-04-21
txn_3086676,cake,2,3.0,6.0,cash,unknown,2023-07-21
txn_9696138,juice,3,3.0,9.0,,,2023-12-01
txn_1846455,sandwich,4,4.0,16.0,,,2023-03-16
txn_1548245,,4,4.0,16.0,credit card,,2023-03-15
txn_1839407,cookie,3,1.0,3.0,cash,,2023-03-15
txn_9028798,cake,2,3.0,6.0,cash,in-store,2023-05-25
txn_4672332,cake,4,3.0,,cash,in-store,2023-03-29
txn_2726078,coffee,3,2.0,6.0,digital wallet,,2023-11-27
txn_5249091,smoothie,5,4.0,20.0,credit card,in-store,2023-08-15
txn_9507397,cookie,3,1.0,3.0,credit card,takeaway,2023-10-26
txn_6948649,error,5,1.5,7.5,cash,in-store,2023-11-27
txn_3300171,cookie,5,1.0,5.0,credit card,in-store,2023-02-14
txn_2773085,coffee,1,,2.0,,,2023-10-16
txn_4697112,sandwich,3,4.0,12.0,credit card,,2023-04-08
txn_7897423,unknown,4,5.0,20.0,,,2023-05-24
txn_6373380,coffee,4,2.0,8.0,cash,in-store,2023-07-21
txn_8668590,cookie,4,1.0,4.0,digital wallet,,2023-04-18
txn_9121676,smoothie,4,4.0,16.0,,,2023-12-25
txn_4956012,sandwich,1,4.0,4.0,,in-store,2023-07-20
txn_4341126,cake,2,3.0,6.0,cash,,2023-07-01
txn_9792412,tea,unknown,1.5,6.0,digital wallet,takeaway,2023-06-15
txn_2103018,cake,5,3.0,,credit card,in-store,2023-11-24
txn_9843421,error,3,3.0,9.0,unknown,in-store,2023-09-06
txn_2227781,cake,1,3.0,3.0,cash,takeaway,2023-01-21
txn_6159539,juice,1,3.0,3.0,digital wallet,,2023-01-12
txn_8014766,unknown,1,4.0,4.0,,,2023-10-05
txn_5234152,cookie,5,1.0,5.0,digital wallet,takeaway,2023-03-26
txn_9468033,juice,1,3.0,3.0,credit card,,2023-12-13
txn_3132304,sandwich,1,4.0,4.0,credit card,,2023-01-21
txn_6262910,cake,4,3.0,12.0,cash,takeaway,2023-07-02
txn_7543841,cookie,3,1.0,3.0,cash,in-store,2023-11-07
txn_7901672,cookie,1,1.0,1.0,,,2023-06-24
txn_1058957,juice,2,3.0,6.0,cash,in-store,2023-03-21
txn_7635738,coffee,error,2.0,8.0,cash,takeaway,2023-08-08
txn_2728444,salad,1,5.0,5.0,digital wallet,takeaway,2023-01-23
txn_9073184,cake,2,3.0,6.0,unknown,,2023-04-14
txn_2044945,error,2,1.5,3.0,cash,,2023-10-18
txn_5665341,tea,5,1.5,7.5,cash,,2023-02-27
txn_1509627,juice,4,,12.0,digital wallet,,2023-03-23
txn_7813066,juice,1,,3.0,,,2023-02-28
txn_5518591,cookie,4,1.0,4.0,digital wallet,,2023-09-21
txn_6540415,cake,5,3.0,15.0,,unknown,2023-05-27
txn_2991726,juice,5,,15.0,,in-store,2023-09-01
txn_7939659,cake,3,3.0,9.0,digital wallet,takeaway,2023-07-26
txn_7531403,smoothie,2,4.0,8.0,cash,in-store,2023-07-08
txn_3767196,salad,4,5.0,20.0,cash,,2023-08-30
txn_3562332,salad,5,5.0,25.0,,,2023-06-20
txn_7302788,coffee,1,2.0,2.0,cash,in-store,2023-09-18
txn_9233948,cookie,4,1.0,4.0,cash,,2023-03-26
txn_1510673,juice,3,3.0,9.0,,error,2023-02-26
txn_9867586,smoothie,4,4.0,16.0,,in-store,2023-06-02
txn_1750875,juice,3,3.0,9.0,,,2023-12-13
txn_6397944,salad,5,5.0,25.0,,unknown,2023-10-31
txn_5216430,cookie,3,,3.0,,unknown,2023-02-05
txn_2723755,juice,3,3.0,9.0,cash,,2023-06-30
txn_2313646,sandwich,3,4.0,12.0,,in-store,2023-08-24
txn_6327139,error,4,4.0,16.0,,takeaway,
txn_4028494,cake,3,3.0,9.0,digital wallet,in-store,2023-10-22
txn_1412415,juice,3,3.0,9.0,cash,in-store,2023-02-24
txn_7398884,error,3,4.0,12.0,,takeaway,2023-12-24
txn_6546131,coffee,4,2.0,8.0,credit card,in-store,2023-06-26
txn_9030656,juice,5,3.0,15.0,digital wallet,takeaway,2023-12-12
txn_1950777,salad,5,5.0,25.0,cash,takeaway,2023-08-26
txn_4605239,coffee,1,2.0,2.0,credit card,,2023-08-06
txn_8019396,sandwich,3,4.0,12.0,,,2023-10-20
txn_3716685,,5,4.0,20.0,digital wallet,takeaway,
txn_1580822,juice,5,3.0,15.0,credit card,,
txn_5060289,tea,5,1.5,7.5,credit card,unknown,
txn_7874772,tea,1,1.5,1.5,credit card,takeaway,2023-04-26
txn_2625464,smoothie,3,4.0,12.0,credit card,in-store,2023-10-06
txn_9338442,cake,1,3.0,3.0,digital wallet,in-store,2023-12-29
txn_2953908,coffee,5,2.0,10.0,credit card,in-store,2023-10-11
txn_2576936,cake,3,3.0,9.0,cash,,2023-10-14
txn_4586482,juice,3,3.0,9.0,,in-store,2023-09-04
txn_3660806,cookie,5,,5.0,,takeaway,2023-02-14
txn_8069514,smoothie,4,4.0,16.0,credit card,,
txn_6410244,tea,4,1.5,6.0,credit card,takeaway,2023-01-06
txn_5026431,,5,4.0,20.0,cash,,2023-12-05
txn_3106348,salad,4,5.0,20.0,digital wallet,in-store,2023-01-10
txn_6216278,coffee,4,2.0,8.0,credit card,in-store,2023-11-06
txn_9947324,sandwich,2,4.0,8.0,digital wallet,takeaway,2023-08-22
txn_9531434,cookie,1,1.0,,credit card,takeaway,2023-10-09
txn_4104718,cookie,2,1.0,2.0,cash,,2023-11-08
txn_5789560,juice,2,3.0,6.0,cash,takeaway,2023-02-13
txn_8285752,cookie,4,1.0,4.0,,in-store,2023-01-07
txn_8099340,unknown,4,1.5,6.0,,in-store,2023-04-23
txn_7733300,smoothie,2,4.0,8.0,cash,takeaway,2023-12-10
txn_4416331,cookie,1,1.0,1.0,,takeaway,2023-02-13
txn_3551665,juice,4,3.0,12.0,credit card,in-store,2023-04-06
txn_7377496,unknown,1,3.0,3.0,credit card,takeaway,2023-02-28
txn_4637438,salad,2,5.0,10.0,,takeaway,2023-04-07
txn_5493965,juice,1,3.0,3.0,,,2023-06-16
txn_2525207,cookie,2,1.0,2.0,digital wallet,,2023-11-25
txn_7354480,cake,2,3.0,6.0,cash,,2023-01-17
txn_6819128,salad,1,5.0,5.0,cash,,2023-10-19
txn_5023419,cookie,3,1.0,3.0,digital wallet,takeaway,2023-02-26
txn_9864890,sandwich,3,4.0,12.0,,in-store,2023-12-06
txn_8798330,,1,2.0,2.0,,in-store,2023-02-16
txn_9951411,coffee,1,2.0,2.0,cash,in-store,2023-08-09
txn_6755795,smoothie,5,4.0,20.0,cash,unknown,2023-02-22
txn_7507071,smoothie,2,4.0,8.0,,in-store,2023-01-10
txn_1018470,juice,3,3.0,9.0,,error,2023-01-14
txn_2924262,cookie,5,1.0,5.0,,,2023-09-01
txn_6472242,sandwich,1,4.0,4.0,,,2023-03-27
txn_8482647,sandwich,5,4.0,20.0,credit card,,2023-01-08
txn_6994354,salad,5,5.0,25.0,,takeaway,2023-07-03
txn_3520910,salad,1,5.0,5.0,credit card,takeaway,2023-05-06
txn_8589003,tea,4,1.5,,cash,unknown,2023-08-25
txn_3219263,smoothie,5,4.0,20.0,unknown,takeaway,2023-03-31
txn_9619442,cake,4,3.0,12.0,digital wallet,in-store,2023-05-23
txn_1050323,juice,1,3.0,3.0,,in-store,2023-03-10
txn_8379815,smoothie,5,,20.0,credit card,,2023-07-31
txn_6746916,coffee,1,2.0,2.0,cash,takeaway,2023-11-15
txn_1547717,sandwich,5,4.0,,,,2023-12-15
txn_8407982,salad,2,5.0,10.0,digital wallet,takeaway,2023-09-17
txn_3484276,cookie,5,1.0,5.0,digital wallet,takeaway,2023-06-14
txn_3705669,tea,2,1.5,3.0,error,,2023-11-23
txn_4105487,sandwich,4,4.0,16.0,digital wallet,in-store,2023-04-13
txn_6856558,juice,4,3.0,12.0,,takeaway,2023-10-30
txn_3669990,tea,2,1.5,3.0,cash,takeaway,2023-01-27
txn_5994713,tea,3,1.5,4.5,,takeaway,2023-03-05
txn_8091357,coffee,1,2.0,2.0,cash,unknown,2023-12-28
txn_9555958,smoothie,4,4.0,16.0,digital wallet,takeaway,2023-09-30
txn_4194085,salad,1,5.0,5.0,credit card,,2023-05-25
txn_7780748,cookie,3,1.0,3.0,credit card,in-store,2023-01-19
txn_7914340,tea,unknown,1.5,1.5,,error,2023-09-04
txn_7780786,cake,1,3.0,3.0,credit card,,2023-10-30
txn_1048284,salad,2,5.0,10.0,cash,in-store,2023-08-19
txn_3301517,salad,unknown,5.0,25.0,credit card,in-store,2023-04-13
txn_3120848,cookie,1,1.0,1.0,cash,in-store,2023-11-01
txn_3764807,smoothie,2,,8.0,,,2023-08-28
txn_3315467,sandwich,2,4.0,8.0,digital wallet,takeaway,2023-11-17
txn_9363990,cake,3,3.0,,credit card,unknown,2023-01-17
txn_9666257,juice,2,3.0,6.0,,in-store,2023-09-27
txn_1504466,coffee,1,2.0,2.0,cash,,2023-11-07
txn_3324387,unknown,1,4.0,4.0,credit card,,2023-12-13
txn_7603895,smoothie,5,4.0,20.0,credit card,in-store,
txn_1477525,salad,3,5.0,15.0,cash,takeaway,2023-11-06
txn_9063624,coffee,1,2.0,2.0,credit card,unknown,2023-04-21
txn_1595139,smoothie,5,4.0,20.0,cash,,2023-08-24
txn_8606912,salad,5,,25.0,digital wallet,,2023-03-10
txn_8548232,sandwich,4,4.0,16.0,digital wallet,in-store,2023-06-21
txn_6074414,salad,2,5.0,10.0,credit card,error,2023-11-13
txn_2010658,smoothie,3,4.0,12.0,,error,2023-02-20
txn_5070577,cookie,,1.0,4.0,credit card,takeaway,2023-02-07
txn_5426236,,3,4.0,12.0,cash,takeaway,2023-08-31
txn_8867957,sandwich,1,4.0,4.0,digital wallet,,2023-01-04
txn_3241422,salad,2,5.0,10.0,cash,takeaway,2023-07-17
txn_6036254,error,3,2.0,6.0,credit card,,2023-09-20
txn_3580048,smoothie,5,,20.0,,,2023-05-17
txn_2756336,smoothie,3,4.0,12.0,credit card,takeaway,2023-07-07
txn_9691873,juice,2,,6.0,digital wallet,takeaway,2023-02-15
txn_2466187,coffee,2,2.0,4.0,,takeaway,2023-04-18
txn_9699116,cookie,2,1.0,2.0,digital wallet,in-store,
txn_7964520,coffee,1,2.0,2.0,,in-store,2023-03-26
txn_3185667,tea,5,,7.5,digital wallet,,2023-12-26
txn_8167741,sandwich,4,4.0,16.0,,takeaway,2023-09-09
txn_1015883,cookie,4,1.0,4.0,cash,in-store,2023-10-16
txn_8838566,cake,5,3.0,15.0,digital wallet,in-store,2023-07-25
txn_2423343,tea,4,1.5,6.0,error,in-store,2023-09-25
txn_1496038,juice,4,3.0,12.0,,in-store,2023-12-22
txn_9484436,salad,1,,5.0,credit card,in-store,2023-01-20
txn_7670699,juice,1,3.0,3.0,cash,in-store,2023-12-24
txn_7765640,error,error,2.0,2.0,credit card,,2023-07-07
txn_5412418,,3,3.0,9.0,cash,,2023-09-23
txn_2053631,salad,1,5.0,5.0,credit card,,2023-03-21
txn_3632064,cookie,5,1.0,5.0,cash,,2023-02-12
txn_4254587,smoothie,1,4.0,4.0,digital wallet,,2023-05-27
txn_9605972,cake,3,3.0,9.0,,error,2023-09-30
txn_1323030,salad,4,5.0,20.0,,in-store,2023-03-30
txn_7989903,juice,2,3.0,6.0,cash,,2023-06-19
txn_7423885,juice,4,3.0,12.0,digital wallet,takeaway,2023-09-06
txn_1495371,sandwich,2,4.0,,credit card,takeaway,2023-07-21
txn_8934025,cookie,2,1.0,2.0,,,2023-12-18
txn_7515290,smoothie,unknown,4.0,12.0,digital wallet,,2023-12-23
txn_3711520,tea,1,1.5,1.5,,in-store,2023-06-29
txn_3841683,sandwich,1,4.0,4.0,unknown,in-store,2023-06-20
txn_9100530,sandwich,3,4.0,12.0,digital wallet,,2023-05-21
txn_3112013,sandwich,5,4.0,20.0,cash,in-store,2023-01-06
txn_7786787,tea,1,1.5,1.5,credit card,takeaway,2023-07-08
txn_7160196,sandwich,1,4.0,4.0,,in-store,2023-12-06
txn_4634894,coffee,1,2.0,2.0,,,2023-12-09
txn_8214944,unknown,3,1.5,4.5,credit card,in-store,2023-11-18
txn_1080377,cake,2,3.0,6.0,error,,2023-04-08
txn_8566683,smoothie,4,4.0,16.0,cash,takeaway,2023-08-09
txn_2784588,juice,2,3.0,6.0,cash,takeaway,2023-03-26
txn_6110769,cookie,2,1.0,2.0,,,2023-03-02
txn_9999124,juice,2,3.0,6.0,digital wallet,takeaway,
txn_1637334,error,2,1.5,3.0,credit card,in-store,2023-08-09
txn_9514452,error,5,,10.0,credit card,takeaway,2023-07-29
txn_8787350,sandwich,5,4.0,20.0,,,2023-05-21
txn_7533675,smoothie,3,4.0,12.0,,in-store,2023-10-28
txn_2264601,tea,1,1.5,1.5,,,2023-01-21
txn_6024139,juice,4,3.0,12.0,digital wallet,unknown,2023-08-15
txn_9841397,coffee,4,2.0,8.0,cash,in-store,2023-12-28
txn_7302991,,4,4.0,16.0,digital wallet,takeaway,2023-04-05
txn_6093331,smoothie,2,4.0,8.0,credit card,,2023-06-24
txn_3087096,tea,3,,4.5,cash,,2023-08-19
txn_8324315,salad,1,5.0,5.0,,,2023-08-07
txn_8933679,salad,3,5.0,15.0,digital wallet,in-store,2023-09-24
txn_3528653,cake,1,3.0,3.0,unknown,,2023-02-26
txn_4256155,cake,5,3.0,15.0,,takeaway,2023-04-06
txn_7186675,cookie,4,1.0,4.0,cash,,2023-11-09
txn_5295223,error,5,5.0,25.0,cash,in-store,2023-03-23
txn_8578861,salad,5,5.0,25.0,digital wallet,in-store,2023-05-16
txn_8028042,coffee,3,2.0,6.0,,,2023-04-05
txn_4021467,coffee,2,2.0,4.0,,takeaway,2023-04-02
txn_4807037,salad,5,5.0,25.0,cash,in-store,2023-12-08
txn_3975938,sandwich,3,4.0,12.0,credit card,,2023-09-04
txn_3312653,cookie,5,1.0,5.0,cash,takeaway,2023-12-09
txn_1405498,juice,2,3.0,6.0,unknown,takeaway,2023-12-31
txn_6571288,sandwich,2,4.0,8.0,credit card,,2023-10-23
txn_7560210,juice,5,3.0,15.0,error,takeaway,2023-02-21
txn_2905234,cookie,1,1.0,1.0,credit card,,2023-09-24
txn_3630981,coffee,2,2.0,4.0,,in-store,2023-10-31
txn_3339728,juice,5,3.0,15.0,,in-store,2023-05-13
txn_3826298,cookie,3,1.0,3.0,,,2023-11-28
txn_7854306,sandwich,1,4.0,4.0,cash,in-store,2023-09-17
txn_6034709,unknown,2,2.0,4.0,credit card,,2023-06-16
txn_3072565,juice,3,3.0,,credit card,,2023-07-09
txn_9544977,cookie,4,1.0,4.0,,in-store,2023-07-04
txn_9924421,cake,5,3.0,15.0,credit card,,
txn_8374101,salad,5,5.0,25.0,credit card,,2023-08-16
txn_5814878,smoothie,2,4.0,8.0,digital wallet,,2023-04-02
txn_2398895,juice,5,3.0,15.0,digital wallet,in-store,2023-04-04
txn_1205020,tea,5,1.5,7.5,cash,,2023-10-03
txn_4620459,sandwich,5,4.0,20.0,cash,error,
txn_1631377,coffee,5,2.0,10.0,,takeaway,2023-06-07
txn_6368424,cookie,3,1.0,3.0,,,
txn_8116676,cake,2,3.0,6.0,digital wallet,,2023-09-16
txn_4116036,salad,2,,10.0,credit card,in-store,2023-01-22
txn_3172090,juice,1,3.0,3.0,credit card,,2023-05-09
txn_5193568,juice,3,3.0,9.0,cash,,2023-12-10
txn_3725152,coffee,5,2.0,10.0,,,2023-07-08
txn_8724711,salad,3,5.0,15.0,cash,in-store,2023-02-07
txn_9477344,unknown,2,1.0,2.0,credit card,in-store,2023-09-30
txn_5899361,cake,1,3.0,3.0,credit card,,2023-08-08
txn_8261380,cake,3,3.0,9.0,cash,in-store,2023-10-01
txn_1188551,unknown,2,2.0,4.0,,,2023-03-20
txn_1887250,tea,3,1.5,,,takeaway,2023-05-15
txn_4799873,cookie,3,1.0,3.0,digital wallet,in-store,2023-03-04
txn_9691151,coffee,4,2.0,8.0,,in-store,2023-08-23
txn_3014261,salad,4,5.0,20.0,cash,in-store,2023-11-29
txn_9987991,smoothie,error,4.0,16.0,credit card,takeaway,2023-02-21
txn_1093668,coffee,2,2.0,4.0,digital wallet,error,2023-05-18
txn_8279966,coffee,unknown,2.0,6.0,cash,in-store,2023-08-24
txn_3977835,tea,5,,7.5,,in-store,2023-05-06
txn_1758689,smoothie,3,4.0,12.0,cash,error,2023-02-17
txn_4312977,juice,1,3.0,3.0,digital wallet,in-store,2023-03-15
txn_6503526,cookie,5,,5.0,credit card,in-store,2023-10-20
txn_8676485,salad,2,5.0,10.0,,in-store,2023-04-28
txn_7176851,tea,4,1.5,6.0,credit card,takeaway,2023-11-20
txn_8695037,smoothie,error,4.0,8.0,unknown,,2023-01-24
txn_6632882,smoothie,1,4.0,4.0,digital wallet,in-store,2023-04-30
txn_7775016,sandwich,5,4.0,20.0,cash,in-store,2023-09-27
txn_2176024,coffee,5,,10.0,digital wallet,in-store,2023-02-03
txn_7051683,error,3,3.0,9.0,digital wallet,in-store,2023-11-16
txn_3670041,smoothie,3,4.0,12.0,digital wallet,,2023-03-22
txn_5124080,cookie,1,1.0,1.0,credit card,in-store,2023-01-14
txn_3317649,sandwich,3,4.0,12.0,error,takeaway,2023-11-06
txn_3953316,cookie,2,1.0,2.0,digital wallet,,2023-06-06
txn_6160209,salad,3,5.0,15.0,,in-store,2023-07-28
txn_7089316,tea,2,1.5,3.0,cash,in-store,2023-11-27
txn_5421310,coffee,error,2.0,8.0,digital wallet,in-store,2023-06-10
txn_9081409,error,1,3.0,,credit card,in-store,2023-06-16
txn_6850528,cookie,3,1.0,3.0,cash,in-store,2023-10-13
txn_6900182,smoothie,3,4.0,,cash,in-store,2023-09-10
txn_2643748,salad,3,5.0,15.0,cash,,2023-11-28
txn_4858908,cake,2,3.0,6.0,cash,in-store,2023-02-11
txn_8972137,error,4,3.0,12.0,credit card,in-store,2023-05-15
txn_2828785,smoothie,1,4.0,4.0,,in-store,2023-01-24
txn_3489721,coffee,3,2.0,,cash,,2023-09-27
txn_4791031,coffee,unknown,2.0,10.0,cash,,
txn_5223702,smoothie,4,4.0,16.0,credit card,,2023-06-23
txn_2788676,cookie,2,1.0,2.0,digital wallet,,2023-11-05
txn_1643447,,1,3.0,3.0,error,,2023-09-03
txn_5172164,tea,3,1.5,4.5,digital wallet,in-store,2023-09-13
txn_2818867,salad,3,5.0,15.0,cash,,2023-01-11
txn_1303984,salad,4,5.0,20.0,digital wallet,,2023-07-24
txn_3373078,smoothie,4,4.0,16.0,digital wallet,in-store,2023-12-01
txn_3982146,coffee,3,2.0,6.0,,in-store,2023-07-09
txn_1185156,smoothie,4,4.0,16.0,,takeaway,2023-03-23
txn_6720290,smoothie,1,4.0,4.0,,in-store,2023-01-25
txn_9365447,,2,1.5,3.0,cash,,2023-12-10
txn_7701878,smoothie,4,4.0,16.0,credit card,in-store,2023-08-11
txn_7677817,,unknown,2.0,2.0,credit card,,2023-01-17
txn_9983530,smoothie,3,4.0,12.0,,,2023-01-04
txn_4755934,tea,2,1.5,3.0,cash,,2023-12-29
txn_2931198,cake,2,3.0,6.0,credit card,in-store,2023-04-21
txn_7426387,smoothie,5,4.0,20.0,cash,,2023-10-30
txn_3182547,juice,,3.0,9.0,digital wallet,takeaway,2023-07-28
txn_6980463,salad,1,5.0,5.0,digital wallet,in-store,2023-09-03
txn_6708165,juice,5,3.0,15.0,error,in-store,2023-10-19
txn_4310629,cake,3,3.0,9.0,credit card,takeaway,2023-10-02
txn_4650611,coffee,1,2.0,2.0,credit card,,2023-10-14
txn_7952232,tea,4,1.5,6.0,cash,,2023-03-31
txn_1593691,sandwich,2,4.0,8.0,,,2023-03-11
txn_9432007,cookie,4,1.0,4.0,,,
txn_3781198,cake,3,3.0,9.0,digital wallet,in-store,2023-11-04
txn_3585464,cookie,3,1.0,3.0,,takeaway,2023-09-12
txn_8286164,smoothie,1,4.0,,,in-store,2023-03-08
txn_8851113,tea,3,1.5,4.5,digital wallet,,2023-12-23
txn_9131136,juice,2,3.0,6.0,credit card,unknown,2023-03-20
txn_8872160,salad,5,5.0,25.0,digital wallet,,
txn_1449065,salad,2,5.0,10.0,cash,,2023-10-03
txn_1230311,juice,3,3.0,9.0,digital wallet,unknown,2023-08-14
txn_2325484,salad,1,,5.0,digital wallet,takeaway,2023-08-16
txn_2647425,juice,4,3.0,12.0,credit card,error,2023-07-30
txn_5525916,coffee,2,2.0,4.0,cash,takeaway,2023-03-02
txn_4297979,coffee,1,2.0,2.0,digital wallet,in-store,2023-08-14
txn_1686323,smoothie,4,4.0,16.0,digital wallet,in-store,2023-11-30
txn_5373154,cake,3,3.0,9.0,digital wallet,,2023-04-06
txn_6225571,smoothie,2,4.0,8.0,credit card,takeaway,2023-09-13
txn_9772556,coffee,5,2.0,10.0,,,2023-10-20
txn_3033598,sandwich,5,4.0,,cash,takeaway,2023-03-12
txn_4382956,unknown,4,1.5,6.0,credit card,,2023-11-16
txn_8117583,salad,1,5.0,5.0,cash,in-store,2023-02-25
txn_1101527,smoothie,unknown,4.0,20.0,digital wallet,,2023-04-20
txn_2118759,coffee,2,2.0,4.0,digital wallet,,2023-08-07
txn_7603948,cake,3,3.0,9.0,credit card,,2023-01-28
txn_5519424,tea,2,1.5,3.0,digital wallet,,2023-09-23
txn_3483911,salad,1,5.0,5.0,digital wallet,takeaway,2023-07-10
txn_5447967,smoothie,2,,8.0,credit card,,2023-06-06
txn_2893987,cake,4,,12.0,,takeaway,2023-05-31
txn_5120215,coffee,2,2.0,4.0,digital wallet,,2023-10-29
txn_4417257,salad,5,5.0,25.0,digital wallet,takeaway,2023-05-06
txn_2871592,cookie,4,1.0,4.0,cash,in-store,2023-08-07
txn_8283199,juice,3,3.0,9.0,digital wallet,takeaway,2023-01-23
txn_1571874,cake,1,3.0,3.0,digital wallet,error,2023-07-10
txn_8059782,cake,5,3.0,15.0,,takeaway,
txn_6534833,salad,4,5.0,,digital wallet,in-store,2023-12-14
txn_6027500,smoothie,4,4.0,16.0,,,2023-09-22
txn_7029944,cookie,2,1.0,2.0,cash,takeaway,2023-04-17
txn_3075169,sandwich,unknown,4.0,8.0,credit card,in-store,2023-06-25
txn_9791421,sandwich,1,4.0,4.0,cash,takeaway,2023-07-15
txn_6359031,coffee,1,2.0,2.0,,,2023-02-28
txn_8236432,salad,1,5.0,5.0,,,2023-12-04
txn_7359566,coffee,1,2.0,2.0,cash,in-store,2023-04-06
txn_4813580,sandwich,3,4.0,12.0,digital wallet,takeaway,2023-04-15
txn_9940829,smoothie,3,4.0,12.0,,in-store,2023-04-04
txn_4583957,cookie,2,1.0,2.0,credit card,takeaway,2023-10-08
txn_8187222,coffee,4,2.0,8.0,credit card,,2023-03-08
txn_1298084,unknown,2,1.5,3.0,credit card,takeaway,2023-01-02
txn_4403699,,1,1.0,1.0,credit card,,2023-08-19
txn_5639908,tea,error,1.5,4.5,,in-store,
txn_9005782,tea,4,1.5,,,in-store,2023-06-18
txn_5083311,sandwich,4,4.0,16.0,digital wallet,,2023-04-30
txn_4325098,error,5,3.0,15.0,,takeaway,
txn_8847610,juice,3,3.0,9.0,digital wallet,takeaway,2023-12-06
txn_9817102,coffee,3,2.0,6.0,credit card,in-store,2023-02-22
txn_5566774,tea,3,1.5,4.5,unknown,in-store,2023-03-29
txn_5555790,tea,5,,7.5,credit card,in-store,2023-02-19
txn_3575713,,,1.5,1.5,cash,takeaway,2023-02-18
txn_5811955,salad,2,5.0,10.0,credit card,takeaway,2023-06-29
txn_3737378,smoothie,1,4.0,4.0,cash,,
txn_5406762,salad,4,5.0,20.0,credit card,error,2023-09-12
txn_3039985,cookie,5,1.0,5.0,digital wallet,in-store,2023-04-08
txn_1424056,smoothie,1,4.0,4.0,cash,,2023-07-31
txn_1193221,tea,3,1.5,4.5,credit card,in-store,2023-10-21
txn_8610501,sandwich,5,4.0,20.0,cash,unknown,2023-09-29
txn_9587445,coffee,4,2.0,8.0,,in-store,2023-08-24
txn_3694901,cookie,2,1.0,2.0,unknown,in-store,2023-08-16
txn_5749454,juice,unknown,3.0,12.0,digital wallet,takeaway,2023-12-04
txn_8356048,,5,4.0,20.0,cash,takeaway,2023-06-05
txn_3480278,smoothie,4,,16.0,digital wallet,in-store,2023-12-26
txn_9252414,tea,1,,1.5,,in-store,2023-11-13
txn_3010103,error,5,4.0,20.0,,,2023-02-14
txn_6699408,cookie,5,1.0,5.0,cash,takeaway,2023-12-22
txn_6400351,juice,2,3.0,6.0,digital wallet,takeaway,2023-08-11
txn_1559512,juice,5,,15.0,credit card,,2023-11-28
txn_6091543,coffee,3,2.0,,,in-store,2023-07-04
txn_2842641,cake,1,3.0,3.0,,in-store,2023-06-11
txn_8875043,salad,4,5.0,20.0,digital wallet,,2023-02-21
txn_8212783,salad,3,,15.0,credit card,in-store,2023-03-30
txn_2653400,smoothie,1,4.0,,cash,,
txn_7343062,sandwich,5,4.0,20.0,digital wallet,in-store,2023-08-11
txn_2535099,sandwich,5,4.0,20.0,credit card,in-store,2023-02-10
txn_2951148,sandwich,4,4.0,16.0,cash,in-store,2023-02-21
txn_1294101,tea,5,1.5,7.5,digital wallet,takeaway,2023-03-31
txn_5579227,smoothie,unknown,4.0,16.0,digital wallet,,2023-06-22
txn_8534360,juice,5,3.0,15.0,error,,2023-02-15
txn_4336247,coffee,5,2.0,10.0,digital wallet,takeaway,2023-03-03
txn_7101384,coffee,1,,2.0,,unknown,2023-04-23
txn_1356599,cookie,2,1.0,2.0,cash,takeaway,2023-12-14
txn_4568452,cookie,3,1.0,3.0,digital wallet,in-store,2023-01-14
txn_5036856,coffee,5,2.0,10.0,cash,in-store,2023-03-27
txn_6927392,salad,3,5.0,15.0,digital wallet,in-store,
txn_5167925,juice,1,3.0,3.0,,,2023-09-11
txn_1345440,salad,5,5.0,25.0,cash,,2023-06-20
txn_8043218,salad,2,5.0,10.0,cash,in-store,2023-10-23
txn_4026277,tea,3,1.5,4.5,digital wallet,in-store,2023-08-27
txn_4991731,tea,,1.5,1.5,digital wallet,takeaway,2023-11-07
txn_6196052,smoothie,5,4.0,,cash,takeaway,2023-04-07
txn_9563024,cookie,3,,3.0,digital wallet,in-store,2023-09-27
txn_8326905,coffee,5,2.0,10.0,,takeaway,2023-03-10
txn_3474333,,3,3.0,9.0,credit card,takeaway,2023-01-13
txn_9918597,smoothie,4,4.0,16.0,digital wallet,in-store,2023-10-17
txn_3460926,juice,3,3.0,9.0,digital wallet,takeaway,2023-03-25
txn_2671272,smoothie,1,4.0,4.0,digital wallet,,2023-02-13
txn_8437157,smoothie,4,4.0,16.0,credit card,,2023-02-09
txn_3401287,unknown,3,4.0,12.0,cash,,2023-02-12
txn_7309365,cake,2,3.0,6.0,cash,,2023-08-31
txn_2175096,unknown,1,1.5,1.5,,in-store,2023-02-25
txn_8872997,sandwich,4,4.0,16.0,credit card,in-store,2023-01-31
txn_8425085,juice,1,3.0,3.0,credit card,,2023-12-23
txn_3237919,sandwich,1,4.0,4.0,,,2023-02-04
txn_4713643,coffee,5,,10.0,,,2023-08-10
txn_4806003,cookie,5,1.0,5.0,credit card,,2023-08-06
txn_9089797,coffee,1,2.0,2.0,credit card,takeaway,2023-09-19
txn_5449092,juice,4,3.0,12.0,,,2023-06-11
txn_6097144,juice,5,3.0,15.0,,takeaway,2023-01-27
txn_6483589,juice,3,3.0,9.0,digital wallet,,2023-10-13
txn_8516055,unknown,5,4.0,20.0,credit card,takeaway,2023-04-17
txn_5430694,salad,unknown,5.0,25.0,,,2023-08-24
txn_3024493,smoothie,1,4.0,4.0,credit card,in-store,
txn_2078232,tea,1,1.5,1.5,unknown,,2023-06-11
txn_7551689,cookie,5,1.0,5.0,cash,,2023-09-16
txn_8408103,sandwich,5,4.0,,unknown,takeaway,2023-06-01
txn_5862795,salad,2,,10.0,digital wallet,,2023-02-25
txn_9348801,cake,1,3.0,3.0,,,2023-11-29
txn_8688565,smoothie,5,4.0,20.0,digital wallet,error,2023-05-23
txn_3067195,salad,3,5.0,15.0,cash,,2023-12-03
txn_2710603,smoothie,5,4.0,20.0,,takeaway,2023-02-02
txn_8978004,coffee,2,2.0,4.0,digital wallet,in-store,2023-04-01
txn_9679889,sandwich,3,4.0,12.0,credit card,in-store,2023-06-18
txn_9818163,tea,2,,3.0,digital wallet,error,2023-10-23
txn_7010020,cake,5,,15.0,,in-store,2023-08-07
txn_1712662,juice,2,3.0,6.0,cash,unknown,2023-05-31
txn_4077799,cake,4,3.0,12.0,digital wallet,takeaway,2023-08-12
txn_8225571,tea,4,,6.0,digital wallet,,2023-01-17
txn_3103520,cake,3,3.0,9.0,,,2023-09-04
txn_2084080,cookie,4,1.0,4.0,digital wallet,takeaway,2023-09-22
txn_2740398,cookie,4,1.0,4.0,digital wallet,in-store,
txn_8046057,coffee,1,2.0,2.0,credit card,in-store,2023-11-24
txn_5832968,salad,5,5.0,25.0,error,takeaway,2023-06-05
txn_6995665,tea,2,1.5,3.0,unknown,,
txn_3752448,cake,5,3.0,15.0,digital wallet,takeaway,2023-05-16
txn_3842881,salad,5,5.0,25.0,,unknown,2023-01-25
txn_4060160,coffee,4,2.0,8.0,,in-store,2023-07-05
txn_3847405,sandwich,1,4.0,4.0,digital wallet,takeaway,2023-06-15
txn_5103644,cake,4,3.0,12.0,credit card,takeaway,2023-04-17
txn_6846020,juice,5,,15.0,error,takeaway,2023-05-03
txn_7763764,cookie,2,1.0,2.0,error,in-store,
txn_4758849,cake,2,3.0,6.0,,,2023-06-23
txn_1034651,sandwich,3,4.0,12.0,,takeaway,2023-07-06
txn_4128921,salad,4,5.0,20.0,,takeaway,2023-09-11
txn_8925566,tea,2,1.5,3.0,digital wallet,in-store,2023-08-07
txn_1679800,smoothie,4,4.0,16.0,cash,in-store,2023-10-17
txn_3785678,tea,1,1.5,1.5,credit card,takeaway,2023-03-13
txn_1056256,cake,4,3.0,12.0,unknown,in-store,2023-12-04
txn_8712303,error,2,3.0,6.0,credit card,takeaway,2023-08-14
txn_2289122,smoothie,4,4.0,16.0,cash,in-store,2023-08-20
txn_2988434,juice,1,3.0,3.0,digital wallet,in-store,2023-12-09
txn_1197536,salad,3,5.0,15.0,,takeaway,2023-10-02
txn_7327362,coffee,5,2.0,10.0,credit card,in-store,2023-06-29
txn_5628251,cake,4,3.0,12.0,credit card,,2023-11-14
txn_2687748,juice,3,3.0,9.0,,takeaway,2023-02-26
txn_8309656,sandwich,3,4.0,12.0,,takeaway,2023-01-04
txn_7597276,smoothie,4,4.0,16.0,digital wallet,,2023-05-01
txn_4360906,sandwich,2,4.0,8.0,,in-store,2023-06-11
txn_6000890,coffee,3,2.0,6.0,digital wallet,in-store,2023-01-06
txn_8917565,coffee,1,2.0,2.0,cash,error,2023-11-19
txn_6264113,coffee,4,2.0,8.0,,,2023-12-02
txn_3603434,coffee,5,2.0,10.0,,in-store,2023-01-05
txn_7976129,cake,3,3.0,9.0,,in-store,2023-03-03
txn_7420434,coffee,4,2.0,8.0,credit card,takeaway,2023-07-16
txn_5818852,juice,2,3.0,6.0,,,2023-03-04
txn_9976598,juice,4,3.0,12.0,,takeaway,2023-01-10
txn_1556046,sandwich,4,4.0,16.0,credit card,takeaway,2023-04-09
txn_7129511,coffee,5,2.0,10.0,cash,takeaway,2023-10-29
txn_6324434,coffee,4,2.0,8.0,cash,takeaway,2023-12-04
txn_2380352,tea,3,1.5,4.5,digital wallet,,2023-11-03
txn_6455325,juice,4,3.0,12.0,credit card,in-store,2023-01-05
txn_6682253,tea,5,1.5,7.5,cash,in-store,2023-02-17
txn_8220657,error,2,1.5,,cash,,2023-08-13
txn_7819240,smoothie,5,4.0,20.0,cash,in-store,2023-03-06
txn_4451380,cookie,3,1.0,3.0,digital wallet,in-store,2023-07-10
txn_2482298,salad,2,5.0,10.0,,takeaway,2023-06-15
txn_2606750,tea,3,1.5,4.5,cash,error,2023-06-20
txn_4493874,cookie,5,1.0,,,in-store,2023-11-19
txn_2705302,salad,2,5.0,10.0,credit card,,2023-01-18
txn_3706167,sandwich,5,4.0,20.0,digital wallet,takeaway,2023-10-02
txn_7414587,tea,3,1.5,4.5,cash,takeaway,2023-03-22
txn_3360649,cookie,2,1.0,2.0,,takeaway,2023-09-10
txn_6132245,salad,2,5.0,10.0,digital wallet,,2023-06-01
txn_2633322,salad,4,,20.0,digital wallet,,2023-01-15
txn_9910333,cake,2,3.0,6.0,,in-store,2023-09-15
txn_7321479,cake,1,3.0,3.0,,error,2023-10-31
txn_4315166,sandwich,2,4.0,8.0,digital wallet,takeaway,2023-06-10
txn_7843112,cookie,4,1.0,4.0,,unknown,2023-01-25
txn_2879791,sandwich,1,4.0,4.0,,,2023-07-10
txn_2503128,cake,1,3.0,3.0,cash,in-store,2023-01-12
txn_3091574,cookie,5,1.0,5.0,error,in-store,2023-07-29
txn_2371763,sandwich,4,4.0,16.0,cash,,2023-05-17
txn_5726114,smoothie,3,4.0,12.0,digital wallet,takeaway,2023-07-14
txn_1079844,salad,2,5.0,10.0,digital wallet,,2023-10-27
txn_8726097,tea,1,1.5,1.5,digital wallet,takeaway,
txn_1633337,salad,5,5.0,25.0,credit card,,2023-06-29
txn_5222176,cookie,4,1.0,4.0,,in-store,2023-01-11
txn_7480940,coffee,2,2.0,4.0,cash,in-store,2023-01-25
txn_2437508,salad,2,5.0,10.0,,takeaway,2023-11-20
txn_7445500,salad,4,5.0,20.0,cash,in-store,
txn_5036614,smoothie,4,4.0,16.0,digital wallet,in-store,2023-10-10
txn_9731164,salad,1,5.0,5.0,cash,,2023-12-07
txn_1417291,juice,4,3.0,12.0,digital wallet,in-store,2023-05-11
txn_9792093,sandwich,1,4.0,4.0,,in-store,2023-09-28
txn_9989239,tea,5,1.5,,,in-store,2023-04-28
txn_6055570,tea,3,1.5,4.5,cash,,2023-02-06
txn_1231531,coffee,5,2.0,10.0,digital wallet,in-store,2023-07-24
txn_8843108,juice,5,3.0,15.0,,,2023-07-18
txn_4643305,cookie,4,1.0,4.0,,takeaway,2023-04-12
txn_8754977,sandwich,3,4.0,12.0,digital wallet,in-store,2023-10-24
txn_2052060,sandwich,3,4.0,12.0,cash,takeaway,2023-11-07
txn_1275124,coffee,3,2.0,6.0,,unknown,2023-06-21
txn_3534536,coffee,1,2.0,2.0,credit card,,2023-02-02
txn_1779679,coffee,5,,10.0,,in-store,2023-01-06
txn_4583908,sandwich,error,4.0,4.0,digital wallet,,2023-06-04
txn_6379692,cookie,5,,5.0,digital wallet,takeaway,2023-11-05
txn_3999862,tea,4,1.5,6.0,,in-store,2023-07-11
txn_7694326,coffee,5,2.0,,,,2023-02-19
txn_1171080,sandwich,3,4.0,12.0,credit card,,2023-07-29
txn_5658895,juice,unknown,3.0,6.0,cash,unknown,2023-09-21
txn_7704680,,2,5.0,10.0,credit card,,2023-08-06
txn_6395070,smoothie,4,4.0,16.0,credit card,,2023-12-10
txn_9576454,juice,1,3.0,3.0,credit card,in-store,2023-09-23
txn_7907259,cake,1,3.0,3.0,digital wallet,takeaway,2023-10-19
txn_4487345,sandwich,3,4.0,12.0,,in-store,2023-05-10
txn_5929341,juice,2,3.0,6.0,,takeaway,2023-05-12
txn_6021173,juice,5,3.0,15.0,cash,takeaway,2023-12-16
txn_6272473,coffee,4,2.0,8.0,cash,takeaway,2023-03-06
txn_5243032,cookie,1,1.0,1.0,cash,takeaway,2023-08-24
txn_5863411,cookie,3,1.0,,digital wallet,in-store,2023-09-21
txn_4087571,cookie,2,1.0,2.0,,,2023-11-24
txn_7680197,cookie,5,1.0,5.0,cash,takeaway,2023-09-23
txn_8773639,coffee,3,2.0,6.0,digital wallet,takeaway,2023-02-20
txn_5960979,coffee,5,2.0,10.0,digital wallet,in-store,2023-05-03
txn_7894534,tea,3,1.5,4.5,credit card,in-store,2023-03-16
txn_4890770,coffee,4,2.0,8.0,,takeaway,2023-10-12
txn_6079741,cookie,unknown,1.0,4.0,,takeaway,2023-01-02
txn_4612930,juice,2,3.0,6.0,,,2023-08-13
txn_1124311,cookie,1,1.0,1.0,cash,,2023-05-05
txn_6380636,coffee,5,2.0,10.0,,error,2023-01-10
txn_5720183,cookie,5,1.0,5.0,credit card,takeaway,2023-05-30
txn_6382322,tea,3,1.5,4.5,digital wallet,in-store,2023-12-14
txn_8119542,,2,1.0,2.0,digital wallet,,2023-12-12
txn_1674042,coffee,5,2.0,10.0,digital wallet,,2023-09-19
txn_8398809,tea,2,1.5,3.0,unknown,takeaway,2023-11-25
txn_7728415,tea,5,1.5,7.5,credit card,in-store,2023-12-28
txn_5285171,sandwich,5,4.0,20.0,cash,takeaway,2023-12-11
txn_2527007,smoothie,1,4.0,4.0,digital wallet,,2023-10-22
txn_8331542,salad,4,5.0,20.0,,in-store,2023-12-23
txn_2999220,smoothie,4,4.0,16.0,digital wallet,takeaway,2023-02-23
txn_5108188,cake,2,3.0,6.0,,,2023-08-25
txn_6680963,sandwich,2,4.0,8.0,credit card,takeaway,2023-08-01
txn_2308317,coffee,2,2.0,4.0,digital wallet,takeaway,2023-11-13
txn_8811902,tea,5,1.5,7.5,credit card,,2023-08-07
txn_7349134,unknown,1,4.0,4.0,credit card,in-store,2023-05-28
txn_1467546,cookie,3,1.0,3.0,,takeaway,2023-07-20
txn_2276722,salad,2,5.0,10.0,cash,takeaway,2023-12-21
txn_2519044,salad,5,5.0,25.0,digital wallet,takeaway,2023-05-20
txn_2851147,salad,2,5.0,10.0,digital wallet,in-store,2023-06-24
txn_3349404,coffee,3,2.0,6.0,digital wallet,unknown,2023-01-31
txn_7939011,juice,5,3.0,15.0,unknown,in-store,2023-04-07
txn_3877580,salad,2,5.0,10.0,digital wallet,error,2023-05-30
txn_5220523,juice,3,3.0,9.0,cash,takeaway,2023-01-30
txn_5934526,coffee,5,2.0,10.0,credit card,in-store,2023-05-27
txn_8935939,tea,3,1.5,4.5,digital wallet,takeaway,2023-03-27
txn_3586935,salad,5,5.0,25.0,cash,,2023-05-21
txn_1781777,salad,3,5.0,15.0,credit card,takeaway,2023-10-26
txn_6461461,juice,1,3.0,3.0,,in-store,
txn_1707251,sandwich,2,4.0,8.0,digital wallet,takeaway,2023-10-06
txn_4493878,coffee,5,,10.0,credit card,in-store,2023-03-11
txn_2446874,juice,4,3.0,12.0,credit card,,2023-07-22
txn_5747859,cake,1,3.0,3.0,credit card,takeaway,2023-03-13
txn_8172333,cookie,4,1.0,4.0,credit card,,2023-12-25
txn_8600523,tea,3,1.5,4.5,,,2023-12-29
txn_7471753,smoothie,error,4.0,20.0,cash,in-store,2023-03-13
txn_3884527,sandwich,1,4.0,4.0,digital wallet,in-store,2023-06-06
txn_9072517,smoothie,2,4.0,8.0,credit card,takeaway,2023-01-09
txn_4378200,tea,5,1.5,7.5,credit card,in-store,2023-09-04
txn_3918998,coffee,5,2.0,10.0,digital wallet,takeaway,2023-12-18
txn_7674694,tea,2,1.5,3.0,,,2023-03-30
txn_3875049,tea,2,1.5,3.0,digital wallet,takeaway,2023-09-15
txn_5400266,tea,3,1.5,4.5,digital wallet,takeaway,2023-06-14
txn_2402978,cookie,3,1.0,3.0,credit card,in-store,2023-01-21
txn_6188306,salad,1,5.0,5.0,,takeaway,2023-10-26
txn_1148874,cookie,1,1.0,1.0,credit card,in-store,2023-09-18
txn_1888708,sandwich,4,4.0,,cash,,2023-08-17
txn_8842592,cookie,5,1.0,5.0,error,,2023-07-10
txn_2761204,cake,3,3.0,9.0,cash,,2023-07-14
txn_9038745,smoothie,3,4.0,12.0,error,takeaway,2023-06-25
txn_1374424,sandwich,5,4.0,20.0,,,2023-04-24
txn_7205840,salad,3,5.0,15.0,,,2023-03-05
txn_7714378,smoothie,2,4.0,,cash,,2023-08-10
txn_7732813,tea,error,1.5,3.0,credit card,takeaway,2023-07-16
txn_6718205,smoothie,2,4.0,8.0,digital wallet,takeaway,2023-06-30
txn_8878429,cake,5,3.0,15.0,digital wallet,in-store,
txn_6899576,salad,2,5.0,10.0,digital wallet,takeaway,2023-10-26
txn_2761003,smoothie,2,4.0,,error,in-store,2023-11-08
txn_6929413,tea,1,1.5,1.5,digital wallet,,2023-10-13
txn_2350703,unknown,4,3.0,12.0,cash,in-store,2023-08-20
txn_1948437,smoothie,2,4.0,8.0,,takeaway,2023-11-03
txn_5901887,smoothie,4,,16.0,error,takeaway,2023-08-31
txn_1072232,sandwich,1,4.0,4.0,digital wallet,in-store,2023-01-07
txn_7469771,cake,5,3.0,15.0,error,,2023-12-09
txn_7139053,salad,4,5.0,20.0,digital wallet,takeaway,2023-09-12
txn_6028915,sandwich,5,,20.0,cash,in-store,2023-12-24
txn_3622194,cake,1,3.0,3.0,digital wallet,,2023-06-26
txn_6431215,cake,1,3.0,3.0,,error,2023-08-27
txn_4385240,cookie,4,1.0,4.0,cash,takeaway,2023-02-10
txn_3840523,,2,4.0,8.0,credit card,,2023-12-27
txn_5697778,cake,3,3.0,9.0,cash,,2023-03-08
txn_1749299,smoothie,2,4.0,8.0,unknown,,2023-10-28
txn_6806024,juice,,3.0,6.0,credit card,in-store,2023-04-14
txn_8352365,coffee,5,2.0,10.0,,takeaway,2023-08-10
txn_7143535,cookie,2,1.0,2.0,,,2023-05-21
txn_5090839,sandwich,5,4.0,20.0,cash,,2023-03-06
txn_5743619,salad,5,5.0,25.0,digital wallet,takeaway,2023-11-07
txn_8785432,cookie,2,1.0,2.0,cash,,2023-08-14
txn_1086324,cake,3,3.0,9.0,,in-store,2023-11-25
txn_8888599,sandwich,5,4.0,20.0,,,
txn_6361309,cake,5,3.0,15.0,,takeaway,
txn_8211146,sandwich,5,4.0,20.0,digital wallet,takeaway,2023-04-30
txn_5826333,cookie,1,1.0,1.0,cash,,2023-05-14
txn_1555314,sandwich,1,4.0,4.0,,takeaway,2023-02-25
txn_4611673,smoothie,5,4.0,20.0,digital wallet,,2023-03-05
txn_8839045,cake,2,3.0,6.0,,in-store,2023-06-13
txn_5183249,sandwich,1,4.0,4.0,,in-store,2023-07-02
txn_5104848,tea,2,1.5,3.0,,takeaway,2023-01-22
txn_9943917,sandwich,3,4.0,12.0,credit card,in-store,2023-01-16
txn_2490461,salad,4,5.0,20.0,,,2023-09-22
txn_5852244,cake,2,3.0,6.0,credit card,takeaway,2023-10-15
txn_9874775,tea,1,1.5,1.5,cash,,2023-09-02
txn_2586215,juice,2,3.0,6.0,digital wallet,,2023-03-23
txn_7704229,coffee,unknown,2.0,8.0,cash,,2023-07-15
txn_5444860,tea,2,1.5,3.0,digital wallet,,2023-04-28
txn_9391494,coffee,1,2.0,2.0,,,2023-12-17
txn_3557583,smoothie,5,4.0,20.0,credit card,error,2023-07-26
txn_8739878,unknown,1,3.0,3.0,,,2023-09-27
txn_5386352,error,1,4.0,4.0,credit card,,2023-01-18
txn_8321887,unknown,5,1.0,5.0,,,2023-03-21
txn_3995266,sandwich,1,4.0,4.0,credit card,in-store,2023-04-21
txn_7326974,cake,4,3.0,12.0,credit card,,2023-12-31
txn_7277750,cake,2,3.0,6.0,,,2023-09-29
txn_8075323,sandwich,1,4.0,4.0,digital wallet,,2023-04-18
txn_4831345,sandwich,5,4.0,20.0,,in-store,2023-05-10
txn_6301984,juice,5,3.0,15.0,,takeaway,
txn_1456374,cookie,5,1.0,5.0,cash,,2023-02-15
txn_3263746,coffee,1,2.0,2.0,cash,takeaway,2023-11-14
txn_2268203,salad,3,5.0,15.0,,unknown,
txn_9502077,smoothie,3,4.0,12.0,,,2023-12-21
txn_4994052,coffee,4,2.0,8.0,,takeaway,
txn_1671480,cookie,5,1.0,5.0,,,2023-01-06
txn_7430227,cake,3,3.0,9.0,cash,in-store,2023-07-24
txn_1516182,cookie,1,1.0,1.0,,,2023-06-18
txn_8807199,salad,5,5.0,25.0,credit card,,2023-05-30
txn_8700466,coffee,4,2.0,8.0,digital wallet,in-store,2023-04-29
txn_2190325,sandwich,4,4.0,16.0,credit card,in-store,2023-03-10
txn_4150495,cookie,2,1.0,2.0,cash,,2023-04-12
txn_3794410,cake,4,3.0,12.0,credit card,,2023-12-06
txn_5677869,juice,5,3.0,15.0,cash,in-store,2023-11-19
txn_3436462,salad,2,5.0,10.0,credit card,in-store,2023-06-29
txn_7493740,cake,1,3.0,3.0,,error,2023-05-18
txn_7388752,salad,1,5.0,5.0,credit card,takeaway,2023-08-28
txn_9448209,sandwich,3,4.0,12.0,cash,in-store,
txn_8655424,cookie,2,1.0,2.0,,in-store,2023-11-26
txn_9720012,smoothie,5,4.0,20.0,cash,in-store,2023-09-25
txn_6609572,error,4,4.0,16.0,cash,in-store,2023-06-15
txn_9390188,tea,1,1.5,1.5,,takeaway,2023-06-20
txn_1952465,cake,2,3.0,6.0,,takeaway,2023-06-11
txn_7605154,juice,5,3.0,15.0,cash,in-store,2023-09-09
txn_2684400,coffee,3,2.0,6.0,unknown,in-store,2023-03-30
txn_4702378,cake,2,3.0,6.0,cash,unknown,2023-08-28
txn_6312755,sandwich,2,4.0,8.0,credit card,,2023-02-11
txn_7584025,tea,4,1.5,6.0,,in-store,2023-09-18
txn_7533540,sandwich,5,4.0,20.0,,in-store,2023-11-01
txn_4425164,juice,4,3.0,12.0,,,2023-01-13
txn_4325648,juice,3,3.0,9.0,digital wallet,takeaway,2023-05-04
txn_7151374,tea,4,1.5,6.0,credit card,in-store,2023-07-30
txn_6413250,salad,error,5.0,20.0,cash,unknown,2023-12-02
txn_6496506,juice,1,3.0,3.0,digital wallet,in-store,2023-01-11
txn_2695546,tea,unknown,1.5,1.5,credit card,takeaway,2023-08-26
txn_4823513,cookie,5,1.0,,cash,takeaway,2023-07-02
txn_8960347,smoothie,unknown,4.0,12.0,cash,in-store,
txn_3222677,sandwich,1,4.0,4.0,digital wallet,takeaway,2023-12-16
txn_9942517,coffee,4,2.0,8.0,digital wallet,in-store,2023-04-29
txn_8735418,coffee,5,2.0,10.0,digital wallet,takeaway,2023-03-03
txn_7799794,,4,1.0,4.0,digital wallet,in-store,2023-08-22
txn_6347670,tea,2,1.5,3.0,digital wallet,in-store,2023-06-24
txn_9180345,sandwich,4,,16.0,digital wallet,,2023-06-13
txn_9632482,cake,2,3.0,6.0,credit card,,2023-08-27
txn_4642770,tea,4,1.5,6.0,,,2023-09-22
txn_5356324,smoothie,1,4.0,4.0,error,,2023-02-26
txn_5148730,cake,1,3.0,3.0,cash,unknown,2023-12-12
txn_8848847,cookie,3,1.0,3.0,cash,takeaway,2023-08-15
txn_3686848,tea,3,1.5,4.5,,,2023-04-06
txn_2328896,smoothie,4,4.0,16.0,cash,,2023-10-20
txn_6361856,cookie,5,1.0,5.0,unknown,,2023-05-11
txn_5942011,tea,1,1.5,1.5,cash,,2023-10-08
txn_7137364,salad,5,5.0,25.0,cash,unknown,2023-08-09
txn_9904042,unknown,4,4.0,16.0,credit card,,2023-06-09
txn_1510406,,3,5.0,15.0,,in-store,2023-01-12
txn_8176812,sandwich,5,4.0,20.0,digital wallet,,2023-06-21
txn_1360872,coffee,2,,4.0,credit card,in-store,2023-11-04
txn_4413776,coffee,5,2.0,10.0,cash,takeaway,2023-07-21
txn_1811953,cookie,2,1.0,2.0,unknown,,2023-06-26
txn_9382596,smoothie,5,4.0,20.0,credit card,takeaway,2023-11-18
txn_9480564,cookie,4,1.0,4.0,cash,in-store,2023-06-12
txn_1094479,cake,3,3.0,9.0,unknown,in-store,2023-06-08
txn_8301190,coffee,1,2.0,2.0,cash,takeaway,2023-04-01
txn_7653946,smoothie,4,4.0,16.0,cash,,2023-09-19
txn_1348274,cake,5,3.0,15.0,,,2023-11-14
txn_2855149,sandwich,2,4.0,8.0,cash,in-store,2023-07-16
txn_9320167,juice,5,3.0,15.0,credit card,,2023-11-12
txn_1135215,sandwich,3,4.0,12.0,,in-store,2023-04-10
txn_6158518,cookie,5,1.0,5.0,cash,error,2023-09-28
txn_5734442,cookie,4,1.0,4.0,credit card,takeaway,2023-10-01
txn_5748083,salad,unknown,5.0,10.0,,takeaway,2023-04-08
txn_1804335,juice,,3.0,9.0,credit card,,2023-10-05
txn_3644269,cookie,5,1.0,5.0,credit card,takeaway,2023-09-26
txn_5611239,unknown,4,1.0,4.0,cash,takeaway,2023-11-18
txn_4020100,cookie,1,1.0,1.0,cash,in-store,2023-08-09
txn_1643870,salad,4,5.0,20.0,digital wallet,takeaway,2023-10-07
txn_4734216,salad,3,5.0,15.0,digital wallet,in-store,2023-11-30
txn_4060538,cake,2,3.0,6.0,digital wallet,takeaway,2023-09-08
txn_4788388,cake,unknown,3.0,9.0,,,2023-06-29
txn_9348280,unknown,2,4.0,8.0,credit card,in-store,2023-03-28
txn_5173628,tea,3,1.5,4.5,,takeaway,2023-05-30
txn_9040196,juice,3,3.0,9.0,cash,unknown,2023-06-28
txn_1853983,tea,1,1.5,1.5,cash,in-store,2023-12-04
txn_6154823,error,5,4.0,20.0,digital wallet,takeaway,2023-11-16
txn_1936915,salad,3,5.0,15.0,digital wallet,in-store,2023-01-24
txn_8693747,smoothie,4,,16.0,digital wallet,,2023-02-13
txn_2911864,cookie,3,1.0,3.0,digital wallet,takeaway,2023-03-21
txn_2336921,juice,3,3.0,9.0,digital wallet,takeaway,2023-05-01
txn_3275800,coffee,3,2.0,6.0,,takeaway,2023-05-27
txn_6472656,tea,3,1.5,4.5,cash,takeaway,2023-11-25
txn_3494191,smoothie,2,4.0,8.0,credit card,in-store,2023-01-08
txn_4177717,cookie,1,1.0,1.0,,,2023-01-07
txn_7313328,juice,1,3.0,3.0,,takeaway,2023-01-03
txn_4019047,error,2,2.0,4.0,,,2023-09-14
txn_6832697,salad,3,5.0,15.0,credit card,takeaway,2023-01-21
txn_2919225,coffee,4,2.0,8.0,credit card,takeaway,2023-02-14
txn_4937344,sandwich,unknown,4.0,4.0,credit card,in-store,2023-02-12
txn_6444366,coffee,1,2.0,2.0,digital wallet,,2023-08-19
txn_7448158,cake,error,3.0,6.0,digital wallet,takeaway,2023-09-28
txn_7630601,tea,1,1.5,1.5,,takeaway,2023-08-22
txn_7366807,salad,unknown,5.0,15.0,,,2023-10-22
txn_5762127,coffee,2,2.0,4.0,,takeaway,2023-11-10
txn_1856153,coffee,5,2.0,10.0,credit card,,2023-12-02
txn_4908458,tea,4,1.5,6.0,,,2023-10-06
txn_4214066,juice,2,3.0,6.0,,in-store,2023-07-23
txn_8252793,cookie,4,1.0,4.0,digital wallet,,2023-07-28
txn_1313643,cake,4,3.0,12.0,unknown,,2023-02-11
txn_2941227,cookie,3,1.0,3.0,cash,in-store,2023-08-29
txn_1206585,tea,2,1.5,3.0,cash,,2023-06-29
txn_9580673,juice,2,3.0,,error,in-store,2023-06-25
txn_9874192,smoothie,3,4.0,12.0,,,2023-11-30
txn_4475487,smoothie,3,4.0,12.0,cash,in-store,2023-06-01
txn_8876663,salad,unknown,5.0,10.0,digital wallet,takeaway,2023-03-23
txn_3858126,smoothie,2,4.0,8.0,,in-store,2023-08-25
txn_3524464,smoothie,4,,16.0,credit card,takeaway,2023-08-31
txn_6242107,coffee,3,2.0,6.0,cash,,2023-11-14
txn_2352246,smoothie,4,4.0,16.0,credit card,takeaway,2023-06-20
txn_9523335,cookie,4,1.0,4.0,credit card,error,2023-01-29
txn_4475412,sandwich,3,4.0,12.0,unknown,,2023-10-31
txn_2656162,coffee,1,2.0,2.0,digital wallet,in-store,2023-04-11
txn_7517241,sandwich,2,4.0,8.0,,error,2023-01-18
txn_6243134,tea,2,1.5,3.0,digital wallet,,
txn_2435218,error,unknown,2.0,10.0,,in-store,2023-05-02
txn_9022617,coffee,1,2.0,2.0,credit card,in-store,2023-01-23
txn_1031802,cookie,4,1.0,4.0,error,unknown,2023-06-27
txn_2346296,cake,4,3.0,12.0,digital wallet,,2023-10-04
txn_8219210,smoothie,5,4.0,20.0,cash,,2023-01-12
txn_4541981,smoothie,4,,16.0,credit card,in-store,2023-01-14
txn_8522571,juice,2,3.0,6.0,credit card,takeaway,2023-09-19
txn_6752476,tea,4,1.5,6.0,,takeaway,2023-08-28
txn_1894142,sandwich,4,4.0,16.0,cash,in-store,2023-09-13
txn_3766378,unknown,1,3.0,3.0,cash,takeaway,2023-08-18
txn_8885727,tea,2,1.5,3.0,cash,takeaway,2023-10-05
txn_1422305,sandwich,4,4.0,16.0,,in-store,2023-03-09
txn_4625165,salad,3,5.0,15.0,credit card,,2023-03-02
txn_1804132,smoothie,3,4.0,12.0,,in-store,
txn_9323215,cookie,3,1.0,3.0,,,2023-01-27
txn_6824743,sandwich,2,4.0,,digital wallet,takeaway,2023-11-08
txn_9384397,sandwich,unknown,4.0,8.0,cash,,2023-10-31
txn_1034067,smoothie,3,,12.0,digital wallet,,2023-01-07
txn_3265085,cookie,5,1.0,5.0,,in-store,2023-09-05
txn_3061498,salad,5,5.0,25.0,,,2023-11-14
txn_6206792,tea,,,6.0,credit card,,2023-10-13
txn_7374304,tea,5,1.5,7.5,digital wallet,in-store,2023-05-10
txn_9447946,smoothie,2,4.0,8.0,credit card,in-store,2023-10-21
txn_2102561,,2,1.0,2.0,,in-store,2023-04-05
txn_5649995,tea,2,1.5,3.0,,takeaway,
txn_8223689,salad,5,5.0,25.0,digital wallet,in-store,2023-09-08
txn_3207254,cake,1,3.0,3.0,,takeaway,2023-04-25
txn_2579242,juice,5,3.0,15.0,,in-store,2023-09-11
txn_2187911,coffee,3,,6.0,credit card,takeaway,2023-04-20
txn_2594056,salad,4,5.0,20.0,cash,,2023-03-11
txn_6591736,coffee,4,2.0,8.0,,takeaway,2023-06-21
txn_1267753,error,3,1.5,4.5,credit card,,2023-06-28
txn_4615235,cake,4,3.0,12.0,cash,,2023-01-08
txn_4824519,smoothie,5,4.0,20.0,,,2023-12-27
txn_4677415,cake,2,3.0,6.0,digital wallet,,2023-12-12
txn_3548788,salad,4,5.0,20.0,digital wallet,,2023-02-22
txn_2503245,sandwich,3,4.0,12.0,unknown,takeaway,2023-04-15
txn_8855046,juice,3,,9.0,,takeaway,2023-12-05
txn_9287659,,1,3.0,3.0,,in-store,2023-05-13
txn_2417402,sandwich,3,4.0,12.0,digital wallet,,2023-05-09
txn_6266017,cookie,4,1.0,4.0,unknown,in-store,2023-09-28
txn_4619018,cake,5,3.0,15.0,digital wallet,,2023-12-19
txn_8352748,unknown,5,4.0,20.0,cash,in-store,2023-05-01
txn_2221447,cookie,1,1.0,1.0,credit card,in-store,2023-12-06
txn_3564954,smoothie,4,,16.0,cash,,2023-03-09
txn_8464222,cake,4,3.0,12.0,cash,in-store,2023-08-17
txn_6815753,cookie,4,1.0,4.0,digital wallet,takeaway,2023-10-27
txn_6738716,cake,,3.0,15.0,,takeaway,2023-04-21
txn_9477892,cake,3,3.0,9.0,credit card,unknown,2023-08-21
txn_9894270,cookie,error,1.0,4.0,credit card,in-store,
txn_3136701,,2,4.0,8.0,,in-store,2023-12-18
txn_4644671,coffee,3,2.0,6.0,unknown,,2023-04-20
txn_1634534,juice,5,3.0,15.0,,,2023-12-03
txn_7809121,cake,4,3.0,12.0,,,2023-05-15
txn_1350239,smoothie,5,4.0,20.0,cash,,2023-11-18
txn_5145906,tea,4,1.5,6.0,,,2023-01-30
txn_9603912,juice,5,3.0,15.0,unknown,,2023-12-23
txn_1205610,,2,1.0,2.0,,in-store,2023-07-19
txn_8969428,salad,3,5.0,15.0,,takeaway,2023-03-08
txn_5269634,cake,5,3.0,15.0,digital wallet,in-store,2023-04-07
txn_3043982,sandwich,5,4.0,20.0,cash,in-store,2023-01-10
txn_6310896,sandwich,1,4.0,4.0,,in-store,2023-05-01
txn_5496282,smoothie,2,,8.0,,unknown,2023-03-03
txn_3947201,cookie,5,1.0,5.0,,takeaway,2023-06-17
txn_3666951,juice,2,3.0,6.0,,in-store,2023-01-06
txn_7254494,coffee,5,2.0,10.0,credit card,takeaway,2023-03-16
txn_3157867,,2,5.0,10.0,,takeaway,2023-11-02
txn_6164035,cookie,1,1.0,1.0,credit card,takeaway,2023-03-30
txn_6234838,juice,5,3.0,15.0,,in-store,2023-10-30
txn_5671075,tea,5,1.5,7.5,cash,in-store,2023-12-25
txn_5004986,sandwich,3,4.0,12.0,digital wallet,,2023-01-23
txn_4856575,salad,3,5.0,15.0,digital wallet,in-store,2023-09-10
txn_6064400,sandwich,5,4.0,20.0,,,2023-07-06
txn_8512136,juice,1,3.0,3.0,cash,takeaway,2023-08-26
txn_1868529,error,1,5.0,5.0,credit card,,2023-01-25
txn_3129441,juice,3,3.0,9.0,credit card,in-store,2023-05-31
txn_1652596,smoothie,5,4.0,,digital wallet,,2023-10-04
txn_3487896,coffee,5,2.0,10.0,credit card,,2023-01-09
txn_1429858,cookie,4,1.0,4.0,credit card,error,2023-03-15
txn_1721242,smoothie,5,4.0,20.0,,in-store,2023-11-23
txn_3472707,sandwich,2,4.0,8.0,cash,takeaway,2023-03-26
txn_5348750,unknown,5,5.0,25.0,credit card,,2023-07-15
txn_3819085,sandwich,1,4.0,4.0,,takeaway,2023-11-23
txn_2181920,sandwich,3,4.0,12.0,cash,,2023-02-11
txn_1173155,coffee,1,2.0,2.0,cash,in-store,2023-03-14
txn_4913079,sandwich,3,4.0,12.0,error,,2023-08-19
txn_1476711,tea,2,1.5,3.0,,,2023-01-26
txn_5341644,cake,4,3.0,12.0,cash,,2023-01-24
txn_4548274,juice,5,3.0,15.0,digital wallet,,2023-05-09
txn_8008815,salad,2,5.0,10.0,,unknown,2023-03-16
txn_3639760,cake,5,3.0,15.0,credit card,takeaway,2023-01-29
txn_8159727,salad,5,,25.0,digital wallet,,2023-04-24
txn_5061028,cookie,1,1.0,1.0,credit card,takeaway,2023-05-17
txn_6962671,cake,2,3.0,6.0,,,2023-01-20
txn_4791072,coffee,3,2.0,6.0,,error,2023-11-13
txn_7263939,,error,4.0,4.0,,,2023-08-08
txn_4775791,smoothie,4,4.0,16.0,credit card,,2023-04-13
txn_6724554,tea,3,1.5,,unknown,,2023-03-22
txn_6897608,coffee,2,2.0,4.0,credit card,takeaway,2023-06-28
txn_1481470,juice,3,3.0,9.0,digital wallet,takeaway,
txn_4226572,cookie,3,1.0,3.0,,takeaway,2023-05-16
txn_6833530,juice,4,3.0,12.0,,in-store,2023-11-05
txn_5752187,juice,4,3.0,12.0,digital wallet,in-store,
txn_4321368,coffee,4,2.0,8.0,,takeaway,2023-12-09
txn_3434549,sandwich,5,4.0,20.0,credit card,takeaway,2023-05-25
txn_7918317,tea,1,1.5,1.5,credit card,,2023-07-27
txn_3467985,sandwich,3,4.0,12.0,cash,takeaway,2023-12-10
txn_3526095,sandwich,3,4.0,12.0,cash,takeaway,2023-08-30
txn_8316915,cookie,5,1.0,5.0,digital wallet,in-store,2023-05-30
txn_4876685,tea,1,1.5,1.5,digital wallet,takeaway,2023-07-14
txn_7505290,salad,4,5.0,20.0,digital wallet,takeaway,2023-10-21
txn_5709834,cake,4,3.0,12.0,digital wallet,,2023-03-24
txn_9626624,smoothie,3,4.0,12.0,cash,in-store,2023-10-10
txn_4563526,smoothie,4,4.0,16.0,credit card,,2023-06-30
txn_5512533,coffee,4,2.0,8.0,digital wallet,,2023-06-13
txn_9399452,cake,4,3.0,12.0,credit card,in-store,2023-12-03
txn_3451212,cake,3,3.0,9.0,error,,2023-01-29
txn_1934166,sandwich,5,4.0,20.0,cash,in-store,2023-03-06
txn_5594695,cake,3,3.0,9.0,credit card,in-store,2023-01-18
txn_8379868,cake,3,3.0,9.0,cash,in-store,2023-01-16
txn_3708535,coffee,5,2.0,10.0,,in-store,2023-05-02
txn_5299440,juice,2,3.0,6.0,credit card,in-store,2023-10-21
txn_4107706,salad,1,5.0,5.0,,in-store,2023-11-23
txn_6059878,salad,3,5.0,15.0,digital wallet,,2023-01-23
txn_6476204,unknown,5,4.0,,,takeaway,2023-12-22
txn_5777542,sandwich,2,4.0,8.0,error,,2023-10-22
txn_3919225,cake,2,3.0,6.0,cash,in-store,2023-03-26
txn_5598744,sandwich,4,4.0,,digital wallet,takeaway,2023-10-17
txn_7355326,cookie,1,1.0,1.0,,,2023-01-03
txn_4071945,cake,1,,3.0,cash,,2023-07-17
txn_6732096,smoothie,2,4.0,,,in-store,2023-04-02
txn_4392519,cookie,2,1.0,2.0,unknown,takeaway,2023-09-20
txn_1716710,coffee,2,2.0,4.0,unknown,,2023-02-23
txn_9550397,coffee,4,2.0,8.0,,,
txn_9655021,coffee,3,2.0,6.0,unknown,,2023-04-22
txn_3868402,coffee,3,2.0,6.0,cash,in-store,2023-01-21
txn_4624591,salad,2,5.0,10.0,credit card,in-store,2023-08-03
txn_9640865,cookie,2,1.0,,cash,takeaway,2023-03-18
txn_6456008,salad,5,5.0,25.0,credit card,in-store,2023-03-26
txn_9547654,cookie,2,1.0,2.0,unknown,in-store,2023-11-19
txn_4986668,cake,3,3.0,9.0,digital wallet,unknown,2023-11-30
txn_6235329,salad,2,5.0,10.0,digital wallet,in-store,2023-10-11
txn_8536578,cake,5,3.0,15.0,digital wallet,in-store,2023-11-11
txn_4545512,coffee,1,2.0,2.0,,takeaway,2023-12-18
txn_2156128,sandwich,1,4.0,4.0,digital wallet,in-store,2023-07-21
txn_9188172,juice,3,3.0,9.0,digital wallet,in-store,2023-08-27
txn_5893283,,3,3.0,9.0,cash,in-store,2023-08-15
txn_6408024,cookie,3,1.0,3.0,,in-store,2023-11-29
txn_4788748,sandwich,4,4.0,16.0,credit card,in-store,2023-04-30
txn_6460409,salad,3,5.0,,cash,error,2023-01-03
txn_1067052,tea,4,1.5,6.0,,takeaway,2023-02-18
txn_8776634,juice,5,3.0,15.0,,in-store,2023-06-02
txn_2534831,tea,5,1.5,7.5,cash,takeaway,2023-08-19
txn_9941872,salad,3,5.0,15.0,,,2023-04-08
txn_2055898,tea,4,1.5,6.0,,,2023-12-01
txn_2007418,smoothie,4,4.0,16.0,cash,,2023-06-16
txn_6451043,cookie,2,1.0,2.0,,in-store,2023-02-06
txn_2632916,juice,3,3.0,9.0,credit card,,2023-06-17
txn_1926794,smoothie,1,4.0,4.0,,in-store,2023-01-14
txn_3201783,juice,3,3.0,9.0,unknown,,2023-12-03
txn_2374950,cake,5,3.0,15.0,digital wallet,,2023-04-28
txn_5962196,smoothie,2,4.0,8.0,cash,takeaway,2023-11-29
txn_4342098,smoothie,4,4.0,16.0,cash,in-store,2023-05-24
txn_7367134,smoothie,4,4.0,16.0,digital wallet,,2023-10-03
txn_3651743,cake,5,3.0,15.0,cash,in-store,2023-04-24
txn_4411007,cookie,5,1.0,5.0,digital wallet,takeaway,2023-05-17
txn_6026451,juice,2,3.0,6.0,cash,in-store,2023-11-06
txn_5896413,coffee,3,2.0,6.0,cash,in-store,
txn_5093312,cookie,4,1.0,4.0,credit card,takeaway,2023-08-12
txn_6685570,tea,1,1.5,1.5,credit card,in-store,2023-03-14
txn_7905853,cookie,4,1.0,4.0,digital wallet,,2023-07-25
txn_3020475,salad,4,5.0,20.0,,takeaway,2023-09-13
txn_7665695,tea,3,1.5,4.5,error,in-store,2023-10-21
txn_2355099,salad,5,5.0,25.0,cash,takeaway,2023-03-18
txn_6071866,tea,4,1.5,6.0,,,2023-10-14
txn_4548715,sandwich,2,4.0,8.0,,,2023-02-16
txn_8156272,salad,2,5.0,10.0,cash,in-store,
txn_8344035,smoothie,2,4.0,8.0,cash,,2023-08-23
txn_7332192,coffee,1,2.0,2.0,credit card,takeaway,2023-11-17
txn_4483944,juice,4,3.0,12.0,,in-store,
txn_4713356,smoothie,5,4.0,20.0,error,in-store,2023-05-08
txn_6400461,coffee,4,2.0,8.0,digital wallet,,2023-01-18
txn_9262504,smoothie,3,4.0,12.0,credit card,,2023-12-01
txn_6225305,cake,1,3.0,3.0,cash,takeaway,2023-05-05
txn_1266278,smoothie,1,4.0,4.0,,takeaway,2023-11-03
txn_2607233,coffee,3,2.0,6.0,cash,takeaway,
txn_2797871,cookie,2,1.0,2.0,unknown,takeaway,2023-09-21
txn_6753977,tea,3,1.5,,,in-store,
txn_4947561,salad,unknown,5.0,15.0,error,takeaway,2023-06-06
txn_3881824,juice,unknown,3.0,6.0,credit card,,2023-12-30
txn_7606965,juice,5,3.0,15.0,digital wallet,in-store,2023-12-08
txn_5516374,smoothie,2,4.0,8.0,,in-store,2023-07-25
txn_8059034,coffee,1,2.0,2.0,digital wallet,,2023-01-10
txn_2238287,salad,3,5.0,15.0,digital wallet,in-store,2023-05-22
txn_2086896,error,4,3.0,12.0,cash,takeaway,2023-11-25
txn_9667721,tea,5,1.5,7.5,credit card,takeaway,2023-04-29
txn_6317991,cookie,5,1.0,5.0,digital wallet,in-store,2023-03-03
txn_7866723,sandwich,2,4.0,8.0,credit card,in-store,2023-03-26
txn_7954064,error,5,3.0,15.0,credit card,in-store,2023-08-31
txn_5251180,cookie,1,1.0,1.0,digital wallet,,2023-06-25
txn_5891724,salad,5,5.0,25.0,credit card,,2023-12-10
txn_9564495,unknown,4,3.0,12.0,digital wallet,,2023-08-01
txn_5092646,smoothie,2,4.0,8.0,,takeaway,2023-05-08
txn_5261036,,5,3.0,15.0,cash,,2023-10-03
txn_2638434,juice,5,3.0,15.0,credit card,in-store,2023-09-18
txn_5651620,unknown,2,4.0,8.0,,,2023-05-16
txn_5452210,tea,5,1.5,7.5,digital wallet,in-store,2023-04-17
txn_5337566,cookie,5,1.0,5.0,cash,takeaway,2023-03-08
txn_3341779,tea,3,1.5,4.5,cash,takeaway,2023-07-30
txn_7977951,cake,5,3.0,15.0,,,2023-12-22
txn_8226985,coffee,2,2.0,4.0,,,2023-03-08
txn_7604622,juice,error,3.0,12.0,credit card,,2023-12-22
txn_6875870,salad,5,5.0,25.0,,,2023-09-07
txn_9086163,cookie,2,1.0,2.0,digital wallet,error,2023-07-31
txn_5061600,juice,3,3.0,,,in-store,2023-11-23
txn_9987017,cookie,5,1.0,5.0,cash,takeaway,2023-03-14
txn_6533576,salad,5,5.0,25.0,cash,in-store,2023-08-14
txn_5229351,coffee,3,2.0,6.0,digital wallet,takeaway,2023-08-14
txn_5318263,smoothie,1,4.0,4.0,credit card,takeaway,2023-06-12
txn_8866088,tea,4,1.5,6.0,digital wallet,takeaway,2023-07-11
txn_1193930,coffee,1,2.0,2.0,cash,,
txn_2601923,cake,4,,12.0,cash,takeaway,2023-07-24
txn_5884081,cookie,unknown,1.0,,digital wallet,in-store,2023-07-05
txn_5047792,salad,1,5.0,5.0,,,
txn_7434172,cookie,2,1.0,2.0,digital wallet,takeaway,2023-11-14
txn_1849406,sandwich,5,4.0,,cash,in-store,2023-11-30
txn_8388462,smoothie,,,8.0,unknown,takeaway,2023-08-19
txn_6289180,juice,1,3.0,3.0,cash,in-store,2023-03-14
txn_3974663,juice,3,3.0,9.0,cash,takeaway,2023-10-02
txn_9041537,sandwich,4,4.0,16.0,,,2023-08-28
txn_2798069,error,5,1.5,7.5,digital wallet,unknown,2023-09-02
txn_7601706,juice,unknown,3.0,6.0,credit card,in-store,2023-11-15
txn_6184247,,1,3.0,3.0,,,
txn_3145515,smoothie,4,4.0,16.0,cash,,2023-03-31
txn_6711224,juice,1,3.0,3.0,digital wallet,,2023-03-26
txn_4035164,juice,5,3.0,15.0,,in-store,2023-11-26
txn_1815061,cake,3,3.0,9.0,digital wallet,in-store,2023-01-20
txn_9522690,cookie,4,1.0,4.0,credit card,in-store,2023-07-23
txn_2858635,sandwich,1,4.0,4.0,digital wallet,in-store,2023-09-28
txn_5492825,unknown,2,5.0,10.0,,in-store,2023-02-25
txn_2083119,unknown,2,1.0,2.0,,in-store,2023-06-11
txn_7030681,juice,1,3.0,3.0,cash,,2023-10-01
txn_7738316,cookie,4,1.0,4.0,error,,2023-02-04
txn_6817358,smoothie,2,,8.0,credit card,unknown,2023-12-22
txn_4430474,cake,2,3.0,6.0,digital wallet,,2023-06-08
txn_2329938,sandwich,3,4.0,12.0,credit card,,2023-03-29
txn_7020104,error,5,1.5,7.5,digital wallet,,2023-01-23
txn_3642052,cake,1,3.0,,,takeaway,2023-07-19
txn_6655913,cookie,1,1.0,,credit card,in-store,2023-04-02
txn_1409029,sandwich,1,4.0,4.0,cash,,
txn_1617594,sandwich,1,4.0,4.0,unknown,in-store,2023-04-23
txn_7136372,juice,3,3.0,9.0,credit card,takeaway,2023-09-22
txn_7648238,cookie,unknown,1.0,1.0,cash,,2023-05-12
txn_1277813,error,5,3.0,15.0,digital wallet,,2023-09-11
txn_7251969,cookie,2,1.0,2.0,,in-store,2023-08-14
txn_5790695,tea,5,1.5,7.5,credit card,takeaway,2023-04-24
txn_7101802,coffee,4,2.0,8.0,,,2023-03-19
txn_3277936,tea,2,1.5,3.0,digital wallet,takeaway,2023-06-21
txn_3233221,cake,5,3.0,15.0,,takeaway,2023-06-15
txn_6200423,cookie,1,1.0,1.0,,in-store,2023-02-03
txn_1522176,smoothie,unknown,4.0,4.0,digital wallet,takeaway,2023-04-29
txn_6728574,juice,3,3.0,9.0,cash,,2023-05-24
txn_6344738,,4,5.0,20.0,credit card,takeaway,
txn_5968705,sandwich,3,4.0,12.0,credit card,takeaway,2023-12-16
txn_9657902,juice,1,3.0,3.0,digital wallet,,2023-10-30
txn_8640383,juice,2,3.0,6.0,error,,2023-10-08
txn_3889213,cake,1,,3.0,credit card,,2023-10-13
txn_2252244,juice,2,,6.0,credit card,,2023-03-10
txn_2561071,juice,5,3.0,15.0,,in-store,2023-01-30
txn_6543164,tea,2,1.5,3.0,digital wallet,error,2023-07-10
txn_3209025,salad,2,5.0,10.0,cash,,2023-10-12
txn_9975079,smoothie,2,4.0,8.0,cash,,2023-08-26
txn_9618962,,3,,6.0,credit card,takeaway,2023-11-08
txn_5949517,,5,4.0,20.0,digital wallet,in-store,2023-12-31
txn_4103665,coffee,4,2.0,,,in-store,2023-04-30
txn_8499618,cake,2,3.0,6.0,error,,2023-05-23
txn_6183513,unknown,3,3.0,9.0,digital wallet,,2023-12-22
txn_3919672,cookie,unknown,1.0,2.0,credit card,,2023-11-05
txn_7592199,tea,3,1.5,4.5,digital wallet,error,2023-09-14
txn_8888249,coffee,5,2.0,10.0,,,2023-10-17
txn_8494571,,5,1.0,5.0,,,2023-02-06
txn_7749759,tea,1,1.5,1.5,digital wallet,in-store,2023-12-26
txn_7556108,cookie,5,1.0,5.0,,takeaway,2023-01-17
txn_9360886,sandwich,1,4.0,4.0,unknown,,2023-07-25
txn_5303464,juice,4,3.0,12.0,cash,takeaway,2023-10-26
txn_5324330,salad,3,5.0,15.0,digital wallet,takeaway,2023-11-20
txn_5862289,juice,4,3.0,12.0,digital wallet,takeaway,2023-01-05
txn_8203190,tea,2,1.5,3.0,,in-store,2023-06-16
txn_9699948,coffee,5,2.0,10.0,cash,in-store,2023-04-18
txn_8187087,coffee,3,2.0,6.0,digital wallet,takeaway,2023-01-31
txn_5409141,coffee,5,2.0,10.0,cash,takeaway,2023-02-02
txn_9928409,sandwich,4,4.0,16.0,credit card,,2023-06-17
txn_9882485,salad,5,5.0,25.0,cash,error,
txn_9952479,sandwich,1,4.0,4.0,digital wallet,takeaway,2023-12-06
txn_7207901,smoothie,2,4.0,8.0,digital wallet,in-store,2023-12-11
txn_8899602,salad,4,5.0,20.0,,in-store,
txn_4321091,smoothie,2,4.0,8.0,cash,in-store,2023-06-15
txn_2721997,cake,3,3.0,9.0,,takeaway,2023-05-20
txn_6738137,coffee,4,2.0,8.0,,,2023-07-20
txn_5365699,sandwich,5,4.0,20.0,,,2023-05-22
txn_4807459,sandwich,1,4.0,4.0,,,2023-08-11
txn_2790608,juice,1,3.0,3.0,cash,in-store,2023-12-18
txn_2035137,,2,1.5,3.0,digital wallet,takeaway,2023-03-12
txn_7603919,error,2,1.0,2.0,,,2023-09-25
txn_7429032,sandwich,2,4.0,8.0,,takeaway,2023-08-18
txn_5241723,coffee,3,2.0,6.0,cash,,2023-07-18
txn_5151706,smoothie,1,4.0,4.0,,takeaway,2023-03-01
txn_6231475,salad,2,5.0,10.0,credit card,in-store,2023-03-18
txn_6144244,juice,3,,9.0,cash,,2023-01-08
txn_3442435,,error,4.0,8.0,digital wallet,in-store,2023-04-01
txn_2631423,cookie,3,1.0,3.0,cash,takeaway,2023-01-07
txn_1616810,unknown,2,1.0,2.0,,in-store,2023-09-05
txn_6505914,cake,3,3.0,9.0,error,error,2023-01-27
txn_1958614,smoothie,2,4.0,8.0,digital wallet,,2023-07-02
txn_6890737,,4,4.0,16.0,,,2023-05-22
txn_6702416,cake,1,3.0,3.0,,,2023-09-14
txn_5649204,smoothie,1,4.0,4.0,cash,in-store,2023-03-05
txn_4084177,unknown,3,1.0,3.0,credit card,in-store,2023-08-13
txn_2066115,salad,4,5.0,20.0,credit card,in-store,2023-08-18
txn_5029643,error,2,1.5,3.0,digital wallet,in-store,2023-12-23
txn_7986904,cookie,3,1.0,3.0,credit card,takeaway,2023-08-11
txn_4633457,salad,1,5.0,5.0,credit card,takeaway,2023-05-21
txn_9368550,cake,3,3.0,9.0,digital wallet,takeaway,2023-09-26
txn_8049058,cake,2,3.0,6.0,cash,error,2023-04-08
txn_5131404,sandwich,4,4.0,16.0,credit card,takeaway,2023-06-18
txn_3480562,coffee,5,2.0,10.0,,,2023-12-24
txn_6219454,tea,1,1.5,1.5,cash,in-store,2023-11-14
txn_2551378,tea,2,1.5,3.0,,takeaway,2023-10-27
txn_9024388,salad,1,5.0,5.0,cash,,2023-02-27
txn_3478329,tea,3,1.5,4.5,digital wallet,in-store,2023-10-29
txn_6308974,cookie,4,1.0,4.0,error,in-store,2023-10-02
txn_5571904,salad,5,5.0,25.0,digital wallet,takeaway,2023-08-05
txn_6979356,salad,2,5.0,10.0,,in-store,2023-09-21
txn_9171458,cake,2,3.0,6.0,,,2023-03-29
txn_5537621,juice,4,3.0,12.0,digital wallet,takeaway,2023-02-28
txn_9288156,coffee,3,2.0,6.0,,,2023-11-05
txn_8626720,juice,4,3.0,12.0,cash,takeaway,2023-06-02
txn_9181129,sandwich,,4.0,20.0,digital wallet,in-store,2023-09-25
txn_5908362,sandwich,5,4.0,20.0,digital wallet,,2023-10-03
txn_2086841,salad,4,5.0,20.0,credit card,in-store,2023-03-16
txn_9944141,juice,5,3.0,15.0,credit card,takeaway,2023-07-18
txn_2438638,cake,2,3.0,6.0,credit card,takeaway,2023-08-12
txn_4644790,unknown,1,4.0,4.0,credit card,,2023-09-19
txn_9216933,cookie,4,1.0,4.0,,,2023-05-29
txn_8308356,smoothie,1,4.0,,digital wallet,,2023-11-21
txn_7933500,tea,3,1.5,4.5,,in-store,2023-09-21
txn_1602123,coffee,,2.0,2.0,cash,,2023-04-11
txn_3321395,tea,,1.5,1.5,digital wallet,takeaway,2023-07-08
txn_7563589,smoothie,5,4.0,20.0,cash,,2023-09-19
txn_7864482,sandwich,1,4.0,4.0,credit card,takeaway,2023-01-28
txn_7942343,cookie,4,1.0,4.0,digital wallet,,2023-06-15
txn_1585329,smoothie,4,4.0,16.0,credit card,,2023-07-16
txn_6550460,sandwich,5,4.0,,,,2023-03-15
txn_3416466,juice,2,3.0,6.0,digital wallet,,2023-09-13
txn_5125759,coffee,3,2.0,6.0,digital wallet,takeaway,2023-06-15
txn_7321946,cake,3,3.0,9.0,cash,takeaway,2023-02-12
txn_4336291,salad,5,5.0,25.0,cash,in-store,2023-03-25
txn_5240229,salad,1,5.0,5.0,error,in-store,2023-06-10
txn_7854253,coffee,4,2.0,8.0,cash,,2023-07-26
txn_1971201,smoothie,2,4.0,8.0,digital wallet,,2023-11-07
txn_2673104,tea,1,1.5,1.5,,,2023-06-23
txn_7479695,smoothie,5,4.0,20.0,credit card,,2023-12-12
txn_1084222,coffee,4,2.0,8.0,digital wallet,in-store,2023-06-03
txn_1723062,salad,1,5.0,5.0,error,in-store,2023-09-21
txn_4987205,tea,2,1.5,3.0,,takeaway,2023-06-24
txn_8025478,sandwich,4,4.0,16.0,cash,takeaway,2023-01-24
txn_7529735,coffee,3,2.0,6.0,,in-store,2023-08-12
txn_1598214,juice,1,,3.0,credit card,takeaway,2023-01-07
txn_7872478,juice,4,3.0,12.0,credit card,in-store,2023-04-25
txn_9464398,cake,4,3.0,12.0,credit card,,2023-09-25
txn_9319656,tea,5,1.5,7.5,,,2023-12-22
txn_9212052,salad,4,5.0,20.0,cash,,2023-10-15
txn_2913107,unknown,4,,8.0,,in-store,2023-05-20
txn_2550923,cake,2,3.0,6.0,cash,takeaway,2023-08-26
txn_3352028,error,4,1.0,4.0,credit card,in-store,2023-08-26
txn_2682803,cake,5,3.0,15.0,credit card,takeaway,2023-04-09
txn_1745182,cookie,2,,2.0,digital wallet,takeaway,2023-09-26
txn_7608637,error,1,5.0,5.0,digital wallet,,2023-04-08
txn_6388090,juice,4,3.0,12.0,error,,
txn_4335735,coffee,2,2.0,4.0,,,2023-04-07
txn_9264301,coffee,1,2.0,2.0,unknown,in-store,2023-10-24
txn_6547896,coffee,3,2.0,,,,2023-03-02
txn_2414686,cake,1,3.0,3.0,cash,,
txn_9868114,smoothie,2,4.0,8.0,credit card,in-store,2023-11-12
txn_6127474,cookie,5,,5.0,cash,in-store,2023-09-17
txn_5549557,cake,2,3.0,6.0,cash,in-store,2023-02-27
txn_4668762,smoothie,3,4.0,12.0,digital wallet,,2023-03-10
txn_1058466,cookie,3,1.0,3.0,digital wallet,takeaway,2023-12-07
txn_8892230,coffee,5,2.0,10.0,,,2023-03-02
txn_3332915,cookie,2,1.0,2.0,,takeaway,2023-01-19
txn_9596023,coffee,5,2.0,10.0,digital wallet,takeaway,2023-11-30
txn_6122423,salad,4,5.0,,,in-store,2023-09-28
txn_8934637,smoothie,1,4.0,4.0,,in-store,2023-01-07
txn_4846406,cookie,3,1.0,3.0,cash,in-store,2023-05-22
txn_8917300,cookie,1,1.0,1.0,cash,takeaway,2023-03-04
txn_7742182,tea,2,1.5,3.0,,,2023-11-09
txn_8131533,cake,1,3.0,3.0,cash,in-store,2023-07-18
txn_1836754,tea,1,1.5,1.5,credit card,in-store,2023-09-10
txn_2531878,salad,3,5.0,15.0,,,2023-01-06
txn_8126586,sandwich,5,4.0,20.0,,in-store,2023-11-19
txn_4522292,cookie,1,1.0,1.0,digital wallet,in-store,2023-07-12
txn_2896162,cookie,2,1.0,2.0,credit card,in-store,
txn_4209377,salad,2,5.0,10.0,,,2023-02-07
txn_9097321,juice,2,3.0,6.0,credit card,,2023-10-02
txn_8258400,error,5,5.0,25.0,unknown,,2023-10-09
txn_3267393,sandwich,2,4.0,8.0,,in-store,2023-02-24
txn_2389110,sandwich,2,4.0,8.0,cash,in-store,2023-05-30
txn_2704452,salad,2,5.0,10.0,credit card,takeaway,2023-09-05
txn_4892165,juice,3,3.0,9.0,cash,in-store,2023-07-27
txn_6588156,cake,4,3.0,12.0,,in-store,2023-04-14
txn_4721830,sandwich,3,4.0,12.0,unknown,,2023-11-15
txn_6941542,sandwich,3,4.0,12.0,,in-store,2023-09-27
txn_5214986,cookie,5,,5.0,credit card,in-store,2023-09-21
txn_3635874,sandwich,2,4.0,8.0,cash,unknown,2023-03-16
txn_1721910,juice,4,3.0,12.0,digital wallet,,2023-03-21
txn_9615339,sandwich,1,4.0,4.0,,in-store,
txn_1120969,coffee,2,2.0,4.0,credit card,,2023-04-15
txn_4246000,cookie,2,1.0,2.0,credit card,takeaway,2023-07-09
txn_9253541,unknown,1,1.5,1.5,digital wallet,error,2023-06-04
txn_9699174,smoothie,3,4.0,,,,2023-01-03
txn_6036409,tea,5,1.5,7.5,cash,takeaway,2023-02-16
txn_5927258,tea,5,1.5,7.5,,in-store,2023-10-18
txn_6027031,juice,5,3.0,15.0,credit card,in-store,2023-11-15
txn_4449992,,3,1.0,3.0,digital wallet,unknown,2023-01-09
txn_3018211,salad,4,5.0,20.0,,,
txn_1900906,coffee,5,2.0,,cash,,2023-01-31
txn_7171590,coffee,3,2.0,6.0,credit card,in-store,2023-04-24
txn_5746203,tea,5,1.5,7.5,cash,,2023-07-08
txn_1696300,cookie,1,1.0,1.0,digital wallet,in-store,2023-05-28
txn_1255476,smoothie,1,4.0,4.0,,,2023-08-28
txn_9403115,tea,1,1.5,1.5,,unknown,2023-04-17
txn_4476539,salad,2,5.0,10.0,cash,,2023-04-19
txn_5263133,juice,2,3.0,6.0,,takeaway,2023-05-22
txn_8473362,juice,3,3.0,9.0,digital wallet,,2023-11-22
txn_8402606,cookie,3,1.0,3.0,,takeaway,2023-05-09
txn_6857799,cookie,4,1.0,4.0,cash,error,2023-01-08
txn_9362993,coffee,3,2.0,6.0,cash,in-store,2023-10-22
txn_7458568,smoothie,5,4.0,20.0,digital wallet,,2023-05-09
txn_7474617,salad,3,5.0,15.0,credit card,takeaway,
txn_1959082,juice,5,3.0,15.0,credit card,,2023-06-08
txn_9630958,smoothie,5,,20.0,digital wallet,in-store,2023-12-26
txn_4290475,smoothie,1,4.0,4.0,,takeaway,2023-04-20
txn_4561296,salad,5,5.0,25.0,cash,in-store,2023-11-22
txn_6422545,juice,2,3.0,6.0,credit card,takeaway,2023-11-03
txn_6012728,cake,4,3.0,12.0,credit card,in-store,2023-05-09
txn_8886678,tea,5,1.5,7.5,cash,,2023-03-27
txn_5424622,tea,4,1.5,6.0,,in-store,2023-07-12
txn_1204426,sandwich,,4.0,12.0,credit card,,2023-01-16
txn_1885495,coffee,4,2.0,8.0,cash,,2023-03-04
txn_3646359,salad,2,5.0,10.0,credit card,,2023-07-23
txn_3284157,tea,4,,6.0,digital wallet,,2023-05-17
txn_4533186,tea,3,1.5,4.5,,takeaway,2023-04-19
txn_3046567,salad,2,5.0,10.0,credit card,in-store,2023-01-07
txn_3594827,juice,5,3.0,15.0,digital wallet,in-store,2023-03-09
txn_2883054,cake,4,3.0,12.0,cash,in-store,2023-11-17
txn_1744319,smoothie,3,4.0,12.0,cash,,2023-03-24
txn_6182856,cake,4,3.0,12.0,credit card,takeaway,2023-04-02
txn_7341998,cake,3,3.0,9.0,digital wallet,,2023-02-18
txn_5438422,smoothie,3,4.0,,,in-store,2023-09-25
txn_7187128,tea,5,1.5,7.5,,takeaway,2023-08-24
txn_6499084,cake,4,,12.0,credit card,takeaway,2023-03-15
txn_5738243,salad,5,,25.0,credit card,takeaway,2023-08-30
txn_8946752,tea,4,1.5,6.0,cash,,2023-06-08
txn_5453217,coffee,1,2.0,2.0,credit card,in-store,2023-07-11
txn_9340973,cookie,4,1.0,4.0,cash,,2023-03-07
txn_8562684,tea,5,1.5,7.5,,takeaway,2023-06-25
txn_2477021,cookie,4,,4.0,credit card,in-store,
txn_2030078,smoothie,1,4.0,4.0,digital wallet,takeaway,2023-04-10
txn_9490465,,3,4.0,12.0,unknown,error,2023-05-06
txn_6603668,coffee,4,,8.0,credit card,takeaway,2023-03-07
txn_7077961,tea,4,1.5,6.0,digital wallet,takeaway,2023-09-19
txn_3343585,cake,1,3.0,3.0,cash,in-store,2023-09-17
txn_7896831,coffee,5,2.0,10.0,cash,takeaway,2023-04-01
txn_2510233,error,2,4.0,8.0,credit card,in-store,2023-11-04
txn_3541337,cookie,4,1.0,4.0,digital wallet,takeaway,2023-09-01
txn_2140056,cookie,1,1.0,1.0,digital wallet,takeaway,2023-12-07
txn_9629256,cake,4,3.0,12.0,digital wallet,in-store,2023-11-07
txn_8419985,cake,3,3.0,9.0,,error,2023-08-26
txn_6349916,salad,1,5.0,5.0,cash,,2023-07-09
txn_6568254,salad,2,5.0,10.0,credit card,in-store,2023-02-09
txn_1730385,cake,2,3.0,6.0,credit card,,2023-03-01
txn_7800576,sandwich,error,4.0,16.0,error,,2023-07-13
txn_6935600,coffee,3,2.0,6.0,unknown,,2023-01-02
txn_1851725,cake,5,3.0,15.0,cash,takeaway,2023-02-19
txn_5691112,juice,5,3.0,15.0,unknown,error,2023-03-24
txn_9514836,coffee,3,2.0,6.0,,in-store,2023-03-29
txn_4172649,salad,4,5.0,20.0,digital wallet,,2023-05-19
txn_6504096,salad,5,5.0,25.0,cash,,2023-09-10
txn_9921708,cake,1,3.0,3.0,cash,takeaway,2023-07-20
txn_6361661,smoothie,2,4.0,8.0,cash,,2023-11-05
txn_4329116,cake,3,3.0,9.0,credit card,in-store,2023-09-29
txn_4142781,sandwich,5,4.0,20.0,digital wallet,takeaway,2023-01-30
txn_6055428,salad,5,5.0,,cash,takeaway,2023-02-25
txn_4359885,cookie,2,1.0,2.0,credit card,in-store,2023-01-16
txn_4255116,juice,4,3.0,12.0,credit card,in-store,2023-12-24
txn_6511482,tea,3,1.5,4.5,credit card,error,2023-03-17
txn_9672367,cookie,2,1.0,2.0,,in-store,2023-12-21
txn_1514364,coffee,5,2.0,10.0,digital wallet,in-store,2023-01-21
txn_1643122,juice,3,3.0,9.0,,in-store,2023-05-15
txn_2252586,tea,3,1.5,4.5,cash,takeaway,2023-09-08
txn_8853027,smoothie,5,4.0,20.0,credit card,in-store,2023-06-21
txn_1489200,error,1,3.0,3.0,unknown,error,2023-03-27
txn_2351890,tea,4,1.5,6.0,,in-store,2023-02-27
txn_1026050,cake,1,3.0,3.0,error,,2023-04-23
txn_3882139,smoothie,4,4.0,16.0,,unknown,2023-12-28
txn_6296806,sandwich,2,4.0,8.0,,takeaway,
txn_6149247,sandwich,3,4.0,12.0,,takeaway,2023-09-21
txn_3371429,salad,2,5.0,10.0,credit card,,2023-11-01
txn_5136479,sandwich,1,,4.0,,in-store,2023-01-04
txn_5722175,tea,2,1.5,3.0,digital wallet,takeaway,2023-03-01
txn_4075198,salad,5,5.0,25.0,cash,,2023-08-27
txn_3865627,coffee,4,2.0,8.0,,in-store,2023-02-16
txn_2136226,juice,2,,6.0,digital wallet,in-store,2023-12-12
txn_2920551,sandwich,4,4.0,16.0,credit card,takeaway,2023-11-27
txn_9206923,sandwich,1,4.0,4.0,,,2023-11-16
txn_6335909,salad,4,5.0,20.0,,in-store,2023-06-21
txn_8107970,coffee,2,2.0,4.0,credit card,takeaway,2023-06-03
txn_3435561,,2,3.0,6.0,unknown,takeaway,
txn_8079747,unknown,2,5.0,10.0,digital wallet,,2023-03-18
txn_2135358,cake,5,3.0,15.0,credit card,,2023-05-28
txn_1313701,cookie,2,1.0,2.0,,,2023-10-03
txn_4035669,juice,3,3.0,9.0,cash,error,2023-04-21
txn_5900899,,4,1.0,4.0,,takeaway,
txn_4037502,coffee,2,,4.0,cash,takeaway,2023-08-10
txn_6879752,tea,1,1.5,1.5,digital wallet,in-store,2023-10-07
txn_8708666,cake,4,,12.0,,takeaway,2023-01-10
txn_5535579,coffee,5,2.0,10.0,cash,in-store,2023-12-21
txn_2449402,smoothie,5,4.0,20.0,cash,,2023-01-29
txn_6097759,smoothie,4,4.0,16.0,cash,in-store,2023-06-18
txn_9579740,cake,3,3.0,9.0,digital wallet,,2023-03-05
txn_3026936,cake,5,3.0,15.0,,,2023-05-19
txn_2532519,cake,2,3.0,6.0,digital wallet,,2023-04-10
txn_9959765,juice,4,3.0,12.0,cash,,2023-02-19
txn_9514996,sandwich,2,4.0,8.0,credit card,takeaway,2023-07-25
txn_6757560,cake,4,3.0,12.0,cash,,2023-08-12
txn_2222893,coffee,4,2.0,8.0,,takeaway,2023-12-20
txn_4346607,salad,2,5.0,10.0,digital wallet,,2023-03-17
txn_2586830,juice,1,3.0,3.0,unknown,in-store,2023-02-12
txn_2706461,salad,3,5.0,15.0,credit card,error,2023-12-13
txn_1829391,juice,4,3.0,12.0,credit card,,2023-10-06
txn_5022805,sandwich,1,4.0,4.0,credit card,takeaway,2023-12-17
txn_6815801,cookie,1,1.0,1.0,digital wallet,takeaway,2023-03-15
txn_2541441,cake,1,3.0,3.0,cash,takeaway,2023-09-21
txn_5189465,cookie,4,1.0,4.0,,takeaway,2023-10-04
txn_1217810,cookie,1,1.0,1.0,digital wallet,,2023-07-06
txn_4894647,salad,2,5.0,10.0,cash,takeaway,2023-12-26
txn_7622855,sandwich,2,4.0,8.0,credit card,,2023-07-10
txn_3215610,unknown,2,3.0,6.0,digital wallet,takeaway,2023-06-14
txn_9931637,cake,2,3.0,6.0,cash,takeaway,2023-09-17
txn_6625294,sandwich,2,4.0,8.0,digital wallet,,2023-03-05
txn_4577368,cake,4,3.0,12.0,cash,,2023-05-29
txn_4158904,juice,2,3.0,6.0,digital wallet,in-store,2023-01-31
txn_3444569,unknown,1,4.0,,credit card,takeaway,2023-10-07
txn_1208926,cookie,4,1.0,4.0,credit card,in-store,2023-12-07
txn_8090361,coffee,1,2.0,2.0,,,2023-03-12
txn_8363628,salad,1,5.0,,digital wallet,,2023-04-07
txn_4761088,cake,4,3.0,12.0,digital wallet,,2023-08-27
txn_2672126,unknown,3,1.0,3.0,cash,,2023-07-07
txn_3232279,unknown,4,,16.0,unknown,takeaway,2023-05-30
txn_8526941,sandwich,5,,20.0,,takeaway,2023-03-16
txn_2453194,cake,4,3.0,12.0,digital wallet,error,2023-11-18
txn_9970195,coffee,2,2.0,4.0,,unknown,2023-11-10
txn_4458848,cookie,2,1.0,2.0,,in-store,2023-10-30
txn_1606273,coffee,1,2.0,2.0,digital wallet,takeaway,2023-11-02
txn_8053946,tea,1,1.5,1.5,,takeaway,2023-09-18
txn_7963189,cookie,4,1.0,4.0,digital wallet,takeaway,2023-03-24
txn_9151273,tea,2,1.5,3.0,cash,,2023-04-09
txn_4702345,salad,4,5.0,20.0,digital wallet,,2023-01-08
txn_7972349,cake,,3.0,12.0,,in-store,2023-04-19
txn_4832452,tea,5,1.5,,cash,,2023-02-05
txn_9314690,salad,2,5.0,10.0,credit card,unknown,2023-12-11
txn_3852141,cake,5,3.0,15.0,credit card,in-store,2023-08-04
txn_4723529,sandwich,2,4.0,8.0,error,error,2023-03-25
txn_9537106,unknown,,4.0,12.0,,,2023-10-11
txn_6039321,salad,2,5.0,10.0,credit card,,2023-02-15
txn_5797307,tea,5,1.5,7.5,,in-store,2023-03-16
txn_4832566,sandwich,4,4.0,16.0,digital wallet,in-store,
txn_2262398,tea,1,1.5,,credit card,takeaway,2023-09-12
txn_9813095,juice,2,3.0,,cash,,2023-06-12
txn_8627869,juice,1,3.0,3.0,,,2023-10-31
txn_1123346,tea,3,1.5,4.5,,,2023-07-31
txn_6729852,cookie,4,1.0,4.0,unknown,,2023-06-29
txn_9300618,tea,3,1.5,4.5,credit card,,2023-03-06
txn_7832527,cake,3,3.0,9.0,cash,in-store,2023-01-26
txn_4703100,sandwich,1,4.0,4.0,,,2023-01-26
txn_1650385,sandwich,1,4.0,4.0,error,,2023-07-24
txn_3632068,unknown,2,3.0,6.0,cash,,2023-08-29
txn_2132434,salad,4,5.0,20.0,digital wallet,in-store,2023-06-03
txn_3847176,sandwich,3,4.0,12.0,,takeaway,2023-05-07
txn_9691955,juice,3,3.0,9.0,credit card,in-store,2023-11-03
txn_4985415,tea,4,1.5,6.0,digital wallet,,2023-08-01
txn_1172121,coffee,5,2.0,10.0,cash,takeaway,2023-08-26
txn_2521185,smoothie,2,4.0,8.0,cash,takeaway,2023-03-20
txn_6233021,juice,5,3.0,15.0,digital wallet,takeaway,2023-12-22
txn_7498795,cookie,2,1.0,2.0,cash,takeaway,2023-03-11
txn_6730130,tea,2,1.5,3.0,,,2023-10-16
txn_8810855,sandwich,4,4.0,16.0,,unknown,2023-04-30
txn_1599516,juice,3,3.0,9.0,cash,in-store,2023-05-11
txn_6888839,tea,3,1.5,,digital wallet,takeaway,2023-11-19
txn_5970304,,4,5.0,20.0,credit card,,2023-07-14
txn_4559065,juice,1,3.0,3.0,cash,in-store,2023-05-03
txn_7637325,cookie,4,1.0,4.0,,,2023-05-03
txn_9685491,coffee,4,2.0,8.0,cash,,2023-09-20
txn_1767321,sandwich,1,4.0,4.0,,in-store,2023-03-24
txn_9046415,smoothie,2,4.0,8.0,,unknown,2023-06-06
txn_3785168,,3,3.0,9.0,,takeaway,2023-05-01
txn_6859249,cookie,unknown,,2.0,,unknown,
txn_2696377,juice,4,3.0,12.0,digital wallet,in-store,2023-04-11
txn_7754382,sandwich,4,4.0,16.0,credit card,error,2023-06-28
txn_4602865,cookie,5,1.0,5.0,digital wallet,takeaway,2023-09-27
txn_5966765,cake,5,3.0,15.0,credit card,takeaway,2023-11-09
txn_4328228,sandwich,5,4.0,20.0,unknown,,2023-01-08
txn_2462604,tea,5,1.5,7.5,credit card,,2023-07-13
txn_2897354,juice,4,3.0,12.0,,in-store,2023-06-22
txn_5280256,error,5,1.0,5.0,,in-store,2023-07-12
txn_3283631,sandwich,2,4.0,8.0,credit card,in-store,2023-03-15
txn_8929329,juice,4,3.0,12.0,,,2023-10-29
txn_1328953,smoothie,3,4.0,12.0,,,2023-12-28
txn_4852852,smoothie,2,4.0,8.0,unknown,,2023-10-06
txn_4977954,juice,4,3.0,12.0,cash,,
txn_3344089,sandwich,4,4.0,16.0,cash,in-store,2023-08-10
txn_2909634,smoothie,1,,4.0,,takeaway,2023-10-02
txn_7551280,cookie,4,1.0,4.0,credit card,takeaway,2023-04-14
txn_5390533,smoothie,3,4.0,12.0,,in-store,2023-11-18
txn_8487216,tea,1,1.5,1.5,cash,,2023-07-01
txn_3863163,cookie,3,1.0,3.0,digital wallet,takeaway,2023-10-12
txn_4260865,smoothie,4,4.0,16.0,,,2023-02-25
txn_7922471,cake,3,3.0,9.0,cash,,2023-04-18
txn_3701660,sandwich,1,4.0,4.0,digital wallet,,
txn_3653560,coffee,4,2.0,8.0,digital wallet,takeaway,2023-07-01
txn_4075817,cookie,2,1.0,2.0,cash,,2023-03-18
txn_3715065,salad,3,5.0,15.0,credit card,error,2023-03-17
txn_9549208,coffee,1,2.0,2.0,digital wallet,in-store,2023-10-30
txn_2919952,juice,,3.0,15.0,digital wallet,in-store,2023-02-17
txn_2670824,juice,2,3.0,6.0,digital wallet,takeaway,2023-03-03
txn_7455953,coffee,2,2.0,4.0,,error,2023-05-01
txn_5926432,smoothie,4,4.0,16.0,cash,in-store,2023-06-29
txn_8235381,cookie,3,1.0,3.0,digital wallet,in-store,2023-03-01
txn_6206679,tea,1,1.5,1.5,,in-store,2023-05-01
txn_2954630,salad,2,5.0,10.0,credit card,,2023-09-30
txn_1402641,tea,3,1.5,,credit card,takeaway,2023-09-12
txn_6405489,sandwich,3,4.0,12.0,credit card,takeaway,2023-05-04
txn_3003311,cake,5,3.0,15.0,digital wallet,in-store,2023-08-01
txn_3273540,unknown,1,3.0,3.0,credit card,,2023-08-21
txn_4570881,,1,2.0,2.0,,,2023-09-14
txn_3421404,unknown,4,4.0,16.0,credit card,,2023-05-05
txn_8468509,error,,4.0,12.0,credit card,error,2023-06-13
txn_9436342,juice,4,3.0,12.0,digital wallet,in-store,2023-11-26
txn_3110245,cake,5,,15.0,cash,takeaway,2023-04-21
txn_1999100,smoothie,3,4.0,12.0,digital wallet,,2023-11-08
txn_3654203,coffee,1,,2.0,unknown,,2023-04-21
txn_2406283,juice,4,3.0,12.0,digital wallet,in-store,2023-02-24
txn_8964166,juice,5,3.0,15.0,cash,,2023-11-10
txn_1354464,cake,5,3.0,15.0,digital wallet,in-store,2023-03-18
txn_5582443,salad,3,5.0,15.0,credit card,in-store,2023-04-13
txn_6204081,cake,1,3.0,3.0,digital wallet,takeaway,2023-07-12
txn_4428307,salad,3,5.0,15.0,cash,in-store,
txn_8647048,sandwich,2,4.0,8.0,credit card,in-store,2023-11-03
txn_1689024,coffee,5,2.0,,credit card,in-store,2023-04-17
txn_5422928,tea,4,1.5,6.0,digital wallet,takeaway,2023-09-20
txn_9855567,cookie,3,1.0,3.0,credit card,,2023-05-25
txn_3311860,juice,1,3.0,3.0,digital wallet,in-store,2023-11-21
txn_4147675,tea,2,1.5,3.0,credit card,in-store,2023-01-04
txn_7560178,cookie,5,1.0,5.0,digital wallet,in-store,2023-08-17
txn_4677478,cake,4,3.0,12.0,,in-store,2023-07-09
txn_3930990,tea,4,1.5,6.0,digital wallet,takeaway,2023-02-27
txn_8675922,error,4,5.0,20.0,error,,2023-03-31
txn_6621596,salad,2,5.0,10.0,credit card,unknown,2023-09-25
txn_8076942,cookie,2,1.0,2.0,cash,takeaway,2023-04-29
txn_4367689,cookie,2,1.0,2.0,cash,,2023-09-30
txn_2941800,salad,5,5.0,25.0,cash,,2023-04-25
txn_7072581,cookie,2,1.0,2.0,credit card,,2023-08-12
txn_7809506,salad,2,5.0,10.0,,takeaway,2023-06-05
txn_6884558,,1,3.0,,cash,in-store,2023-08-14
txn_6864420,cookie,2,1.0,2.0,credit card,takeaway,2023-06-18
txn_3109057,tea,4,1.5,6.0,cash,,2023-11-26
txn_2257337,cookie,4,1.0,,cash,error,2023-07-24
txn_9417344,tea,3,1.5,4.5,,takeaway,2023-11-09
txn_6503884,juice,1,3.0,3.0,cash,in-store,2023-05-28
txn_9868954,smoothie,4,4.0,16.0,credit card,,
txn_2206639,coffee,4,2.0,8.0,cash,takeaway,2023-06-29
txn_9337894,tea,2,1.5,3.0,,,2023-12-30
txn_7068361,juice,5,3.0,15.0,credit card,,2023-12-25
txn_1405124,,3,4.0,12.0,digital wallet,takeaway,2023-08-03
txn_2395608,tea,3,,4.5,cash,in-store,2023-03-16
txn_5423024,smoothie,1,4.0,4.0,digital wallet,in-store,2023-04-30
txn_2802630,cookie,4,1.0,4.0,,takeaway,2023-06-18
txn_3134595,juice,3,3.0,9.0,credit card,takeaway,2023-02-25
txn_2251128,smoothie,3,4.0,12.0,credit card,in-store,2023-06-07
txn_4213071,salad,1,5.0,5.0,,takeaway,2023-04-10
txn_6220280,tea,1,1.5,1.5,credit card,,2023-02-15
txn_4832163,cake,4,3.0,12.0,cash,takeaway,2023-11-17
txn_6663451,cake,1,3.0,3.0,cash,,2023-08-05
txn_1443928,cake,4,3.0,12.0,cash,takeaway,2023-12-03
txn_1670597,coffee,2,2.0,4.0,cash,takeaway,2023-05-21
txn_3854210,smoothie,1,4.0,4.0,cash,,2023-12-30
txn_2165745,coffee,4,2.0,8.0,credit card,in-store,2023-01-31
txn_3082888,tea,1,1.5,1.5,cash,in-store,2023-09-20
txn_2294397,coffee,5,2.0,10.0,digital wallet,in-store,2023-02-25
txn_4160784,cookie,5,1.0,5.0,error,in-store,2023-05-20
txn_7248594,coffee,3,2.0,6.0,credit card,in-store,2023-03-26
txn_5031020,coffee,5,2.0,10.0,,,2023-11-25
txn_3059966,smoothie,1,4.0,4.0,digital wallet,in-store,2023-12-24
txn_9287780,smoothie,2,,8.0,cash,in-store,2023-09-02
txn_1022220,juice,3,3.0,9.0,,takeaway,2023-08-03
txn_7144740,cake,4,3.0,12.0,,,2023-07-24
txn_7666945,tea,5,1.5,7.5,,,2023-07-07
txn_7880000,salad,3,5.0,15.0,credit card,in-store,2023-01-28
txn_4900574,juice,3,3.0,9.0,,,2023-05-06
txn_7838576,coffee,3,2.0,6.0,,in-store,2023-11-11
txn_1419188,cake,5,3.0,15.0,credit card,,2023-11-26
txn_1767201,error,5,5.0,25.0,credit card,unknown,2023-07-12
txn_2964794,cake,2,3.0,6.0,,takeaway,2023-03-09
txn_3936162,cookie,1,1.0,1.0,error,,2023-02-26
txn_4432082,juice,5,3.0,15.0,,,2023-04-20
txn_9496791,salad,4,5.0,20.0,credit card,in-store,2023-07-19
txn_4194115,tea,5,1.5,7.5,,,2023-08-17
txn_7741707,salad,3,5.0,15.0,error,takeaway,2023-05-09
txn_8854471,cake,5,3.0,15.0,credit card,,
txn_4216055,cookie,5,1.0,5.0,digital wallet,,2023-12-27
txn_2320493,smoothie,1,4.0,4.0,digital wallet,in-store,2023-03-22
txn_4835929,coffee,2,2.0,4.0,,in-store,2023-10-03
txn_6755791,coffee,2,2.0,4.0,cash,,2023-04-01
txn_9861432,cookie,2,1.0,2.0,,takeaway,2023-12-09
txn_8271278,tea,1,1.5,1.5,,,2023-07-01
txn_2005032,cookie,2,1.0,2.0,digital wallet,,2023-11-30
txn_4208919,,3,,12.0,,takeaway,2023-05-30
txn_9699083,smoothie,1,,4.0,cash,in-store,2023-02-12
txn_5714767,salad,4,5.0,20.0,digital wallet,takeaway,2023-03-02
txn_5844851,smoothie,5,4.0,20.0,,,2023-02-15
txn_7243779,,1,1.0,1.0,,in-store,
txn_8141558,cake,5,3.0,15.0,credit card,unknown,2023-12-05
txn_4314314,cake,4,3.0,12.0,cash,error,2023-01-02
txn_4155001,smoothie,1,4.0,4.0,,,2023-11-30
txn_1072678,juice,2,3.0,,cash,,2023-05-30
txn_7981162,cake,3,3.0,9.0,credit card,takeaway,2023-05-30
txn_2316206,cookie,1,1.0,1.0,credit card,in-store,2023-01-23
txn_7343342,cookie,2,1.0,2.0,cash,takeaway,2023-12-21
txn_4573096,coffee,1,2.0,2.0,digital wallet,in-store,2023-08-13
txn_3577482,,4,3.0,12.0,digital wallet,,2023-06-01
txn_6370625,sandwich,3,4.0,12.0,credit card,in-store,2023-08-26
txn_7580803,juice,4,3.0,12.0,cash,in-store,2023-04-06
txn_8306028,salad,1,5.0,5.0,,takeaway,2023-02-27
txn_7530692,coffee,1,2.0,2.0,credit card,,2023-06-30
txn_4383002,coffee,1,2.0,2.0,,in-store,2023-12-18
txn_2939069,smoothie,5,4.0,20.0,credit card,takeaway,2023-09-06
txn_2301001,smoothie,1,4.0,4.0,,takeaway,2023-01-06
txn_5009924,cake,3,3.0,9.0,digital wallet,,2023-09-08
txn_9988801,smoothie,5,4.0,20.0,cash,,2023-10-20
txn_7895514,,4,3.0,12.0,digital wallet,takeaway,2023-08-06
txn_8432045,cake,3,3.0,9.0,credit card,,2023-11-09
txn_8127433,sandwich,3,4.0,12.0,,takeaway,2023-07-11
txn_7640914,salad,1,5.0,5.0,credit card,,2023-02-12
txn_4374963,juice,1,3.0,3.0,cash,in-store,2023-07-04
txn_3212317,salad,5,5.0,25.0,,takeaway,2023-05-25
txn_7744874,coffee,1,2.0,2.0,cash,,2023-06-28
txn_7768350,cookie,1,1.0,,cash,in-store,2023-08-19
txn_9128859,coffee,2,2.0,4.0,,takeaway,2023-11-28
txn_9375649,cookie,4,1.0,4.0,,in-store,2023-03-06
txn_4401563,juice,5,3.0,15.0,digital wallet,takeaway,2023-09-20
txn_8502946,smoothie,3,4.0,12.0,unknown,in-store,2023-09-15
txn_8687294,smoothie,3,4.0,12.0,credit card,,2023-08-01
txn_2176821,unknown,3,5.0,15.0,digital wallet,,2023-05-05
txn_2529216,tea,3,,4.5,credit card,in-store,
txn_8443384,sandwich,5,4.0,20.0,digital wallet,in-store,2023-02-13
txn_5053064,salad,3,5.0,15.0,,,2023-06-19
txn_7824739,cookie,3,1.0,3.0,digital wallet,,2023-07-17
txn_7226406,cake,1,3.0,3.0,credit card,,2023-02-11
txn_9793806,tea,3,1.5,4.5,digital wallet,takeaway,2023-04-25
txn_8195843,cookie,4,1.0,4.0,,,2023-06-02
txn_6027923,unknown,1,5.0,5.0,digital wallet,takeaway,2023-07-23
txn_5438652,sandwich,4,4.0,16.0,cash,,2023-03-17
txn_8385625,tea,4,1.5,6.0,digital wallet,takeaway,2023-12-23
txn_7814715,cookie,5,1.0,5.0,cash,,2023-04-24
txn_6532452,smoothie,5,4.0,20.0,cash,takeaway,2023-02-24
txn_9706608,smoothie,1,4.0,4.0,cash,unknown,2023-05-22
txn_5963749,cake,1,3.0,3.0,digital wallet,in-store,2023-11-04
txn_6885218,salad,1,5.0,5.0,,in-store,2023-10-23
txn_3845871,sandwich,1,4.0,4.0,,in-store,2023-10-29
txn_5767392,cake,5,3.0,15.0,credit card,,2023-10-24
txn_3014967,salad,error,5.0,5.0,unknown,unknown,
txn_8685281,tea,1,,1.5,digital wallet,in-store,2023-07-30
txn_3205079,cake,5,3.0,15.0,credit card,,2023-11-07
txn_1523626,cake,4,3.0,12.0,unknown,takeaway,2023-07-21
txn_8944202,smoothie,3,4.0,12.0,credit card,takeaway,2023-06-08
txn_2402993,cookie,5,1.0,5.0,cash,takeaway,2023-06-11
txn_1340358,sandwich,3,4.0,12.0,cash,takeaway,2023-06-09
txn_6959328,sandwich,3,4.0,12.0,credit card,takeaway,2023-04-23
txn_1613996,juice,2,3.0,6.0,,in-store,2023-10-12
txn_9285475,tea,5,1.5,7.5,digital wallet,error,2023-11-14
txn_8077929,tea,3,1.5,4.5,digital wallet,takeaway,2023-08-06
txn_7899009,,1,2.0,2.0,cash,,2023-03-08
txn_9213505,sandwich,2,4.0,8.0,unknown,,2023-11-01
txn_8724602,juice,4,3.0,12.0,credit card,takeaway,2023-06-26
txn_9067597,salad,4,,20.0,cash,takeaway,2023-11-02
txn_9714116,sandwich,4,4.0,16.0,,in-store,2023-11-17
txn_8987697,cookie,5,1.0,5.0,cash,,2023-12-19
txn_1940778,tea,2,1.5,3.0,cash,in-store,2023-02-01
txn_1776070,sandwich,3,4.0,12.0,,,
txn_4271502,error,2,3.0,6.0,,,2023-07-03
txn_8124795,salad,5,5.0,25.0,error,in-store,2023-08-11
txn_7860953,sandwich,1,4.0,4.0,digital wallet,takeaway,2023-09-10
txn_8164119,tea,3,1.5,4.5,credit card,takeaway,2023-01-07
txn_6070523,,4,2.0,8.0,cash,,
txn_7809290,cake,1,3.0,3.0,cash,takeaway,2023-10-14
txn_5332538,coffee,3,2.0,6.0,,,2023-01-15
txn_7375024,,1,1.0,1.0,cash,in-store,2023-12-10
txn_5675095,sandwich,4,4.0,16.0,digital wallet,takeaway,2023-05-18
txn_4197851,salad,error,5.0,15.0,digital wallet,in-store,2023-02-05
txn_7931086,sandwich,3,4.0,12.0,credit card,,2023-06-25
txn_2536573,,2,,8.0,cash,in-store,2023-06-24
txn_3374262,,2,1.5,3.0,,in-store,2023-04-14
txn_9110336,cookie,5,1.0,5.0,digital wallet,error,2023-04-06
txn_3901665,juice,1,3.0,3.0,credit card,takeaway,2023-10-19
txn_9211917,smoothie,4,4.0,,,in-store,2023-12-17
txn_7893709,error,4,3.0,12.0,credit card,,2023-03-14
txn_4296023,tea,5,1.5,7.5,digital wallet,in-store,2023-10-08
txn_3403409,cake,2,3.0,6.0,,,2023-02-22
txn_1398511,coffee,5,2.0,10.0,,takeaway,2023-12-19
txn_4350854,cookie,2,1.0,2.0,cash,in-store,2023-01-31
txn_1867158,cookie,4,1.0,4.0,digital wallet,takeaway,2023-05-16
txn_2662711,juice,1,3.0,3.0,unknown,,2023-11-02
txn_4439660,coffee,3,2.0,6.0,,,2023-02-06
txn_9417252,sandwich,2,4.0,8.0,credit card,,2023-08-17
txn_7502558,unknown,5,3.0,15.0,,in-store,2023-02-23
txn_8453282,cookie,3,1.0,3.0,cash,,2023-03-08
txn_5921766,smoothie,3,4.0,12.0,,in-store,2023-11-06
txn_7688029,cake,5,3.0,15.0,credit card,in-store,2023-05-30
txn_2000331,,3,4.0,12.0,,takeaway,2023-03-30
txn_3420633,salad,4,5.0,20.0,digital wallet,takeaway,2023-04-11
txn_3431892,cake,2,3.0,6.0,,in-store,2023-07-18
txn_5220527,cookie,4,1.0,4.0,digital wallet,takeaway,2023-08-06
txn_1205773,salad,5,5.0,25.0,cash,,2023-01-27
txn_3061405,smoothie,5,4.0,20.0,,takeaway,2023-12-01
txn_8696857,coffee,1,2.0,2.0,digital wallet,takeaway,2023-10-01
txn_9668265,cookie,3,1.0,3.0,credit card,,2023-06-20
txn_3638761,juice,5,3.0,15.0,,error,
txn_7463102,smoothie,5,4.0,20.0,cash,takeaway,2023-11-27
txn_5569954,cookie,4,1.0,4.0,credit card,in-store,
txn_4547294,tea,1,1.5,1.5,error,,2023-09-30
txn_8430882,sandwich,2,4.0,8.0,digital wallet,takeaway,2023-06-17
txn_9114647,salad,5,5.0,25.0,digital wallet,in-store,2023-11-19
txn_9556442,sandwich,1,4.0,4.0,digital wallet,takeaway,
txn_5413433,juice,4,3.0,12.0,digital wallet,in-store,2023-06-03
txn_9388222,cookie,1,1.0,1.0,digital wallet,in-store,2023-04-21
txn_6618750,smoothie,5,4.0,20.0,credit card,,2023-03-07
txn_6712087,cake,2,3.0,6.0,,in-store,2023-06-06
txn_1862184,coffee,4,2.0,8.0,,in-store,2023-01-21
txn_6149800,sandwich,4,4.0,16.0,digital wallet,,2023-05-05
txn_6433525,smoothie,2,4.0,8.0,,,2023-09-02
txn_2642834,salad,2,5.0,10.0,cash,,2023-11-13
txn_6745398,tea,4,1.5,6.0,,,2023-02-28
txn_5660949,cookie,3,1.0,3.0,credit card,in-store,2023-01-10
txn_9540340,sandwich,2,4.0,8.0,cash,,2023-11-15
txn_5200292,error,4,5.0,20.0,cash,,2023-01-12
txn_4118960,smoothie,5,4.0,20.0,credit card,takeaway,2023-09-24
txn_2265543,salad,3,5.0,15.0,,takeaway,2023-02-19
txn_7360979,sandwich,1,4.0,,,in-store,2023-08-16
txn_1849597,sandwich,2,4.0,8.0,cash,,2023-11-01
txn_3214521,tea,4,1.5,6.0,,,2023-06-30
txn_5107249,smoothie,4,4.0,16.0,cash,unknown,2023-03-20
txn_1941099,unknown,5,1.0,5.0,cash,error,2023-04-14
txn_3228646,cookie,5,1.0,5.0,credit card,,2023-09-19
txn_3295578,error,1,3.0,3.0,unknown,in-store,2023-05-04
txn_3717422,salad,2,5.0,10.0,cash,,2023-06-15
txn_5350735,tea,2,1.5,3.0,cash,unknown,2023-04-08
txn_1128577,sandwich,1,4.0,4.0,digital wallet,in-store,2023-11-23
txn_6533267,tea,3,1.5,4.5,cash,in-store,2023-07-14
txn_1413310,smoothie,3,4.0,12.0,,takeaway,2023-04-06
txn_4166020,unknown,4,3.0,12.0,digital wallet,in-store,2023-08-18
txn_9496018,,5,1.5,7.5,,takeaway,2023-01-05
txn_5609139,,2,1.5,3.0,digital wallet,,2023-10-13
txn_5087453,tea,3,1.5,4.5,cash,takeaway,2023-04-09
txn_3312088,cake,error,3.0,3.0,digital wallet,,2023-08-17
txn_2049313,unknown,4,1.5,6.0,credit card,,2023-12-25
txn_4001774,tea,5,1.5,7.5,,takeaway,2023-02-10
txn_9627891,coffee,2,2.0,4.0,credit card,in-store,2023-01-09
txn_5584275,smoothie,1,4.0,4.0,credit card,in-store,2023-07-10
txn_1873800,smoothie,3,4.0,12.0,,in-store,2023-02-01
txn_3602823,coffee,4,2.0,8.0,,,2023-08-26
txn_5528426,smoothie,4,4.0,16.0,cash,takeaway,2023-06-01
txn_7626322,unknown,4,3.0,12.0,cash,takeaway,2023-12-21
txn_4432546,coffee,2,2.0,4.0,digital wallet,unknown,2023-11-29
txn_6372031,juice,3,3.0,9.0,digital wallet,in-store,2023-08-11
txn_6874059,salad,4,5.0,20.0,,takeaway,2023-01-12
txn_3843111,smoothie,2,4.0,8.0,,,2023-09-15
txn_8916446,cookie,2,1.0,2.0,cash,error,2023-07-19
txn_1823906,salad,3,5.0,15.0,digital wallet,in-store,2023-06-26
txn_2927941,error,4,4.0,16.0,credit card,takeaway,2023-08-29
txn_5972836,,3,4.0,12.0,cash,takeaway,2023-02-14
txn_7484638,sandwich,3,4.0,12.0,digital wallet,in-store,2023-10-17
txn_2073647,unknown,3,4.0,12.0,unknown,in-store,2023-09-01
txn_1610137,coffee,3,2.0,6.0,cash,takeaway,2023-04-02
txn_9094628,coffee,2,2.0,4.0,,in-store,2023-02-13
txn_2262195,smoothie,3,4.0,12.0,cash,,2023-10-13
txn_8047234,juice,3,3.0,,credit card,error,2023-08-29
txn_7108012,tea,1,1.5,1.5,digital wallet,takeaway,2023-12-31
txn_3272946,salad,3,5.0,15.0,credit card,in-store,2023-09-06
txn_6896663,cake,3,3.0,9.0,,in-store,2023-05-16
txn_7308096,tea,2,1.5,3.0,cash,takeaway,2023-08-13
txn_3607778,smoothie,2,4.0,8.0,cash,unknown,2023-11-20
txn_7105069,coffee,1,2.0,,cash,takeaway,2023-12-06
txn_7461544,cookie,4,1.0,4.0,credit card,,2023-08-22
txn_5853281,coffee,4,2.0,8.0,,,2023-08-29
txn_5488764,coffee,4,2.0,8.0,digital wallet,takeaway,2023-06-30
txn_4268746,cake,5,3.0,15.0,credit card,in-store,2023-01-12
txn_1767872,salad,2,5.0,10.0,credit card,in-store,2023-01-05
txn_9684822,juice,1,3.0,3.0,,error,2023-11-18
txn_7208983,salad,1,5.0,5.0,digital wallet,in-store,2023-09-28
txn_8704128,juice,5,3.0,15.0,unknown,,2023-02-25
txn_7971660,cookie,3,1.0,3.0,cash,takeaway,2023-10-02
txn_6179190,coffee,1,2.0,2.0,,takeaway,2023-07-23
txn_9271577,cake,2,3.0,6.0,credit card,in-store,2023-04-13
txn_3016203,unknown,1,5.0,5.0,cash,in-store,2023-06-16
txn_6440555,smoothie,1,4.0,4.0,cash,in-store,2023-07-11
txn_5635779,error,5,3.0,15.0,cash,in-store,2023-07-01
txn_1022126,tea,error,1.5,4.5,,unknown,
txn_9839214,juice,1,3.0,3.0,digital wallet,,2023-12-25
txn_7368194,smoothie,2,4.0,8.0,credit card,in-store,2023-10-29
txn_1328230,sandwich,5,4.0,20.0,cash,,2023-02-03
txn_9789310,sandwich,4,4.0,16.0,credit card,in-store,2023-05-09
txn_6425706,juice,1,3.0,3.0,,takeaway,2023-12-09
txn_5996973,sandwich,5,4.0,20.0,,in-store,2023-05-02
txn_2561970,sandwich,3,4.0,12.0,,in-store,2023-03-16
txn_7137256,sandwich,2,4.0,,cash,error,2023-06-22
txn_5926982,coffee,4,2.0,8.0,,takeaway,2023-05-16
txn_3398611,sandwich,5,4.0,20.0,cash,,2023-10-01
txn_4539758,sandwich,3,4.0,12.0,,in-store,2023-06-01
txn_6259087,sandwich,2,4.0,8.0,digital wallet,in-store,2023-12-27
txn_8152941,coffee,3,2.0,6.0,,takeaway,
txn_2987590,sandwich,5,4.0,20.0,,in-store,2023-02-17
txn_6687029,sandwich,2,,8.0,credit card,in-store,2023-08-23
txn_1199898,smoothie,1,4.0,4.0,credit card,,2023-10-26
txn_4787990,cookie,3,1.0,3.0,digital wallet,,2023-02-04
txn_9606045,tea,2,1.5,3.0,digital wallet,,2023-10-14
txn_1569248,tea,1,1.5,1.5,credit card,,2023-11-14
txn_1151605,coffee,1,2.0,2.0,digital wallet,takeaway,2023-05-02
txn_4602430,sandwich,3,4.0,12.0,credit card,in-store,2023-01-31
txn_3232043,tea,2,1.5,3.0,,in-store,2023-07-05
txn_3251340,salad,4,5.0,20.0,,in-store,2023-06-18
txn_7412782,cookie,2,1.0,2.0,digital wallet,takeaway,2023-03-28
txn_5663260,sandwich,4,,16.0,digital wallet,,2023-10-08
txn_5570967,coffee,1,2.0,2.0,credit card,in-store,2023-12-12
txn_8271541,smoothie,2,4.0,8.0,error,,2023-09-07
txn_2238658,tea,unknown,1.5,4.5,,takeaway,2023-08-11
txn_2564718,salad,5,5.0,25.0,,takeaway,2023-10-10
txn_9050127,sandwich,error,4.0,20.0,credit card,takeaway,2023-02-26
txn_6533450,smoothie,1,4.0,4.0,,in-store,2023-11-22
txn_8046891,coffee,1,2.0,2.0,credit card,takeaway,2023-02-24
txn_7770487,smoothie,1,4.0,4.0,cash,in-store,2023-08-09
txn_2279313,cookie,2,,2.0,digital wallet,in-store,2023-08-23
txn_9943050,tea,1,1.5,1.5,digital wallet,takeaway,2023-05-16
txn_2694605,cookie,2,1.0,2.0,credit card,takeaway,2023-11-09
txn_2161957,cookie,2,1.0,2.0,,takeaway,2023-05-19
txn_3647474,coffee,4,2.0,8.0,,takeaway,2023-05-05
txn_4877601,,2,1.0,2.0,unknown,error,2023-07-14
txn_7868470,juice,3,,9.0,digital wallet,unknown,2023-04-14
txn_1927704,salad,2,5.0,10.0,digital wallet,in-store,2023-01-05
txn_4819416,salad,3,,15.0,,,2023-06-01
txn_8076152,tea,4,1.5,6.0,digital wallet,error,2023-12-18
txn_9409405,error,3,2.0,6.0,digital wallet,in-store,2023-02-11
txn_4055876,unknown,3,5.0,15.0,credit card,in-store,2023-10-15
txn_1929398,sandwich,1,4.0,4.0,digital wallet,in-store,2023-02-23
txn_2131494,salad,2,5.0,10.0,cash,,2023-02-27
txn_3093284,coffee,4,2.0,8.0,digital wallet,in-store,2023-01-01
txn_3679245,smoothie,4,4.0,16.0,,in-store,2023-09-16
txn_2276426,juice,5,3.0,15.0,credit card,in-store,2023-10-21
txn_9608095,coffee,1,2.0,2.0,credit card,in-store,2023-12-07
txn_9587704,juice,5,3.0,15.0,cash,takeaway,2023-07-29
txn_9863114,juice,unknown,3.0,15.0,,takeaway,2023-02-01
txn_2372348,cake,2,3.0,6.0,digital wallet,takeaway,2023-01-05
txn_6660602,,4,5.0,20.0,,takeaway,2023-05-20
txn_3386311,juice,1,3.0,3.0,cash,in-store,2023-11-30
txn_7049149,error,4,4.0,16.0,,,2023-08-27
txn_4112230,smoothie,5,4.0,20.0,,takeaway,2023-11-19
txn_1675510,sandwich,3,4.0,12.0,,,2023-09-09
txn_5853158,unknown,error,4.0,16.0,cash,takeaway,2023-09-25
txn_4187673,juice,2,3.0,6.0,digital wallet,,2023-04-02
txn_3017494,tea,1,1.5,1.5,unknown,takeaway,2023-11-21
txn_8086161,sandwich,,4.0,8.0,cash,in-store,2023-03-10
txn_5729112,coffee,1,2.0,2.0,credit card,,2023-06-30
txn_4613595,salad,3,5.0,15.0,credit card,takeaway,2023-07-07
txn_4152991,sandwich,5,4.0,20.0,digital wallet,takeaway,2023-12-17
txn_1196324,tea,4,1.5,6.0,credit card,in-store,2023-09-26
txn_5944318,cookie,1,1.0,1.0,cash,unknown,2023-01-23
txn_5148823,juice,1,3.0,3.0,digital wallet,,2023-03-27
txn_2887528,,2,3.0,6.0,,,2023-04-23
txn_7312736,cookie,2,1.0,2.0,digital wallet,,2023-12-02
txn_5775717,tea,3,,4.5,,takeaway,2023-08-02
txn_4442095,salad,4,5.0,20.0,digital wallet,,2023-02-18
txn_6621007,cake,2,3.0,6.0,digital wallet,takeaway,2023-03-05
txn_6740691,tea,1,1.5,1.5,cash,error,2023-07-06
txn_2548742,salad,5,5.0,25.0,digital wallet,,
txn_4359568,coffee,3,2.0,6.0,,,2023-12-21
txn_3941164,coffee,4,2.0,8.0,,error,2023-04-16
txn_5244931,coffee,1,,2.0,error,unknown,2023-09-30
txn_8181326,tea,5,1.5,7.5,cash,,2023-02-28
txn_8912589,smoothie,3,4.0,12.0,cash,error,2023-10-19
txn_1234390,cake,2,3.0,6.0,digital wallet,takeaway,2023-06-02
txn_5336437,tea,5,1.5,7.5,credit card,,2023-05-07
txn_6271633,juice,2,3.0,6.0,digital wallet,in-store,2023-03-07
txn_4805204,tea,5,1.5,7.5,digital wallet,in-store,2023-04-25
txn_3094786,sandwich,4,4.0,16.0,credit card,takeaway,2023-01-16
txn_7082667,,4,5.0,20.0,cash,in-store,2023-08-03
txn_4807049,cookie,1,1.0,1.0,credit card,,2023-06-07
txn_1840584,cake,5,3.0,15.0,digital wallet,,2023-05-28
txn_8030379,salad,4,5.0,20.0,cash,in-store,2023-07-21
txn_7746634,cake,5,3.0,15.0,digital wallet,in-store,2023-07-04
txn_2361290,salad,4,5.0,20.0,cash,,2023-07-16
txn_7133645,sandwich,5,4.0,20.0,credit card,takeaway,
txn_3654299,coffee,1,,2.0,cash,takeaway,2023-09-19
txn_8811945,error,1,5.0,5.0,unknown,,2023-02-18
txn_8659963,cake,4,3.0,12.0,cash,takeaway,2023-01-21
txn_3676131,coffee,3,2.0,6.0,unknown,error,2023-09-11
txn_2935758,smoothie,1,4.0,4.0,credit card,in-store,2023-09-03
txn_1711730,juice,5,3.0,15.0,unknown,takeaway,2023-06-01
txn_8659575,unknown,2,1.5,3.0,digital wallet,,2023-12-17
txn_5360210,tea,5,1.5,7.5,cash,takeaway,2023-06-29
txn_7970325,cake,2,3.0,6.0,,takeaway,2023-03-13
txn_8521037,sandwich,1,4.0,4.0,,in-store,2023-11-21
txn_5473680,coffee,3,2.0,6.0,credit card,takeaway,2023-12-24
txn_6830192,unknown,3,3.0,,digital wallet,,2023-08-02
txn_5999810,unknown,4,4.0,16.0,credit card,takeaway,2023-06-19
txn_6677631,tea,5,1.5,7.5,digital wallet,in-store,2023-12-14
txn_9775900,juice,4,3.0,12.0,digital wallet,in-store,2023-08-29
txn_2097072,tea,4,1.5,6.0,unknown,in-store,
txn_2408143,coffee,2,2.0,4.0,digital wallet,,2023-11-15
txn_6383779,coffee,1,2.0,2.0,,error,2023-11-29
txn_1342359,cake,4,3.0,12.0,cash,takeaway,2023-07-14
txn_6975499,coffee,1,2.0,,digital wallet,in-store,2023-07-03
txn_9861083,sandwich,5,4.0,20.0,credit card,in-store,2023-01-21
txn_8100384,sandwich,unknown,4.0,4.0,cash,,2023-11-08
txn_3762778,coffee,5,2.0,10.0,,,2023-06-14
txn_4548698,salad,2,5.0,10.0,cash,takeaway,2023-03-04
txn_8735820,tea,2,1.5,3.0,credit card,takeaway,2023-12-08
txn_8803798,smoothie,4,4.0,16.0,,,2023-07-14
txn_1950008,smoothie,4,4.0,16.0,digital wallet,in-store,2023-07-24
txn_3894173,sandwich,5,4.0,20.0,digital wallet,takeaway,2023-10-07
txn_3630892,error,4,1.0,4.0,,takeaway,2023-01-31
txn_7436097,,5,2.0,10.0,error,,2023-10-25
txn_4307602,error,4,1.0,4.0,cash,in-store,2023-12-30
txn_2394502,cookie,4,,4.0,digital wallet,in-store,2023-12-22
txn_5308047,cookie,unknown,,1.0,credit card,,2023-10-28
txn_5929797,sandwich,1,4.0,4.0,credit card,in-store,2023-05-12
txn_1228927,tea,2,1.5,3.0,credit card,,2023-11-28
txn_6486912,tea,2,1.5,3.0,,,2023-05-10
txn_3447069,juice,2,3.0,6.0,credit card,,2023-03-11
txn_8219298,juice,5,3.0,15.0,credit card,,2023-09-01
txn_1010950,cookie,error,1.0,1.0,digital wallet,takeaway,2023-01-07
txn_6376329,cake,1,3.0,3.0,,takeaway,2023-03-30
txn_1897783,smoothie,3,4.0,12.0,cash,,2023-02-02
txn_4831525,cookie,3,,3.0,,,2023-08-05
txn_2767034,salad,4,5.0,20.0,cash,,2023-08-12
txn_9365766,cake,4,3.0,12.0,digital wallet,in-store,2023-02-13
txn_5680396,sandwich,2,4.0,8.0,digital wallet,,2023-12-21
txn_3071092,coffee,error,,4.0,error,,2023-09-08
txn_6205234,cake,5,3.0,15.0,digital wallet,,2023-04-09
txn_4489757,smoothie,5,4.0,20.0,credit card,,2023-05-03
txn_8362750,salad,4,5.0,20.0,,in-store,2023-04-01
txn_2422584,tea,1,1.5,1.5,cash,in-store,2023-11-28
txn_3966911,tea,3,1.5,4.5,credit card,,2023-07-16
txn_6880338,cake,3,3.0,9.0,digital wallet,takeaway,2023-11-06
txn_9362958,juice,1,3.0,3.0,cash,in-store,2023-07-19
txn_6815741,smoothie,2,,8.0,,,2023-03-13
txn_4032956,coffee,5,2.0,10.0,credit card,,2023-03-15
txn_7894069,juice,2,3.0,6.0,digital wallet,in-store,2023-11-20
txn_5296578,coffee,1,2.0,2.0,credit card,takeaway,2023-04-15
txn_2522047,salad,1,,5.0,unknown,takeaway,2023-12-05
txn_8211303,salad,5,5.0,25.0,,,2023-08-26
txn_8472252,smoothie,1,4.0,4.0,,,2023-02-04
txn_2435025,juice,1,3.0,3.0,cash,in-store,2023-10-08
txn_5179156,coffee,5,2.0,10.0,error,in-store,2023-10-25
txn_4197090,juice,3,3.0,9.0,credit card,takeaway,2023-11-17
txn_4209626,,5,4.0,20.0,credit card,,2023-07-04
txn_8639995,error,3,4.0,12.0,cash,error,2023-04-18
txn_1777171,coffee,2,2.0,4.0,,in-store,2023-08-17
txn_5706734,juice,1,3.0,3.0,cash,unknown,2023-09-09
txn_6228847,smoothie,3,4.0,12.0,cash,,2023-01-13
txn_6479368,smoothie,2,4.0,8.0,credit card,takeaway,2023-09-08
txn_6991528,cookie,3,1.0,3.0,digital wallet,takeaway,2023-08-17
txn_2154866,tea,2,1.5,3.0,credit card,takeaway,2023-08-11
txn_1333524,cake,2,3.0,6.0,credit card,,2023-05-05
txn_4367044,smoothie,,4.0,4.0,cash,,2023-05-02
txn_8903514,salad,4,5.0,20.0,,takeaway,2023-09-14
txn_5762828,tea,2,1.5,3.0,digital wallet,unknown,2023-03-23
txn_2099497,juice,1,3.0,3.0,,takeaway,2023-02-27
txn_5679935,coffee,2,2.0,4.0,credit card,,2023-07-19
txn_5236861,coffee,4,2.0,8.0,cash,takeaway,2023-10-27
txn_9433035,sandwich,1,4.0,4.0,cash,in-store,2023-03-26
txn_4239051,juice,2,3.0,6.0,cash,,2023-09-30
txn_2970600,salad,1,5.0,5.0,credit card,in-store,2023-08-18
txn_6226412,juice,3,3.0,9.0,,takeaway,2023-03-20
txn_2634805,,4,1.0,4.0,digital wallet,takeaway,2023-06-25
txn_7543525,tea,4,1.5,6.0,credit card,takeaway,
txn_2571835,salad,3,5.0,15.0,,in-store,2023-03-03
txn_5376589,coffee,5,2.0,10.0,cash,takeaway,
txn_3984842,tea,4,1.5,6.0,credit card,takeaway,2023-03-22
txn_1191068,salad,1,5.0,5.0,,,2023-05-19
txn_9154713,coffee,4,,8.0,credit card,in-store,2023-03-13
txn_2897727,smoothie,5,4.0,20.0,credit card,takeaway,2023-02-15
txn_3801179,juice,2,3.0,6.0,cash,in-store,2023-12-07
txn_7116267,smoothie,4,4.0,16.0,unknown,,2023-07-29
txn_9878237,cake,1,3.0,,credit card,,2023-10-06
txn_2153838,tea,4,1.5,,digital wallet,in-store,2023-12-19
txn_7835785,salad,1,5.0,5.0,cash,in-store,2023-10-12
txn_5335079,cake,1,3.0,3.0,cash,in-store,2023-02-20
txn_7521634,unknown,3,1.0,3.0,,takeaway,2023-01-22
txn_2174821,coffee,1,2.0,2.0,,,2023-11-08
txn_5951573,salad,3,5.0,15.0,cash,,2023-12-22
txn_4612146,cake,3,3.0,9.0,cash,error,2023-12-31
txn_7954368,cake,3,3.0,9.0,credit card,,2023-10-06
txn_7898391,salad,4,5.0,20.0,credit card,unknown,2023-02-26
txn_5746800,coffee,4,2.0,8.0,credit card,takeaway,2023-07-04
txn_4630658,smoothie,1,4.0,4.0,cash,takeaway,2023-07-10
txn_6096492,sandwich,5,4.0,20.0,unknown,takeaway,2023-12-23
txn_8918905,cookie,5,1.0,5.0,digital wallet,in-store,2023-06-05
txn_5906365,cookie,1,1.0,1.0,,,2023-03-13
txn_3956062,coffee,3,2.0,6.0,,takeaway,2023-06-04
txn_6610487,coffee,5,2.0,10.0,digital wallet,takeaway,2023-09-18
txn_1381818,juice,4,3.0,12.0,credit card,,
txn_7821658,coffee,5,2.0,10.0,,in-store,2023-09-03
txn_6396940,cookie,2,1.0,2.0,credit card,takeaway,2023-02-26
txn_2556368,smoothie,1,4.0,4.0,digital wallet,,2023-10-26
txn_7655838,juice,3,3.0,9.0,digital wallet,,2023-01-22
txn_7241859,cookie,1,1.0,1.0,,,
txn_2807590,smoothie,4,4.0,16.0,cash,takeaway,2023-09-05
txn_7252860,cookie,3,,3.0,digital wallet,takeaway,2023-06-18
txn_5381129,cookie,5,1.0,5.0,,error,2023-04-20
txn_1474329,smoothie,2,4.0,8.0,digital wallet,takeaway,2023-03-02
txn_5935394,coffee,4,2.0,8.0,digital wallet,,2023-04-16
txn_1488458,coffee,4,2.0,8.0,,,2023-08-21
txn_7964661,cake,3,3.0,9.0,cash,error,2023-04-01
txn_2798736,sandwich,2,4.0,8.0,digital wallet,in-store,2023-01-15
txn_5007051,salad,2,5.0,10.0,digital wallet,,2023-12-26
txn_2325141,tea,3,1.5,4.5,digital wallet,,2023-08-26
txn_1489194,coffee,3,2.0,6.0,digital wallet,takeaway,2023-07-18
txn_9531201,sandwich,2,4.0,8.0,,error,2023-05-28
txn_7627772,sandwich,4,4.0,16.0,credit card,takeaway,2023-10-22
txn_4349970,cookie,5,1.0,5.0,unknown,in-store,2023-05-25
txn_3936883,coffee,2,2.0,4.0,digital wallet,in-store,2023-09-08
txn_1817275,salad,2,5.0,10.0,cash,in-store,2023-09-02
txn_8018272,smoothie,4,4.0,,,,2023-03-01
txn_3617989,sandwich,3,4.0,12.0,credit card,takeaway,2023-09-29
txn_1566564,cookie,3,1.0,3.0,credit card,takeaway,2023-09-08
txn_5170047,salad,4,5.0,20.0,cash,,2023-12-15
txn_6513163,cake,2,3.0,6.0,digital wallet,takeaway,2023-04-01
txn_7014478,smoothie,5,4.0,20.0,cash,,2023-04-26
txn_9929732,sandwich,4,4.0,16.0,credit card,,2023-10-04
txn_2346362,juice,4,3.0,12.0,,in-store,2023-12-30
txn_6748232,,2,4.0,8.0,credit card,in-store,
txn_9039882,smoothie,4,4.0,16.0,,in-store,2023-08-31
txn_7440057,juice,1,3.0,3.0,credit card,,2023-07-05
txn_9894831,cake,5,3.0,15.0,error,,2023-07-05
txn_2911863,sandwich,2,4.0,8.0,credit card,takeaway,2023-07-09
txn_1991987,cake,3,3.0,9.0,credit card,in-store,2023-10-22
txn_7232524,cookie,3,1.0,3.0,cash,in-store,2023-12-23
txn_5315665,tea,3,1.5,4.5,credit card,,
txn_7476348,coffee,2,2.0,4.0,error,in-store,2023-10-09
txn_4165923,sandwich,3,4.0,12.0,,takeaway,2023-03-14
txn_1467367,sandwich,3,4.0,12.0,,,2023-02-18
txn_2018943,smoothie,unknown,4.0,20.0,,,2023-05-27
txn_4234636,smoothie,1,4.0,,credit card,in-store,2023-01-30
txn_4750383,coffee,2,2.0,4.0,cash,,2023-06-30
txn_5100579,unknown,2,1.0,2.0,cash,takeaway,2023-10-08
txn_1701465,cake,1,3.0,3.0,cash,,2023-06-15
txn_8941409,cake,3,3.0,9.0,error,,2023-11-12
txn_9598764,juice,error,3.0,6.0,credit card,in-store,2023-09-06
txn_2834323,unknown,1,1.5,1.5,digital wallet,takeaway,2023-05-13
txn_2480488,juice,2,3.0,6.0,cash,takeaway,2023-03-01
txn_6158834,coffee,2,2.0,4.0,credit card,error,2023-09-23
txn_2345326,cookie,,1.0,3.0,digital wallet,takeaway,2023-01-29
txn_8872103,smoothie,,4.0,12.0,digital wallet,in-store,2023-07-02
txn_9773646,cake,4,3.0,,credit card,takeaway,2023-04-01
txn_1442096,cookie,3,1.0,3.0,credit card,in-store,2023-06-27
txn_2337888,coffee,1,2.0,2.0,credit card,in-store,2023-02-10
txn_8297751,salad,3,5.0,15.0,cash,takeaway,2023-04-08
txn_9675838,cake,2,3.0,6.0,digital wallet,,2023-02-06
txn_9241048,cake,4,3.0,12.0,credit card,in-store,2023-08-27
txn_1978687,juice,2,3.0,6.0,,error,2023-12-13
txn_7548260,juice,2,3.0,6.0,cash,takeaway,2023-02-27
txn_7047040,salad,2,5.0,10.0,unknown,,2023-02-16
txn_1234907,juice,1,3.0,3.0,credit card,in-store,2023-05-02
txn_8821839,sandwich,5,4.0,20.0,error,takeaway,2023-11-11
txn_7543765,cake,1,3.0,3.0,,,2023-10-26
txn_7317475,salad,4,5.0,20.0,cash,takeaway,2023-06-21
txn_9786525,cake,5,3.0,15.0,,takeaway,2023-02-19
txn_9874256,juice,3,3.0,9.0,,,2023-02-17
txn_3120637,sandwich,3,4.0,12.0,,takeaway,2023-08-11
txn_6754546,cake,3,3.0,9.0,error,,2023-02-19
txn_1317114,cookie,2,1.0,2.0,digital wallet,takeaway,2023-11-06
txn_3897788,juice,error,3.0,15.0,digital wallet,in-store,2023-10-26
txn_8046087,cake,2,3.0,6.0,,takeaway,2023-04-15
txn_6655017,smoothie,4,4.0,16.0,cash,takeaway,2023-12-04
txn_6610162,cake,,3.0,12.0,digital wallet,error,2023-03-18
txn_7478306,tea,2,1.5,3.0,digital wallet,in-store,2023-06-14
txn_3163567,salad,2,5.0,,digital wallet,takeaway,2023-06-01
txn_6420900,tea,3,1.5,4.5,,,2023-09-18
txn_2526267,sandwich,unknown,4.0,20.0,cash,in-store,2023-04-06
txn_3954378,tea,4,1.5,6.0,cash,error,2023-08-21
txn_5138053,sandwich,5,4.0,20.0,unknown,takeaway,2023-02-16
txn_9890279,smoothie,4,,16.0,,in-store,2023-09-06
txn_3456057,sandwich,1,4.0,,,takeaway,
txn_9626920,,2,1.5,3.0,,in-store,2023-12-16
txn_7213830,,5,3.0,15.0,credit card,,2023-08-04
txn_4224350,tea,2,1.5,3.0,,in-store,2023-07-09
txn_7763212,sandwich,1,4.0,4.0,credit card,,2023-01-10
txn_6889357,salad,1,5.0,5.0,cash,takeaway,2023-03-08
txn_8565218,cake,1,3.0,3.0,digital wallet,unknown,2023-05-03
txn_8235675,tea,1,1.5,1.5,credit card,,2023-08-08
txn_6323915,tea,3,1.5,,credit card,in-store,2023-02-09
txn_4704321,cake,3,3.0,,cash,,
txn_3232227,cookie,4,1.0,4.0,,takeaway,2023-03-30
txn_2931403,juice,2,3.0,6.0,credit card,in-store,2023-05-29
txn_8036247,coffee,1,2.0,2.0,credit card,takeaway,2023-09-29
txn_4143264,salad,1,5.0,5.0,credit card,takeaway,2023-08-17
txn_3709117,smoothie,5,4.0,,cash,,2023-02-04
txn_5124519,smoothie,3,4.0,12.0,credit card,in-store,2023-09-07
txn_1529845,juice,3,3.0,9.0,credit card,in-store,2023-01-25
txn_4615245,sandwich,4,4.0,16.0,,,2023-04-26
txn_1464694,sandwich,1,4.0,,,in-store,2023-07-23
txn_2674372,cookie,4,1.0,4.0,credit card,takeaway,2023-11-14
txn_7215900,coffee,3,2.0,6.0,cash,takeaway,2023-08-26
txn_5578380,tea,error,1.5,6.0,,in-store,
txn_6622980,salad,4,5.0,20.0,digital wallet,takeaway,2023-09-26
txn_5744026,salad,4,5.0,20.0,,,2023-04-03
txn_1759314,salad,5,5.0,25.0,,,2023-08-23
txn_2050630,cookie,3,1.0,3.0,,takeaway,2023-01-18
txn_3447575,sandwich,4,4.0,,credit card,takeaway,2023-01-17
txn_1131785,sandwich,1,4.0,4.0,cash,,2023-12-19
txn_8572783,salad,3,5.0,15.0,,,2023-03-29
txn_7928378,,3,,12.0,cash,,2023-07-04
txn_4284507,smoothie,4,4.0,16.0,,unknown,2023-07-17
txn_9819697,smoothie,3,4.0,12.0,digital wallet,in-store,2023-05-16
txn_1731476,sandwich,1,4.0,4.0,digital wallet,takeaway,2023-04-19
txn_4152262,unknown,2,5.0,10.0,digital wallet,in-store,2023-06-19
txn_1721342,smoothie,5,4.0,20.0,digital wallet,in-store,2023-08-23
txn_7278328,smoothie,1,4.0,4.0,credit card,error,2023-01-29
txn_6037924,coffee,4,2.0,8.0,,takeaway,2023-11-14
txn_7046631,error,4,2.0,8.0,digital wallet,in-store,2023-05-18
txn_7979028,sandwich,3,4.0,12.0,cash,takeaway,2023-07-12
txn_2474395,smoothie,4,4.0,16.0,digital wallet,takeaway,2023-12-28
txn_9168898,juice,2,3.0,6.0,cash,takeaway,2023-09-28
txn_9675940,juice,5,3.0,15.0,credit card,in-store,2023-06-02
txn_3618603,salad,4,5.0,20.0,cash,,2023-03-19
txn_9653377,sandwich,2,4.0,8.0,error,takeaway,2023-07-31
txn_1326993,cookie,3,1.0,3.0,unknown,in-store,2023-12-30
txn_7427357,cake,4,3.0,12.0,digital wallet,in-store,2023-10-31
txn_5806624,cookie,5,1.0,5.0,credit card,in-store,2023-07-09
txn_8329144,error,2,4.0,8.0,digital wallet,in-store,2023-03-04
txn_6670371,tea,3,1.5,4.5,credit card,takeaway,2023-05-01
txn_8708588,coffee,5,2.0,10.0,digital wallet,,2023-06-03
txn_6755874,smoothie,3,4.0,,error,in-store,2023-04-12
txn_7777864,cookie,3,1.0,,,in-store,2023-02-06
txn_1309055,unknown,2,2.0,4.0,credit card,takeaway,2023-11-09
txn_2250398,,3,3.0,9.0,digital wallet,,2023-05-31
txn_8698717,coffee,4,2.0,8.0,digital wallet,,2023-05-11
txn_2302259,juice,3,3.0,9.0,credit card,takeaway,2023-09-20
txn_7004494,coffee,4,2.0,8.0,,takeaway,2023-03-17
txn_1302920,coffee,2,2.0,4.0,,,2023-08-16
txn_8175702,tea,1,1.5,1.5,,takeaway,2023-08-27
txn_4921865,tea,2,1.5,3.0,digital wallet,in-store,2023-02-06
txn_7755372,juice,5,3.0,15.0,,takeaway,2023-01-10
txn_7218134,cake,5,3.0,,cash,,2023-01-14
txn_2897794,cookie,4,1.0,4.0,credit card,takeaway,2023-01-29
txn_5743616,cake,4,3.0,12.0,,unknown,2023-12-14
txn_4623642,sandwich,1,4.0,4.0,cash,takeaway,2023-09-12
txn_6047710,smoothie,3,4.0,12.0,,takeaway,2023-06-16
txn_2813872,salad,1,5.0,5.0,credit card,takeaway,2023-05-01
txn_1891978,salad,4,5.0,20.0,digital wallet,in-store,2023-09-13
txn_6626928,sandwich,2,4.0,8.0,,in-store,2023-05-10
txn_6320502,juice,4,3.0,12.0,credit card,,2023-08-16
txn_1797690,cake,5,3.0,15.0,credit card,takeaway,2023-08-10
txn_4587806,cookie,4,1.0,,error,,2023-07-27
txn_7735127,smoothie,1,4.0,,,takeaway,2023-02-22
txn_9831537,cake,4,3.0,12.0,credit card,,2023-08-07
txn_7866805,sandwich,3,4.0,12.0,digital wallet,in-store,2023-03-14
txn_1760092,coffee,1,2.0,2.0,credit card,takeaway,2023-04-15
txn_1887555,juice,2,3.0,6.0,cash,in-store,2023-01-08
txn_9872258,juice,4,3.0,12.0,cash,takeaway,2023-07-24
txn_2437725,sandwich,4,4.0,16.0,credit card,takeaway,2023-01-27
txn_3240077,,4,4.0,16.0,cash,,2023-12-14
txn_6581580,coffee,3,2.0,6.0,,in-store,2023-06-18
txn_6440109,cake,2,3.0,6.0,unknown,in-store,2023-09-09
txn_8790282,coffee,3,2.0,6.0,unknown,,2023-10-18
txn_7581760,coffee,3,2.0,6.0,,,2023-08-13
txn_2903973,cake,2,3.0,6.0,credit card,takeaway,2023-12-26
txn_9107842,tea,2,1.5,3.0,,takeaway,2023-12-04
txn_8306630,sandwich,2,4.0,8.0,credit card,in-store,2023-04-26
txn_2194660,unknown,1,5.0,5.0,,,
txn_4612207,juice,5,3.0,15.0,digital wallet,,2023-01-21
txn_1811216,sandwich,1,4.0,4.0,digital wallet,takeaway,2023-01-18
txn_3739424,,1,3.0,3.0,credit card,,2023-06-03
txn_9487384,cake,1,3.0,3.0,credit card,,2023-11-27
txn_2205690,cookie,5,1.0,5.0,,in-store,2023-03-02
txn_9219961,coffee,5,2.0,10.0,credit card,error,2023-04-04
txn_6425954,sandwich,2,4.0,8.0,,in-store,2023-03-28
txn_9131153,smoothie,3,4.0,12.0,,takeaway,2023-11-17
txn_1332623,cookie,2,1.0,2.0,,takeaway,2023-07-15
txn_9248370,error,2,1.0,2.0,credit card,in-store,2023-02-17
txn_5549522,juice,5,3.0,15.0,digital wallet,takeaway,2023-12-16
txn_4234750,juice,2,3.0,6.0,cash,,2023-09-03
txn_9694799,tea,3,1.5,4.5,cash,takeaway,2023-04-14
txn_6733436,juice,2,3.0,6.0,credit card,takeaway,2023-02-02
txn_4423879,juice,5,,15.0,error,,2023-02-12
txn_8496788,juice,4,3.0,12.0,cash,,2023-06-14
txn_3131168,sandwich,3,4.0,12.0,cash,,2023-03-24
txn_1995528,coffee,5,2.0,10.0,,in-store,2023-06-24
txn_2311707,tea,5,,7.5,cash,in-store,2023-08-03
txn_9617269,coffee,1,2.0,2.0,digital wallet,,
txn_1727281,juice,4,3.0,12.0,,takeaway,2023-01-05
txn_2437112,cookie,3,1.0,3.0,,,2023-04-06
txn_8240436,salad,5,5.0,25.0,,in-store,2023-07-05
txn_4177796,juice,4,3.0,,cash,takeaway,2023-04-17
txn_9761314,,4,4.0,16.0,credit card,,2023-12-14
txn_2905118,tea,5,1.5,7.5,digital wallet,takeaway,2023-03-04
txn_8058105,tea,3,1.5,4.5,cash,,2023-03-07
txn_5005793,sandwich,4,4.0,16.0,credit card,in-store,2023-01-21
txn_2840861,tea,2,1.5,3.0,digital wallet,takeaway,2023-05-31
txn_1088497,sandwich,1,4.0,4.0,digital wallet,takeaway,2023-07-05
txn_4083872,salad,2,5.0,10.0,digital wallet,takeaway,2023-08-05
txn_5296083,sandwich,3,4.0,12.0,,,2023-12-08
txn_3052953,coffee,5,2.0,10.0,digital wallet,,2023-02-28
txn_2017793,tea,,1.5,4.5,digital wallet,,2023-07-18
txn_4064326,cookie,2,1.0,2.0,cash,takeaway,2023-01-07
txn_8749775,cake,5,3.0,15.0,cash,takeaway,2023-10-30
txn_6541284,tea,4,1.5,6.0,cash,takeaway,2023-03-01
txn_7937905,salad,5,5.0,25.0,,,2023-10-15
txn_1311519,smoothie,5,4.0,20.0,cash,,2023-01-28
txn_8209509,cookie,4,1.0,4.0,,takeaway,2023-11-09
txn_3413156,juice,1,3.0,3.0,credit card,in-store,2023-10-16
txn_3130302,smoothie,3,4.0,12.0,credit card,in-store,
txn_7418152,cookie,4,1.0,4.0,cash,takeaway,2023-09-21
txn_7991782,juice,2,3.0,6.0,,in-store,2023-01-11
txn_2822949,smoothie,2,4.0,8.0,digital wallet,,2023-11-19
txn_5868082,coffee,5,2.0,10.0,credit card,in-store,2023-10-22
txn_1559521,unknown,5,2.0,10.0,unknown,in-store,2023-07-05
txn_2250898,smoothie,,4.0,12.0,credit card,,2023-12-23
txn_2947622,smoothie,5,4.0,20.0,unknown,,2023-08-06
txn_1413335,salad,1,5.0,5.0,digital wallet,takeaway,2023-05-17
txn_7086603,cake,4,3.0,,credit card,,2023-03-18
txn_6919325,cake,3,3.0,9.0,cash,unknown,2023-02-05
txn_7286934,smoothie,2,4.0,8.0,credit card,in-store,2023-03-27
txn_5213014,sandwich,3,4.0,,credit card,,2023-05-09
txn_3121483,salad,2,5.0,10.0,,takeaway,2023-01-06
txn_1670848,cake,2,,6.0,credit card,error,2023-08-04
txn_7595042,salad,1,5.0,5.0,,takeaway,2023-04-03
txn_3447594,error,1,5.0,5.0,digital wallet,in-store,2023-02-24
txn_9250024,cookie,2,1.0,2.0,digital wallet,,2023-03-21
txn_1353266,smoothie,1,4.0,4.0,digital wallet,takeaway,2023-08-30
txn_3950331,tea,5,1.5,7.5,digital wallet,,2023-03-02
txn_3766657,smoothie,5,4.0,20.0,unknown,,2023-08-16
txn_6034596,error,1,5.0,5.0,,takeaway,2023-04-07
txn_7233393,juice,5,3.0,15.0,credit card,in-store,2023-11-22
txn_8273645,juice,2,3.0,6.0,cash,takeaway,2023-11-02
txn_2474286,juice,2,3.0,6.0,digital wallet,in-store,2023-12-09
txn_5145016,sandwich,1,4.0,4.0,cash,takeaway,
txn_6700141,sandwich,1,4.0,4.0,cash,takeaway,2023-04-12
txn_4006771,cookie,3,1.0,3.0,credit card,unknown,2023-02-06
txn_4406290,coffee,5,2.0,10.0,,in-store,2023-07-02
txn_2714524,sandwich,4,4.0,16.0,cash,takeaway,2023-01-02
txn_3585097,coffee,3,2.0,6.0,,takeaway,2023-05-31
txn_5432582,juice,3,3.0,9.0,unknown,,2023-08-30
txn_5367923,sandwich,4,4.0,16.0,,,2023-04-19
txn_4030519,smoothie,2,4.0,8.0,digital wallet,takeaway,2023-01-22
txn_8716594,salad,4,5.0,20.0,credit card,takeaway,2023-08-26
txn_5159483,juice,2,3.0,6.0,digital wallet,in-store,2023-05-24
txn_6347482,tea,2,1.5,3.0,digital wallet,,2023-07-10
txn_4688236,coffee,4,2.0,8.0,cash,in-store,2023-07-05
txn_7021722,tea,3,1.5,4.5,,takeaway,2023-07-27
txn_1466002,error,3,3.0,9.0,,,2023-11-23
txn_4878020,cake,3,3.0,9.0,unknown,in-store,2023-03-17
txn_3158921,sandwich,1,4.0,4.0,digital wallet,in-store,2023-04-16
txn_8555334,coffee,1,2.0,2.0,,in-store,2023-06-16
txn_9749790,tea,3,,4.5,,takeaway,2023-10-17
txn_7476268,juice,2,3.0,6.0,credit card,,2023-06-07
txn_2741928,cake,1,3.0,3.0,digital wallet,in-store,2023-10-06
txn_8477945,cookie,4,1.0,4.0,,in-store,2023-07-19
txn_2838958,coffee,1,2.0,2.0,cash,takeaway,2023-03-10
txn_4937411,juice,1,3.0,3.0,,takeaway,2023-08-21
txn_1293509,juice,3,3.0,9.0,cash,in-store,
txn_1124655,salad,3,5.0,15.0,cash,,2023-10-23
txn_1367723,coffee,3,2.0,,cash,in-store,2023-10-25
txn_1710476,juice,4,3.0,12.0,digital wallet,takeaway,2023-05-22
txn_2248497,salad,2,5.0,10.0,cash,takeaway,2023-03-07
txn_9403754,cake,5,3.0,15.0,credit card,takeaway,2023-06-19
txn_2457189,,3,4.0,12.0,digital wallet,takeaway,2023-08-28
txn_2495788,cookie,2,1.0,2.0,credit card,takeaway,2023-12-16
txn_7528294,juice,3,3.0,9.0,digital wallet,,2023-09-27
txn_2844982,cookie,1,1.0,1.0,digital wallet,takeaway,2023-03-04
txn_9345439,coffee,2,2.0,4.0,cash,takeaway,2023-08-07
txn_4558455,unknown,3,5.0,15.0,credit card,in-store,
txn_6347567,juice,5,,15.0,cash,in-store,2023-03-31
txn_9710430,sandwich,3,4.0,12.0,credit card,takeaway,2023-01-10
txn_8859035,cake,3,3.0,9.0,digital wallet,takeaway,2023-01-19
txn_7131251,tea,2,1.5,3.0,error,in-store,2023-06-28
txn_9577339,cake,2,3.0,6.0,digital wallet,,2023-03-10
txn_9206049,cookie,1,1.0,1.0,credit card,in-store,2023-09-17
txn_8748070,cookie,2,1.0,2.0,credit card,in-store,2023-07-31
txn_1079241,juice,3,3.0,9.0,digital wallet,takeaway,2023-07-16
txn_8250845,cookie,1,1.0,1.0,cash,,2023-12-09
txn_7878520,sandwich,3,4.0,12.0,digital wallet,takeaway,2023-08-29
txn_8990101,smoothie,5,,20.0,,in-store,2023-11-25
txn_8789137,sandwich,1,4.0,4.0,,takeaway,2023-09-25
txn_1236779,juice,3,,9.0,credit card,in-store,2023-12-29
txn_6846861,smoothie,4,4.0,16.0,,in-store,2023-11-26
txn_7682621,sandwich,4,4.0,16.0,cash,takeaway,2023-11-07
txn_2770536,smoothie,2,4.0,8.0,,in-store,2023-11-03
txn_3291900,smoothie,4,4.0,16.0,cash,takeaway,2023-05-04
txn_1390917,sandwich,1,4.0,4.0,credit card,,2023-01-16
txn_5406411,unknown,5,4.0,20.0,credit card,in-store,2023-04-14
txn_4628338,coffee,,2.0,,cash,,2023-12-25
txn_4532280,coffee,error,2.0,10.0,credit card,,2023-01-10
txn_2879543,juice,5,3.0,15.0,error,,2023-03-30
txn_7334418,cookie,2,1.0,2.0,digital wallet,unknown,2023-03-24
txn_7927109,tea,1,1.5,1.5,cash,,2023-04-18
txn_9352814,tea,4,1.5,6.0,cash,unknown,2023-09-10
txn_8872984,salad,5,,,credit card,in-store,2023-08-23
txn_8305586,coffee,4,2.0,8.0,cash,,2023-01-06
txn_6501091,juice,2,3.0,6.0,digital wallet,takeaway,2023-05-07
txn_8197935,sandwich,5,,20.0,cash,in-store,2023-03-28
txn_8349096,cookie,5,1.0,5.0,,,2023-12-12
txn_1721366,smoothie,5,4.0,20.0,digital wallet,in-store,2023-04-09
txn_3924170,tea,3,1.5,4.5,credit card,in-store,2023-08-07
txn_6206421,sandwich,2,4.0,8.0,,in-store,2023-04-06
txn_3740465,cookie,4,1.0,4.0,digital wallet,,2023-03-08
txn_5227798,salad,4,5.0,20.0,cash,,2023-09-02
txn_9374286,coffee,5,2.0,10.0,cash,in-store,2023-08-07
txn_6577619,salad,3,5.0,15.0,credit card,in-store,2023-07-22
txn_5154112,cake,3,3.0,9.0,credit card,takeaway,
txn_5209716,unknown,,1.0,5.0,cash,,2023-10-06
txn_6412590,salad,1,5.0,5.0,digital wallet,,2023-06-12
txn_1577802,juice,2,3.0,6.0,credit card,in-store,2023-11-29
txn_3202346,salad,2,5.0,10.0,,in-store,2023-11-19
txn_2141924,salad,5,5.0,25.0,cash,in-store,2023-11-27
txn_6775972,coffee,3,2.0,6.0,credit card,,2023-09-15
txn_8799599,coffee,1,2.0,2.0,credit card,unknown,2023-09-10
txn_2866735,cookie,4,1.0,4.0,cash,takeaway,2023-03-13
txn_2199500,smoothie,1,4.0,4.0,credit card,,2023-04-04
txn_3402368,error,2,1.5,3.0,,in-store,2023-02-01
txn_8279269,smoothie,4,4.0,16.0,digital wallet,,2023-06-14
txn_2829951,smoothie,4,4.0,16.0,credit card,,2023-06-28
txn_6748374,salad,1,5.0,5.0,credit card,takeaway,2023-07-24
txn_5056971,tea,4,1.5,6.0,cash,takeaway,2023-08-22
txn_8675052,cookie,3,1.0,3.0,credit card,,2023-11-23
txn_6481150,salad,4,5.0,20.0,digital wallet,in-store,2023-03-30
txn_2371827,cookie,5,1.0,5.0,cash,in-store,2023-04-03
txn_3677109,cake,5,3.0,15.0,digital wallet,,2023-12-02
txn_5457767,cake,3,3.0,9.0,cash,in-store,2023-08-14
txn_1704642,,5,3.0,15.0,digital wallet,in-store,
txn_3661311,juice,2,3.0,6.0,digital wallet,,2023-04-30
txn_5520841,cake,1,3.0,3.0,,takeaway,2023-09-04
txn_6443522,smoothie,4,4.0,16.0,digital wallet,in-store,2023-06-22
txn_4907008,coffee,3,2.0,6.0,,in-store,2023-10-30
txn_9833793,cookie,1,,1.0,,takeaway,2023-12-01
txn_6297375,coffee,5,2.0,,,,2023-07-16
txn_1641000,sandwich,2,4.0,8.0,cash,,2023-08-19
txn_8588174,,3,5.0,15.0,,in-store,2023-02-07
txn_1228888,cookie,1,1.0,1.0,credit card,in-store,2023-10-05
txn_2917349,tea,4,1.5,,,,2023-01-15
txn_8099578,coffee,3,2.0,6.0,error,takeaway,2023-03-02
txn_9949241,salad,1,5.0,5.0,,in-store,2023-07-26
txn_5662517,tea,2,,3.0,credit card,takeaway,2023-01-05
txn_3221795,sandwich,5,4.0,20.0,cash,,2023-10-01
txn_8432624,juice,3,3.0,9.0,cash,takeaway,2023-06-24
txn_1883231,juice,5,3.0,15.0,error,in-store,2023-10-21
txn_2490699,coffee,1,2.0,2.0,cash,,2023-10-05
txn_1898102,cake,4,3.0,12.0,credit card,takeaway,2023-10-17
txn_9614646,coffee,error,2.0,6.0,,in-store,2023-03-18
txn_6142529,tea,5,1.5,7.5,credit card,in-store,2023-07-21
txn_9279935,coffee,2,2.0,4.0,digital wallet,in-store,2023-06-02
txn_3233211,tea,2,1.5,3.0,,takeaway,2023-06-07
txn_1607650,cookie,2,1.0,2.0,,unknown,2023-04-27
txn_1873852,,3,3.0,9.0,digital wallet,takeaway,2023-07-07
txn_2501656,cake,5,3.0,15.0,digital wallet,takeaway,2023-07-02
txn_6125085,unknown,3,3.0,9.0,,takeaway,2023-05-24
txn_8917809,salad,5,5.0,25.0,cash,,2023-07-29
txn_8850815,smoothie,5,4.0,20.0,,,2023-07-23
txn_6959065,coffee,5,2.0,10.0,digital wallet,takeaway,2023-05-05
txn_4784154,tea,error,1.5,7.5,credit card,in-store,2023-09-06
txn_1893337,cake,2,3.0,6.0,,takeaway,2023-05-16
txn_4865947,tea,2,1.5,3.0,cash,takeaway,
txn_5468350,salad,4,5.0,20.0,credit card,in-store,
txn_6907555,tea,2,1.5,3.0,credit card,,2023-09-21
txn_2437751,sandwich,1,4.0,4.0,,in-store,2023-03-18
txn_8285283,juice,5,3.0,15.0,digital wallet,,2023-09-21
txn_4795208,sandwich,unknown,4.0,8.0,digital wallet,takeaway,2023-05-03
txn_5426405,tea,5,1.5,7.5,,in-store,2023-11-26
txn_6794035,sandwich,1,4.0,4.0,digital wallet,,2023-11-04
txn_6265760,cake,1,3.0,3.0,credit card,takeaway,2023-06-21
txn_9905396,salad,1,5.0,5.0,,,2023-08-20
txn_1955127,juice,5,3.0,15.0,,in-store,2023-02-18
txn_1296879,cake,1,3.0,3.0,,takeaway,2023-11-17
txn_8882176,cookie,4,1.0,4.0,cash,takeaway,2023-03-28
txn_7052672,juice,1,3.0,3.0,error,in-store,2023-06-29
txn_3492861,cookie,5,1.0,5.0,cash,,2023-11-09
txn_3655322,juice,3,3.0,9.0,digital wallet,takeaway,2023-10-03
txn_7584389,coffee,4,,8.0,cash,,2023-03-09
txn_5734319,coffee,5,2.0,10.0,cash,takeaway,2023-06-01
txn_2535662,juice,1,3.0,3.0,cash,error,2023-05-01
txn_8436360,juice,2,3.0,6.0,,,2023-12-16
txn_1370465,cookie,4,1.0,,digital wallet,,2023-03-25
txn_7343660,salad,5,5.0,25.0,credit card,in-store,2023-08-06
txn_7777602,salad,1,5.0,5.0,cash,,2023-04-26
txn_3430805,juice,4,3.0,12.0,credit card,,2023-11-12
txn_3886176,cookie,4,1.0,4.0,cash,,
txn_8219472,cookie,4,1.0,4.0,credit card,,2023-11-09
txn_7171303,sandwich,1,4.0,4.0,,,2023-04-30
txn_2330694,salad,3,5.0,15.0,cash,in-store,2023-05-31
txn_4476076,smoothie,2,4.0,8.0,digital wallet,takeaway,2023-03-26
txn_4183749,cake,4,3.0,12.0,credit card,takeaway,2023-01-25
txn_8132145,tea,1,1.5,1.5,digital wallet,,2023-08-04
txn_9286960,cookie,3,1.0,3.0,cash,,2023-12-26
txn_6901619,tea,2,1.5,,digital wallet,in-store,2023-10-16
txn_6699343,juice,error,3.0,9.0,,takeaway,2023-10-31
txn_4461853,cake,5,3.0,15.0,credit card,in-store,
txn_2184573,tea,4,1.5,6.0,,takeaway,2023-04-26
txn_4779439,,4,3.0,12.0,,in-store,2023-08-23
txn_1789504,,1,5.0,5.0,credit card,,2023-06-12
txn_6337189,cake,1,3.0,3.0,,,2023-04-11
txn_6071905,cake,1,3.0,3.0,,in-store,2023-11-06
txn_7847913,smoothie,3,4.0,,digital wallet,in-store,2023-05-17
txn_1792405,tea,3,1.5,4.5,digital wallet,takeaway,2023-07-06
txn_6101067,smoothie,1,4.0,4.0,credit card,takeaway,2023-09-05
txn_2260070,salad,1,5.0,5.0,cash,,2023-10-06
txn_5641209,salad,,5.0,15.0,,takeaway,2023-12-03
txn_3994585,cake,3,3.0,9.0,digital wallet,in-store,2023-07-24
txn_5202752,smoothie,5,4.0,20.0,credit card,takeaway,2023-05-08
txn_8714850,juice,5,3.0,15.0,cash,in-store,2023-04-30
txn_3504925,smoothie,5,4.0,,cash,,2023-09-21
txn_4919285,coffee,4,2.0,8.0,cash,takeaway,2023-10-15
txn_4876398,salad,2,5.0,10.0,cash,,2023-04-21
txn_5456362,smoothie,4,4.0,16.0,credit card,,2023-07-06
txn_4377249,coffee,3,2.0,6.0,digital wallet,,2023-07-26
txn_6566716,coffee,error,2.0,2.0,credit card,,2023-01-01
txn_1571824,cookie,4,1.0,4.0,cash,takeaway,2023-10-16
txn_3920273,smoothie,4,4.0,16.0,digital wallet,in-store,2023-09-05
txn_8222593,sandwich,4,4.0,16.0,credit card,,2023-05-11
txn_5054719,sandwich,2,4.0,8.0,credit card,unknown,2023-04-17
txn_2242015,tea,2,1.5,3.0,cash,error,2023-08-26
txn_5208377,unknown,2,1.5,3.0,,takeaway,2023-03-06
txn_1322520,error,5,5.0,25.0,cash,,2023-07-12
txn_7268387,juice,3,3.0,9.0,credit card,takeaway,2023-04-09
txn_6268823,smoothie,2,4.0,8.0,digital wallet,takeaway,2023-04-18
txn_5578828,cookie,4,1.0,4.0,cash,in-store,2023-05-12
txn_5727550,coffee,3,2.0,6.0,digital wallet,,2023-10-11
txn_9597063,coffee,2,2.0,4.0,digital wallet,in-store,2023-07-20
txn_6867132,cake,2,3.0,6.0,cash,in-store,2023-02-01
txn_1971865,cake,1,3.0,3.0,digital wallet,takeaway,2023-04-11
txn_6067546,tea,5,,7.5,digital wallet,takeaway,2023-08-25
txn_3699636,unknown,3,5.0,15.0,digital wallet,error,2023-01-12
txn_6724588,juice,2,3.0,6.0,digital wallet,in-store,2023-10-16
txn_2929426,salad,5,5.0,25.0,cash,takeaway,2023-01-29
txn_9669749,salad,4,5.0,20.0,credit card,,2023-03-26
txn_9105374,juice,4,3.0,12.0,digital wallet,in-store,2023-01-25
txn_6553641,salad,1,5.0,5.0,cash,in-store,
txn_3346749,tea,2,1.5,3.0,,,2023-05-06
txn_5594043,cake,4,3.0,12.0,cash,,2023-06-22
txn_1170807,smoothie,5,4.0,20.0,,in-store,2023-09-15
txn_2882571,cake,1,3.0,3.0,credit card,in-store,2023-05-24
txn_6640488,tea,3,1.5,4.5,credit card,takeaway,2023-04-01
txn_7621512,salad,4,5.0,20.0,digital wallet,in-store,2023-07-24
txn_9529846,smoothie,5,4.0,20.0,,,2023-09-23
txn_3338458,cake,5,3.0,15.0,cash,,2023-10-27
txn_3104867,juice,3,3.0,9.0,digital wallet,,2023-03-28
txn_9286019,smoothie,4,4.0,,cash,takeaway,2023-05-28
txn_1923263,sandwich,4,4.0,16.0,digital wallet,in-store,2023-03-12
txn_3172621,sandwich,4,4.0,16.0,,takeaway,2023-10-15
txn_5830991,cookie,4,1.0,4.0,error,takeaway,2023-11-07
txn_8719561,error,3,3.0,9.0,error,error,2023-09-13
txn_7396497,error,5,4.0,20.0,credit card,in-store,2023-02-10
txn_7629728,coffee,4,2.0,8.0,digital wallet,in-store,2023-12-15
txn_2831842,cake,2,3.0,6.0,,error,2023-05-20
txn_8903958,juice,2,3.0,6.0,digital wallet,takeaway,2023-11-12
txn_8951525,juice,3,3.0,9.0,,,2023-06-08
txn_7511261,juice,3,3.0,9.0,error,,2023-03-26
txn_3896128,cake,1,3.0,,,in-store,2023-01-04
txn_6554101,smoothie,3,4.0,12.0,,,2023-02-15
txn_3500571,juice,3,3.0,9.0,,takeaway,2023-05-03
txn_6761273,juice,5,3.0,,digital wallet,unknown,2023-10-13
txn_6076602,tea,4,1.5,6.0,credit card,in-store,2023-02-07
txn_9196658,cookie,1,,1.0,,takeaway,2023-06-12
txn_7330330,cookie,2,1.0,2.0,,in-store,2023-10-16
txn_8953489,juice,5,3.0,15.0,,in-store,
txn_2340643,salad,5,5.0,25.0,cash,in-store,2023-01-05
txn_4397349,sandwich,2,4.0,8.0,unknown,,2023-06-08
txn_1072984,tea,4,1.5,6.0,digital wallet,,2023-01-11
txn_3238759,sandwich,5,4.0,20.0,digital wallet,in-store,2023-07-20
txn_9802771,smoothie,2,4.0,8.0,error,,2023-02-11
txn_3858607,salad,5,5.0,25.0,digital wallet,,2023-12-02
txn_3585602,juice,2,3.0,6.0,cash,in-store,2023-04-17
txn_8096618,coffee,4,2.0,,digital wallet,in-store,2023-02-20
txn_8363711,smoothie,2,4.0,8.0,,in-store,2023-05-21
txn_2639283,juice,5,3.0,15.0,digital wallet,takeaway,2023-08-13
txn_1505837,sandwich,3,4.0,12.0,credit card,in-store,2023-12-15
txn_2566299,juice,2,3.0,6.0,cash,,2023-08-20
txn_7292790,cookie,4,1.0,4.0,cash,in-store,2023-06-13
txn_7631496,cookie,3,1.0,3.0,digital wallet,in-store,2023-11-05
txn_6251282,juice,4,3.0,12.0,cash,,2023-11-15
txn_6266750,sandwich,1,4.0,4.0,cash,,2023-04-21
txn_6770844,juice,1,3.0,3.0,digital wallet,in-store,2023-05-08
txn_4152460,sandwich,,4.0,12.0,cash,takeaway,2023-05-01
txn_4699911,coffee,2,2.0,4.0,digital wallet,takeaway,2023-07-21
txn_3472433,coffee,4,2.0,8.0,credit card,takeaway,2023-10-29
txn_7179827,juice,4,3.0,12.0,credit card,in-store,2023-06-28
txn_7568112,salad,error,5.0,25.0,cash,,2023-06-29
txn_9800351,tea,3,1.5,4.5,cash,error,2023-06-16
txn_4216821,tea,2,1.5,3.0,,,2023-07-02
txn_6378070,error,3,4.0,12.0,digital wallet,,2023-09-26
txn_2889185,unknown,2,4.0,8.0,error,,2023-10-21
txn_5188872,cake,3,3.0,9.0,,in-store,2023-07-21
txn_9927220,juice,5,3.0,15.0,cash,,2023-09-14
txn_5118799,cookie,2,,,cash,takeaway,2023-04-23
txn_2110490,error,1,5.0,5.0,cash,in-store,2023-08-29
txn_7187578,salad,5,5.0,25.0,,in-store,2023-11-20
txn_4914203,,1,2.0,2.0,credit card,,2023-12-02
txn_6046363,smoothie,5,4.0,20.0,digital wallet,takeaway,2023-03-20
txn_2920578,smoothie,4,4.0,16.0,cash,,2023-09-06
txn_7117210,juice,4,3.0,12.0,digital wallet,in-store,2023-09-25
txn_5823330,salad,3,5.0,15.0,digital wallet,in-store,2023-10-19
txn_8155540,salad,5,5.0,25.0,credit card,takeaway,2023-03-19
txn_2418609,sandwich,2,4.0,8.0,digital wallet,in-store,2023-09-06
txn_8570149,tea,1,1.5,1.5,credit card,,2023-06-03
txn_4382802,sandwich,1,4.0,4.0,digital wallet,takeaway,2023-07-17
txn_9970964,smoothie,2,4.0,8.0,credit card,takeaway,2023-07-07
txn_5946779,sandwich,1,4.0,4.0,cash,in-store,2023-05-25
txn_2253622,sandwich,5,,,digital wallet,takeaway,2023-09-30
txn_8982328,juice,1,3.0,3.0,credit card,in-store,2023-10-20
txn_9969706,cake,5,3.0,15.0,,in-store,2023-03-17
txn_1915046,sandwich,5,4.0,20.0,,,2023-04-12
txn_4624019,cookie,1,1.0,1.0,cash,unknown,2023-02-12
txn_1773856,cake,2,3.0,6.0,,error,2023-08-11
txn_6667083,cake,1,3.0,3.0,cash,,2023-03-19
txn_8639879,error,2,5.0,10.0,,takeaway,2023-03-09
txn_5144090,coffee,5,2.0,10.0,digital wallet,unknown,2023-05-15
txn_1322421,juice,4,3.0,12.0,credit card,takeaway,2023-03-05
txn_4474441,coffee,4,2.0,8.0,credit card,,2023-08-23
txn_6598343,juice,4,3.0,12.0,,,2023-07-10
txn_1297663,smoothie,5,,20.0,credit card,,2023-09-12
txn_4972634,sandwich,5,4.0,20.0,credit card,in-store,2023-07-22
txn_7362776,cookie,,1.0,5.0,,in-store,2023-01-26
txn_8159772,cake,1,3.0,3.0,credit card,in-store,2023-10-02
txn_7137800,tea,1,1.5,1.5,error,takeaway,2023-02-22
txn_4360970,tea,3,1.5,4.5,digital wallet,takeaway,2023-06-28
txn_6529863,salad,3,5.0,15.0,,takeaway,2023-08-16
txn_3886583,tea,3,1.5,4.5,digital wallet,in-store,2023-05-03
txn_9315004,sandwich,5,,20.0,digital wallet,in-store,2023-12-21
txn_1624458,tea,error,1.5,6.0,digital wallet,,
txn_4039864,cake,2,3.0,6.0,cash,in-store,2023-07-24
txn_8901988,error,5,1.5,,digital wallet,in-store,2023-01-21
txn_8103754,salad,5,5.0,25.0,cash,takeaway,2023-01-29
txn_6318017,tea,3,1.5,4.5,cash,in-store,2023-06-23
txn_9608271,coffee,2,2.0,4.0,,,2023-10-24
txn_4583009,salad,5,5.0,25.0,credit card,in-store,2023-01-08
txn_2536821,salad,5,5.0,25.0,,takeaway,2023-12-01
txn_5820621,cookie,5,1.0,,,in-store,2023-12-01
txn_2878994,sandwich,1,4.0,4.0,,,2023-05-19
txn_8014973,,3,5.0,15.0,,in-store,2023-08-09
txn_6492477,coffee,5,2.0,10.0,,error,2023-02-03
txn_8549600,coffee,,2.0,6.0,digital wallet,takeaway,2023-11-19
txn_4496616,salad,5,5.0,25.0,,takeaway,2023-10-07
txn_3190538,coffee,2,2.0,4.0,digital wallet,,2023-06-03
txn_8863649,cookie,1,1.0,1.0,credit card,in-store,2023-03-05
txn_8078312,cookie,1,1.0,1.0,,,2023-09-24
txn_6306644,error,2,3.0,6.0,digital wallet,,2023-06-15
txn_9836829,cookie,,1.0,5.0,,takeaway,2023-10-15
txn_8942829,salad,5,5.0,25.0,cash,,2023-03-11
txn_1604072,coffee,2,2.0,4.0,,,2023-01-01
txn_3673322,unknown,2,5.0,10.0,credit card,takeaway,2023-04-24
txn_1830432,cookie,3,1.0,3.0,digital wallet,takeaway,2023-11-02
txn_4314504,cake,1,3.0,3.0,,in-store,2023-06-01
txn_2880516,tea,1,1.5,1.5,cash,in-store,2023-03-26
txn_4649079,cookie,4,1.0,4.0,,takeaway,2023-07-26
txn_6383336,cake,2,3.0,6.0,,takeaway,2023-01-21
txn_7605163,salad,1,5.0,5.0,,takeaway,2023-08-15
txn_2294603,tea,1,1.5,1.5,credit card,takeaway,2023-09-02
txn_7097760,coffee,3,2.0,6.0,digital wallet,,2023-10-24
txn_1998357,cake,2,3.0,6.0,digital wallet,,
txn_1220061,sandwich,3,4.0,12.0,digital wallet,in-store,2023-09-03
txn_9944500,smoothie,unknown,4.0,,cash,in-store,2023-01-03
txn_1329167,tea,5,1.5,7.5,,takeaway,2023-01-14
txn_3463337,juice,5,3.0,15.0,credit card,in-store,2023-09-20
txn_8016623,tea,2,1.5,3.0,cash,takeaway,2023-05-09
txn_9525078,salad,5,5.0,25.0,error,takeaway,2023-07-23
txn_2841233,cookie,1,1.0,1.0,cash,takeaway,2023-12-01
txn_1458905,sandwich,1,4.0,4.0,digital wallet,takeaway,2023-02-19
txn_3977520,coffee,5,2.0,10.0,unknown,,2023-08-08
txn_3330279,cake,1,3.0,3.0,credit card,,2023-11-13
txn_6234882,cookie,4,1.0,4.0,credit card,error,2023-01-01
txn_9970653,unknown,5,4.0,20.0,digital wallet,takeaway,2023-12-30
txn_4185160,unknown,2,2.0,4.0,credit card,in-store,2023-05-04
txn_6093955,tea,5,1.5,,unknown,takeaway,2023-01-01
txn_2074343,,3,4.0,12.0,digital wallet,in-store,2023-05-30
txn_7994903,smoothie,4,4.0,16.0,credit card,in-store,2023-01-09
txn_3109161,sandwich,3,4.0,12.0,digital wallet,error,2023-09-11
txn_2185727,salad,4,5.0,20.0,digital wallet,in-store,2023-10-08
txn_8971366,juice,2,3.0,6.0,digital wallet,in-store,2023-08-24
txn_3669866,tea,3,1.5,4.5,digital wallet,in-store,2023-05-10
txn_9395223,cookie,4,1.0,4.0,credit card,in-store,2023-12-29
txn_7963892,salad,1,,5.0,,takeaway,2023-08-15
txn_6325639,juice,3,3.0,,unknown,in-store,2023-07-19
txn_3856510,smoothie,5,,20.0,cash,,2023-10-21
txn_4779192,cookie,5,1.0,5.0,digital wallet,,2023-11-06
txn_4163126,sandwich,3,4.0,12.0,digital wallet,takeaway,
txn_5808719,juice,1,3.0,3.0,cash,in-store,2023-10-01
txn_2817210,cake,4,3.0,12.0,,,2023-11-10
txn_1985396,sandwich,3,4.0,12.0,cash,in-store,2023-01-23
txn_7625340,,2,1.0,2.0,credit card,in-store,2023-01-20
txn_1533652,tea,3,1.5,4.5,cash,in-store,2023-08-17
txn_6345619,cake,5,3.0,15.0,digital wallet,takeaway,2023-12-09
txn_3218971,sandwich,5,4.0,20.0,credit card,error,2023-06-13
txn_8127681,smoothie,1,4.0,4.0,credit card,takeaway,2023-09-02
txn_7328604,salad,2,5.0,10.0,credit card,,2023-02-25
txn_4574757,juice,2,3.0,6.0,error,in-store,2023-08-05
txn_9505924,cake,4,3.0,12.0,,,2023-03-17
txn_9482559,cookie,1,1.0,1.0,,in-store,2023-08-04
txn_7705153,tea,1,1.5,1.5,digital wallet,in-store,2023-01-25
txn_7037557,salad,4,5.0,20.0,cash,,2023-05-02
txn_9517548,coffee,3,2.0,6.0,cash,takeaway,2023-01-25
txn_4467046,salad,4,5.0,20.0,digital wallet,takeaway,2023-09-27
txn_5074212,juice,5,3.0,15.0,unknown,,2023-05-14
txn_8167530,cake,3,3.0,9.0,cash,in-store,2023-03-08
txn_2158361,unknown,2,3.0,6.0,,,2023-07-27
txn_5492822,coffee,4,2.0,8.0,digital wallet,takeaway,2023-12-16
txn_8538125,cake,5,3.0,15.0,digital wallet,,2023-05-30
txn_1091115,sandwich,5,4.0,20.0,cash,takeaway,2023-11-04
txn_5350286,sandwich,5,4.0,20.0,credit card,,2023-02-18
txn_1534223,cake,3,3.0,9.0,credit card,,2023-01-30
txn_6403951,tea,unknown,1.5,4.5,credit card,takeaway,2023-07-13
txn_7961171,juice,3,3.0,9.0,cash,in-store,2023-01-27
txn_6312039,cake,error,3.0,15.0,,in-store,2023-09-29
txn_6177334,juice,1,3.0,3.0,credit card,in-store,2023-02-15
txn_7466297,cookie,1,1.0,1.0,digital wallet,,2023-07-13
txn_2693278,tea,3,1.5,4.5,,,2023-11-26
txn_3561149,juice,4,3.0,12.0,digital wallet,takeaway,2023-05-20
txn_2227825,sandwich,5,4.0,20.0,credit card,,2023-06-05
txn_9965686,cake,4,3.0,12.0,credit card,takeaway,2023-10-02
txn_5303413,coffee,1,2.0,2.0,digital wallet,in-store,2023-06-21
txn_5328814,tea,3,1.5,4.5,cash,,2023-10-18
txn_9658354,error,3,1.5,4.5,credit card,in-store,2023-11-12
txn_8538315,coffee,unknown,2.0,2.0,digital wallet,,2023-07-27
txn_2334962,juice,5,3.0,15.0,,,2023-01-31
txn_9321776,cake,1,3.0,3.0,,unknown,2023-04-23
txn_2574545,coffee,unknown,2.0,4.0,,in-store,
txn_7625537,juice,3,3.0,9.0,,takeaway,2023-12-09
txn_8722491,smoothie,4,4.0,16.0,cash,,2023-04-24
txn_4129569,cookie,4,,4.0,digital wallet,unknown,2023-08-27
txn_6018020,cookie,2,1.0,2.0,credit card,takeaway,2023-01-12
txn_3305132,cake,4,3.0,12.0,credit card,takeaway,2023-01-30
txn_7951885,salad,3,5.0,15.0,credit card,,2023-12-08
txn_9090875,cake,2,3.0,6.0,error,in-store,2023-04-19
txn_9175684,tea,3,1.5,4.5,,,2023-09-16
txn_1640649,cookie,4,1.0,4.0,,in-store,2023-12-05
txn_9845746,cake,1,3.0,3.0,digital wallet,in-store,2023-09-23
txn_1547704,coffee,5,2.0,10.0,cash,in-store,2023-02-14
txn_3422774,unknown,2,4.0,8.0,digital wallet,in-store,2023-07-09
txn_8477415,salad,2,5.0,10.0,credit card,unknown,2023-05-01
txn_1039367,sandwich,3,4.0,,cash,,2023-03-12
txn_5433982,salad,5,5.0,25.0,digital wallet,,2023-07-07
txn_4469550,,3,3.0,9.0,credit card,in-store,2023-05-10
txn_2838588,coffee,2,2.0,4.0,,in-store,2023-01-28
txn_6135727,juice,4,3.0,12.0,digital wallet,takeaway,2023-12-15
txn_3660227,juice,4,3.0,12.0,credit card,takeaway,2023-05-13
txn_5640232,sandwich,4,,16.0,digital wallet,unknown,2023-04-08
txn_4064310,tea,4,1.5,6.0,cash,takeaway,2023-07-24
txn_7418562,sandwich,4,4.0,,,,2023-01-15
txn_2978326,smoothie,3,4.0,12.0,cash,,2023-12-02
txn_9616828,coffee,2,2.0,4.0,digital wallet,takeaway,2023-12-20
txn_1522122,cookie,5,1.0,5.0,credit card,in-store,2023-02-14
txn_2360229,sandwich,1,4.0,4.0,digital wallet,,2023-06-18
txn_7840510,unknown,4,3.0,12.0,,takeaway,2023-08-07
txn_5285666,coffee,5,2.0,10.0,cash,,2023-03-20
txn_5029453,sandwich,2,4.0,8.0,digital wallet,in-store,2023-06-24
txn_6117421,cake,2,3.0,6.0,cash,,2023-05-04
txn_8759461,tea,2,1.5,3.0,cash,in-store,2023-01-31
txn_2962728,salad,4,5.0,20.0,credit card,,2023-12-05
txn_6527482,juice,1,3.0,3.0,unknown,takeaway,2023-08-27
txn_4256200,tea,5,1.5,7.5,,,2023-06-29
txn_6276679,cookie,3,1.0,3.0,digital wallet,takeaway,2023-11-08
txn_2507188,coffee,1,2.0,2.0,credit card,,2023-02-04
txn_9386165,sandwich,2,4.0,8.0,digital wallet,in-store,2023-06-01
txn_6064232,tea,2,1.5,3.0,credit card,takeaway,2023-04-09
txn_3604017,cake,4,3.0,12.0,digital wallet,in-store,2023-09-21
txn_3486548,tea,1,1.5,1.5,digital wallet,,2023-07-08
txn_1465584,sandwich,1,4.0,4.0,credit card,in-store,2023-04-29
txn_9285925,error,5,3.0,15.0,cash,in-store,2023-06-20
txn_7662502,cake,1,3.0,3.0,,in-store,2023-03-06
txn_3212505,sandwich,3,4.0,12.0,credit card,,2023-07-15
txn_7331903,unknown,1,5.0,5.0,,takeaway,2023-05-23
txn_2311188,cake,2,3.0,6.0,digital wallet,unknown,2023-09-07
txn_6344806,juice,3,3.0,9.0,credit card,,2023-05-08
txn_4891221,cookie,5,1.0,5.0,,takeaway,2023-12-09
txn_1316036,error,2,3.0,6.0,cash,takeaway,2023-10-27
txn_7419274,juice,2,3.0,6.0,cash,takeaway,2023-12-18
txn_2178059,sandwich,4,4.0,16.0,,in-store,2023-03-24
txn_2205071,coffee,5,2.0,10.0,credit card,in-store,2023-11-23
txn_5790078,juice,4,3.0,12.0,digital wallet,takeaway,2023-04-16
txn_4119210,tea,3,1.5,4.5,cash,in-store,2023-05-02
txn_2349072,smoothie,5,4.0,20.0,cash,takeaway,2023-09-06
txn_3670103,tea,2,1.5,3.0,,in-store,2023-04-30
txn_1933628,unknown,2,3.0,6.0,cash,in-store,2023-08-27
txn_6444911,juice,5,3.0,15.0,credit card,,2023-02-11
txn_4186842,juice,5,3.0,15.0,unknown,takeaway,2023-10-29
txn_2194305,sandwich,2,4.0,8.0,credit card,takeaway,2023-09-16
txn_2002049,coffee,5,2.0,10.0,error,,2023-03-17
txn_4837447,cake,2,3.0,6.0,digital wallet,takeaway,2023-11-06
txn_5517185,smoothie,3,4.0,12.0,digital wallet,,2023-11-05
txn_9658905,error,5,1.5,7.5,cash,takeaway,2023-05-16
txn_3373997,salad,4,5.0,20.0,,,2023-02-01
txn_1950343,cookie,2,1.0,2.0,error,,2023-07-25
txn_4477016,sandwich,4,4.0,,,in-store,2023-04-12
txn_2644403,tea,4,1.5,6.0,error,,2023-12-22
txn_7006741,sandwich,unknown,4.0,8.0,digital wallet,,2023-12-30
txn_7246698,sandwich,3,4.0,12.0,,in-store,2023-06-22
txn_8063016,cookie,1,1.0,,cash,,2023-02-27
txn_9215670,coffee,3,,6.0,cash,takeaway,2023-05-04
txn_6780463,tea,3,1.5,4.5,,,2023-10-26
txn_5975573,,1,1.0,1.0,,takeaway,2023-01-20
txn_5560669,salad,5,5.0,25.0,credit card,,2023-06-30
txn_4046095,juice,2,3.0,6.0,digital wallet,takeaway,2023-10-12
txn_6559598,juice,1,3.0,3.0,digital wallet,,2023-05-08
txn_9707159,cake,5,3.0,15.0,credit card,in-store,2023-11-10
txn_9983518,tea,2,1.5,3.0,credit card,in-store,2023-07-18
txn_1714348,sandwich,2,4.0,8.0,cash,takeaway,2023-12-31
txn_8211288,smoothie,1,4.0,4.0,cash,in-store,2023-04-23
txn_7035067,salad,2,,10.0,cash,,2023-09-29
txn_6335423,coffee,2,2.0,4.0,credit card,in-store,2023-06-18
txn_9475783,sandwich,5,4.0,20.0,credit card,takeaway,2023-02-11
txn_4108869,smoothie,5,4.0,20.0,,,2023-05-02
txn_6011341,juice,4,3.0,12.0,,in-store,2023-12-21
txn_5257531,tea,2,1.5,3.0,,unknown,2023-04-10
txn_1645743,cookie,4,1.0,4.0,digital wallet,takeaway,2023-07-02
txn_8167311,salad,1,5.0,5.0,unknown,takeaway,2023-10-09
txn_2377667,smoothie,3,4.0,12.0,digital wallet,takeaway,2023-10-27
txn_9554670,,4,3.0,12.0,credit card,in-store,2023-06-20
txn_3312574,cookie,2,1.0,2.0,unknown,,2023-11-03
txn_9208629,cake,1,3.0,3.0,,takeaway,2023-03-30
txn_6846085,cookie,4,1.0,4.0,digital wallet,,2023-02-26
txn_5430200,sandwich,unknown,4.0,12.0,credit card,takeaway,2023-11-12
txn_5135172,error,4,5.0,20.0,digital wallet,in-store,2023-12-10
txn_2282416,tea,unknown,1.5,6.0,,takeaway,2023-04-29
txn_6716151,sandwich,3,4.0,12.0,digital wallet,takeaway,2023-01-26
txn_5303258,sandwich,4,4.0,16.0,digital wallet,in-store,2023-09-28
txn_2947683,cake,3,3.0,9.0,,in-store,2023-05-14
txn_8831659,sandwich,1,4.0,4.0,credit card,,2023-01-29
txn_8980495,unknown,unknown,4.0,16.0,credit card,takeaway,2023-11-17
txn_9129298,error,1,2.0,2.0,,,2023-12-19
txn_2188342,coffee,3,2.0,6.0,cash,,2023-09-10
txn_3843943,tea,5,1.5,7.5,,takeaway,2023-07-01
txn_4989644,juice,5,,15.0,digital wallet,,2023-11-13
txn_9456357,cake,3,3.0,9.0,credit card,,2023-02-21
txn_9549021,salad,2,5.0,10.0,,,2023-11-25
txn_9263030,sandwich,5,4.0,20.0,cash,takeaway,2023-07-03
txn_9732454,smoothie,5,,20.0,,in-store,2023-07-28
txn_4129476,coffee,2,2.0,4.0,cash,,2023-10-24
txn_7060691,salad,5,5.0,25.0,credit card,,2023-10-25
txn_8048357,salad,4,5.0,20.0,,in-store,
txn_5528787,juice,2,3.0,6.0,digital wallet,,2023-10-22
txn_8952145,cake,3,3.0,9.0,credit card,takeaway,2023-01-28
txn_8062811,coffee,2,2.0,,cash,takeaway,2023-04-07
txn_9710982,unknown,4,,16.0,,,2023-03-03
txn_2020445,smoothie,2,4.0,8.0,cash,,2023-03-06
txn_7855761,cookie,1,1.0,1.0,cash,in-store,2023-01-10
txn_9455977,tea,1,1.5,1.5,digital wallet,takeaway,2023-03-10
txn_6684056,smoothie,2,4.0,,,error,2023-09-14
txn_6085326,cake,2,3.0,6.0,,,2023-08-22
txn_4528522,coffee,5,2.0,10.0,digital wallet,takeaway,2023-12-04
txn_7049861,cake,5,3.0,15.0,cash,in-store,2023-01-20
txn_7312448,tea,1,1.5,1.5,,error,2023-01-16
txn_2201857,smoothie,unknown,4.0,4.0,,takeaway,2023-02-19
txn_4982382,salad,1,5.0,5.0,cash,,2023-01-05
txn_9001844,sandwich,1,4.0,4.0,cash,takeaway,2023-08-02
txn_9104710,salad,5,5.0,25.0,cash,takeaway,2023-03-20
txn_8266662,coffee,5,2.0,10.0,credit card,,2023-04-09
txn_9178213,error,2,2.0,4.0,digital wallet,takeaway,2023-02-27
txn_7755216,salad,5,5.0,25.0,,in-store,2023-02-03
txn_2241162,juice,3,3.0,,unknown,,2023-08-09
txn_5757933,tea,1,1.5,1.5,cash,,2023-02-20
txn_8859144,cake,1,3.0,3.0,digital wallet,takeaway,2023-01-15
txn_8740257,cake,5,3.0,15.0,digital wallet,,2023-06-09
txn_4271034,smoothie,3,4.0,12.0,digital wallet,in-store,2023-02-28
txn_2741424,tea,4,1.5,6.0,credit card,in-store,2023-05-03
txn_4709135,sandwich,2,4.0,8.0,credit card,takeaway,
txn_6676143,sandwich,5,4.0,20.0,cash,in-store,2023-05-21
txn_2199647,salad,1,5.0,5.0,cash,,2023-05-05
txn_3016079,smoothie,3,4.0,12.0,digital wallet,takeaway,2023-09-24
txn_3140950,juice,5,3.0,15.0,credit card,,
txn_6881662,salad,2,5.0,10.0,digital wallet,takeaway,2023-07-10
txn_4238818,coffee,2,2.0,4.0,digital wallet,unknown,2023-04-05
txn_2146829,salad,4,5.0,20.0,cash,,2023-12-26
txn_8131537,smoothie,2,4.0,8.0,credit card,,2023-12-03
txn_9812021,tea,5,1.5,7.5,credit card,in-store,2023-02-12
txn_7947711,salad,3,5.0,15.0,digital wallet,takeaway,2023-12-06
txn_6774688,salad,1,5.0,5.0,credit card,unknown,2023-01-18
txn_3949676,juice,4,3.0,12.0,credit card,in-store,2023-12-21
txn_4283693,salad,2,5.0,10.0,cash,in-store,2023-01-05
txn_2274945,sandwich,4,4.0,16.0,cash,in-store,2023-03-29
txn_5757196,juice,5,3.0,,,in-store,
txn_6787259,sandwich,2,4.0,8.0,credit card,in-store,2023-08-18
txn_7062893,smoothie,2,4.0,,digital wallet,in-store,2023-10-15
txn_7482834,sandwich,unknown,4.0,20.0,,in-store,2023-05-16
txn_8533584,cookie,2,1.0,2.0,cash,takeaway,2023-03-11
txn_4311369,smoothie,2,4.0,8.0,digital wallet,takeaway,2023-08-18
txn_7123353,cookie,4,1.0,4.0,error,in-store,2023-02-08
txn_8230414,sandwich,4,4.0,16.0,cash,,2023-11-20
txn_3738314,sandwich,4,4.0,16.0,,error,2023-08-06
txn_3200434,cake,4,3.0,12.0,,error,2023-02-18
txn_7485706,cookie,5,1.0,5.0,credit card,takeaway,2023-11-15
txn_9908225,smoothie,5,4.0,20.0,credit card,in-store,2023-01-04
txn_7163533,smoothie,4,4.0,16.0,credit card,takeaway,2023-08-17
txn_6867995,cookie,3,1.0,3.0,digital wallet,in-store,2023-10-15
txn_9563685,salad,1,5.0,5.0,credit card,,2023-07-28
txn_3345675,cookie,4,1.0,4.0,unknown,,2023-09-23
txn_9890734,smoothie,4,4.0,16.0,,takeaway,2023-04-17
txn_7697294,smoothie,3,4.0,12.0,unknown,,2023-01-17
txn_5256055,salad,5,5.0,25.0,credit card,takeaway,2023-02-07
txn_3399674,smoothie,5,,20.0,digital wallet,error,2023-12-09
txn_6067979,sandwich,1,4.0,4.0,credit card,in-store,2023-07-29
txn_4340811,cake,5,3.0,15.0,error,in-store,2023-04-15
txn_6515226,juice,1,3.0,3.0,digital wallet,,2023-01-05
txn_6069730,juice,1,3.0,3.0,cash,in-store,2023-02-05
txn_2396191,juice,4,3.0,12.0,credit card,,2023-05-12
txn_5223162,juice,3,3.0,9.0,digital wallet,,2023-10-29
txn_4224401,salad,3,5.0,15.0,digital wallet,in-store,2023-12-18
txn_9298882,sandwich,3,4.0,12.0,,,2023-01-13
txn_1048616,tea,1,1.5,,cash,,2023-10-10
txn_5896141,smoothie,5,4.0,20.0,,in-store,2023-03-08
txn_8549341,cake,5,3.0,15.0,cash,takeaway,
txn_6929664,coffee,1,2.0,2.0,,takeaway,2023-03-05
txn_1570632,sandwich,5,4.0,,digital wallet,,2023-02-28
txn_4650811,tea,5,1.5,7.5,cash,,2023-09-26
txn_9858152,smoothie,2,4.0,8.0,digital wallet,in-store,2023-01-28
txn_2666773,juice,3,3.0,9.0,credit card,,2023-06-29
txn_1387062,,5,4.0,20.0,credit card,,2023-08-22
txn_4060332,smoothie,3,4.0,12.0,credit card,takeaway,2023-07-10
txn_2780349,coffee,5,2.0,10.0,cash,,2023-11-12
txn_5923474,cake,4,3.0,12.0,,in-store,
txn_2905218,smoothie,5,4.0,20.0,cash,in-store,2023-09-03
txn_2041190,juice,1,3.0,3.0,digital wallet,,2023-11-04
txn_8269366,sandwich,1,4.0,4.0,,,2023-10-31
txn_8277583,cookie,5,1.0,5.0,digital wallet,takeaway,2023-08-15
txn_3785049,sandwich,4,4.0,16.0,,,2023-11-26
txn_8819928,coffee,5,2.0,10.0,,,2023-06-03
txn_2078317,tea,1,1.5,1.5,cash,in-store,2023-09-21
txn_8657361,unknown,4,2.0,8.0,,takeaway,2023-01-24
txn_4442954,coffee,2,2.0,4.0,cash,,2023-12-15
txn_8076449,juice,3,3.0,9.0,,takeaway,
txn_1560873,cookie,2,1.0,2.0,unknown,takeaway,2023-07-19
txn_7057481,smoothie,3,4.0,12.0,cash,in-store,2023-07-11
txn_6869767,smoothie,2,4.0,,digital wallet,takeaway,2023-06-06
txn_3705445,cookie,5,,,cash,in-store,2023-09-13
txn_9714665,salad,1,5.0,5.0,,takeaway,2023-11-11
txn_4155770,salad,5,5.0,25.0,,in-store,2023-09-20
txn_1828494,juice,2,3.0,6.0,digital wallet,takeaway,2023-07-21
txn_5992635,coffee,4,2.0,8.0,digital wallet,takeaway,
txn_6011304,cake,4,3.0,,cash,,2023-11-20
txn_6223157,salad,1,5.0,5.0,error,takeaway,2023-09-13
txn_8526084,cake,5,3.0,15.0,,takeaway,2023-03-05
txn_3509609,smoothie,3,4.0,12.0,digital wallet,takeaway,2023-12-25
txn_4276442,cake,4,3.0,12.0,credit card,in-store,2023-01-25
txn_4532475,coffee,error,2.0,2.0,digital wallet,,2023-04-23
txn_7956243,cake,4,3.0,12.0,cash,takeaway,2023-05-23
txn_4798335,sandwich,5,4.0,20.0,,takeaway,2023-02-16
txn_9336674,salad,4,5.0,20.0,,,2023-01-18
txn_5257169,juice,4,3.0,12.0,credit card,,2023-01-12
txn_5929633,cake,3,3.0,9.0,,in-store,2023-02-27
txn_9323014,cookie,3,1.0,3.0,,in-store,2023-08-15
txn_5764902,tea,error,1.5,7.5,unknown,takeaway,2023-03-22
txn_1473693,smoothie,4,4.0,16.0,,takeaway,2023-05-14
txn_3827851,coffee,1,2.0,2.0,,,2023-01-09
txn_9087746,coffee,4,2.0,,digital wallet,,2023-04-03
txn_3709853,smoothie,2,4.0,8.0,credit card,takeaway,2023-08-21
txn_9665245,error,1,1.0,1.0,unknown,takeaway,2023-10-17
txn_9486849,cake,error,3.0,3.0,cash,takeaway,2023-03-17
txn_7581536,smoothie,2,,8.0,cash,,2023-12-29
txn_1408709,smoothie,5,4.0,20.0,cash,takeaway,2023-04-14
txn_6494850,coffee,,2.0,4.0,cash,,2023-07-08
txn_4003040,cookie,4,1.0,4.0,credit card,in-store,2023-09-12
txn_1021087,sandwich,1,4.0,4.0,,error,2023-11-01
txn_1082717,error,unknown,,9.0,digital wallet,in-store,2023-12-13
txn_2530326,sandwich,5,4.0,20.0,,in-store,2023-05-06
txn_1309653,salad,2,5.0,10.0,cash,in-store,
txn_9781679,sandwich,2,4.0,8.0,credit card,takeaway,2023-09-08
txn_8208915,juice,unknown,3.0,6.0,cash,,2023-05-09
txn_5499117,salad,4,5.0,20.0,digital wallet,unknown,2023-07-16
txn_8566499,salad,,5.0,25.0,digital wallet,in-store,2023-12-27
txn_8510450,,4,3.0,12.0,unknown,,2023-01-04
txn_9370771,juice,5,3.0,15.0,cash,in-store,2023-08-21
txn_5914284,coffee,2,2.0,4.0,credit card,takeaway,2023-06-25
txn_9590819,coffee,3,2.0,6.0,,in-store,2023-11-21
txn_9878649,smoothie,5,4.0,20.0,cash,takeaway,2023-09-18
txn_5909816,juice,5,3.0,15.0,cash,takeaway,2023-09-19
txn_9461980,salad,1,5.0,5.0,credit card,in-store,2023-04-14
txn_8090470,sandwich,4,4.0,16.0,digital wallet,takeaway,2023-11-18
txn_9041473,smoothie,2,4.0,8.0,digital wallet,,
txn_6052534,salad,4,5.0,20.0,cash,,2023-02-19
txn_1392546,cake,error,3.0,6.0,digital wallet,in-store,2023-12-06
txn_8128146,unknown,2,3.0,6.0,cash,in-store,2023-05-16
txn_2119325,cake,5,3.0,15.0,,in-store,2023-11-13
txn_9067752,smoothie,2,4.0,8.0,digital wallet,takeaway,2023-04-24
txn_8211133,tea,2,1.5,3.0,,takeaway,2023-08-31
txn_2331025,cookie,2,1.0,2.0,cash,,2023-04-28
txn_3543133,tea,2,1.5,3.0,,,2023-04-08
txn_2640771,cookie,2,1.0,2.0,digital wallet,takeaway,2023-01-27
txn_1103883,cookie,5,1.0,5.0,credit card,unknown,2023-08-09
txn_8593064,smoothie,4,4.0,16.0,cash,takeaway,2023-03-12
txn_1803599,unknown,1,4.0,4.0,digital wallet,takeaway,2023-08-30
txn_2873573,coffee,3,2.0,6.0,,in-store,2023-01-11
txn_9223045,tea,5,,7.5,credit card,in-store,2023-10-29
txn_9502424,,4,3.0,12.0,cash,error,2023-09-06
txn_8659330,tea,4,1.5,6.0,credit card,takeaway,2023-08-20
txn_5615754,smoothie,5,,20.0,digital wallet,takeaway,2023-04-16
txn_2898571,smoothie,3,4.0,12.0,,,2023-05-10
txn_1584851,smoothie,1,4.0,4.0,credit card,,2023-04-10
txn_9430262,coffee,5,2.0,10.0,,,2023-03-16
txn_9042309,coffee,2,2.0,4.0,cash,,2023-12-03
txn_4816652,sandwich,1,4.0,4.0,unknown,unknown,2023-07-17
txn_8127929,unknown,5,1.0,5.0,credit card,takeaway,2023-10-08
txn_8567172,coffee,3,2.0,,,in-store,2023-02-05
txn_2317867,tea,5,1.5,7.5,cash,in-store,2023-01-23
txn_4416436,coffee,3,2.0,6.0,digital wallet,,2023-05-17
txn_7467621,salad,4,5.0,20.0,credit card,takeaway,2023-01-28
txn_5005999,salad,4,5.0,20.0,cash,,2023-01-09
txn_8664295,smoothie,2,4.0,8.0,credit card,,2023-02-23
txn_4831311,unknown,2,2.0,4.0,cash,takeaway,2023-07-15
txn_2528186,unknown,2,2.0,4.0,cash,,2023-06-17
txn_4971093,smoothie,4,4.0,16.0,unknown,takeaway,2023-03-27
txn_3602272,smoothie,3,4.0,12.0,digital wallet,takeaway,2023-02-15
txn_4913329,coffee,5,2.0,10.0,credit card,takeaway,2023-10-30
txn_8830809,sandwich,5,4.0,20.0,digital wallet,in-store,2023-07-31
txn_7223387,juice,3,3.0,9.0,cash,,2023-12-17
txn_1629092,cookie,3,1.0,3.0,credit card,,2023-02-13
txn_4363360,smoothie,1,4.0,,credit card,,2023-12-22
txn_9689507,salad,3,5.0,,cash,in-store,2023-06-10
txn_3317406,sandwich,3,4.0,12.0,unknown,takeaway,2023-01-04
txn_9662632,salad,4,5.0,20.0,digital wallet,in-store,2023-08-10
txn_1364211,salad,2,5.0,10.0,error,in-store,2023-03-08
txn_1102876,cookie,1,1.0,1.0,cash,,
txn_2673294,coffee,3,2.0,,cash,,2023-11-11
txn_2112848,cookie,4,1.0,4.0,credit card,in-store,2023-10-16
txn_1801691,salad,1,5.0,5.0,,takeaway,2023-05-18
txn_6424195,coffee,3,2.0,6.0,,takeaway,2023-09-14
txn_7854162,cake,5,3.0,15.0,digital wallet,,
txn_6923480,coffee,3,2.0,6.0,cash,takeaway,2023-10-27
txn_7416669,tea,3,1.5,4.5,,,2023-09-28
txn_3693990,cookie,2,1.0,2.0,,in-store,2023-07-19
txn_8652632,tea,1,1.5,,digital wallet,,2023-01-12
txn_4141765,cake,5,3.0,15.0,,,2023-12-17
txn_8180793,cookie,4,1.0,4.0,digital wallet,,2023-11-17
txn_8875195,sandwich,5,4.0,20.0,credit card,in-store,2023-08-21
txn_9928552,sandwich,5,4.0,20.0,credit card,takeaway,2023-06-13
txn_3456748,juice,2,3.0,6.0,cash,in-store,2023-01-30
txn_5680687,salad,4,5.0,,credit card,,2023-11-22
txn_9349736,sandwich,5,4.0,20.0,cash,,2023-03-18
txn_7558010,juice,4,3.0,12.0,,,2023-03-27
txn_8172897,cookie,3,1.0,3.0,,takeaway,2023-03-14
txn_8540794,cake,4,3.0,12.0,cash,,2023-04-06
txn_5966744,tea,3,1.5,4.5,,in-store,2023-12-13
txn_3132921,tea,unknown,1.5,7.5,credit card,in-store,2023-01-10
txn_7029719,,2,5.0,10.0,digital wallet,,2023-06-18
txn_3912440,tea,2,1.5,3.0,,in-store,2023-05-21
txn_4276702,unknown,1,1.0,1.0,credit card,in-store,2023-11-17
txn_7657615,juice,3,3.0,,credit card,,2023-07-17
txn_4020074,cookie,3,1.0,3.0,,,2023-03-01
txn_8942747,cookie,5,1.0,5.0,,takeaway,2023-12-14
txn_3902815,juice,5,3.0,15.0,,,2023-06-28
txn_8235042,unknown,1,4.0,4.0,credit card,,
txn_6218380,cookie,4,1.0,4.0,cash,in-store,2023-02-07
txn_6905143,coffee,5,,,cash,error,2023-08-09
txn_3839691,coffee,4,2.0,8.0,credit card,in-store,2023-02-13
txn_4866254,salad,4,5.0,20.0,cash,unknown,2023-03-18
txn_8935781,coffee,2,2.0,4.0,,,2023-09-10
txn_2559020,cake,1,3.0,3.0,digital wallet,takeaway,2023-07-20
txn_8607376,coffee,5,2.0,10.0,cash,in-store,2023-06-13
txn_5858713,cookie,2,1.0,2.0,credit card,in-store,2023-03-05
txn_7064604,coffee,,2.0,6.0,digital wallet,,2023-03-26
txn_3312690,cookie,3,1.0,3.0,credit card,in-store,2023-03-01
txn_1547555,smoothie,3,4.0,,,takeaway,
txn_8687088,cookie,2,1.0,2.0,credit card,in-store,2023-05-11
txn_3440487,unknown,5,2.0,10.0,cash,unknown,2023-10-22
txn_9618881,coffee,5,2.0,10.0,,,2023-02-15
txn_5139074,cake,1,3.0,3.0,digital wallet,takeaway,2023-11-16
txn_2799785,juice,1,3.0,3.0,cash,,2023-01-25
txn_4466681,,error,2.0,4.0,cash,takeaway,2023-01-12
txn_9292025,,2,5.0,10.0,digital wallet,in-store,2023-03-25
txn_8155535,cake,1,3.0,3.0,,takeaway,2023-03-13
txn_5301926,cake,1,3.0,3.0,digital wallet,takeaway,2023-11-13
txn_3307518,juice,5,3.0,,cash,takeaway,
txn_2379467,coffee,5,2.0,10.0,,,2023-04-01
txn_1837617,juice,3,3.0,9.0,,,2023-01-16
txn_3454881,salad,1,5.0,5.0,cash,in-store,2023-11-29
txn_4472969,juice,1,3.0,3.0,credit card,,2023-09-15
txn_1905459,smoothie,3,4.0,12.0,digital wallet,,2023-08-18
txn_8799945,coffee,2,,4.0,cash,,2023-11-24
txn_4361614,smoothie,2,4.0,8.0,,takeaway,2023-04-28
txn_1665056,salad,5,5.0,25.0,cash,,2023-01-05
txn_2904046,smoothie,1,4.0,4.0,credit card,in-store,2023-12-11
txn_9743274,tea,5,1.5,7.5,,error,2023-01-25
txn_5518232,salad,3,5.0,15.0,,takeaway,2023-05-01
txn_3770267,cake,2,3.0,6.0,,unknown,2023-10-21
txn_7177709,juice,5,,15.0,,takeaway,2023-03-08
txn_6246494,coffee,3,,6.0,,in-store,2023-03-31
txn_6540200,tea,2,1.5,3.0,digital wallet,in-store,2023-10-23
txn_7486118,sandwich,4,4.0,16.0,,takeaway,2023-05-22
txn_5424614,cake,1,3.0,3.0,,in-store,2023-11-12
txn_6271598,juice,5,3.0,15.0,cash,,2023-08-18
txn_7562313,cake,2,3.0,6.0,,error,2023-12-15
txn_9188774,tea,1,1.5,1.5,digital wallet,takeaway,2023-04-14
txn_9685716,cookie,2,1.0,2.0,digital wallet,,2023-02-26
txn_7493800,cake,5,3.0,15.0,credit card,takeaway,2023-08-16
txn_6833564,smoothie,5,4.0,20.0,,,2023-04-21
txn_9411395,coffee,5,2.0,10.0,,,2023-05-12
txn_8413251,sandwich,3,4.0,12.0,cash,takeaway,2023-08-18
txn_6990331,juice,1,3.0,3.0,digital wallet,,2023-07-30
txn_6007721,unknown,4,4.0,16.0,cash,in-store,2023-08-21
txn_2107161,cookie,4,1.0,4.0,credit card,,
txn_2715086,juice,2,3.0,6.0,cash,,2023-11-03
txn_1444932,smoothie,1,4.0,4.0,cash,in-store,2023-05-24
txn_2747156,cookie,1,1.0,1.0,,in-store,2023-01-29
txn_6901094,salad,1,5.0,5.0,cash,in-store,
txn_5065748,cake,5,3.0,15.0,credit card,in-store,2023-07-19
txn_8014645,cake,2,3.0,6.0,cash,takeaway,2023-07-06
txn_2910247,smoothie,4,4.0,16.0,digital wallet,,2023-12-02
txn_2111973,tea,4,1.5,6.0,digital wallet,in-store,
txn_3251591,sandwich,unknown,4.0,12.0,unknown,takeaway,2023-01-26
txn_4549977,cookie,1,1.0,1.0,cash,,2023-08-21
txn_1736294,coffee,3,2.0,6.0,digital wallet,,2023-09-06
txn_1698600,salad,4,5.0,20.0,cash,takeaway,2023-07-31
txn_3463568,salad,2,5.0,10.0,digital wallet,in-store,2023-04-12
txn_6773319,tea,4,1.5,,,takeaway,2023-05-03
txn_5504920,cake,5,,15.0,cash,takeaway,2023-09-30
txn_8392086,smoothie,4,4.0,16.0,,,2023-07-12
txn_9968926,juice,2,3.0,6.0,digital wallet,takeaway,2023-03-15
txn_4719069,juice,2,3.0,6.0,digital wallet,,2023-01-04
txn_3809941,cookie,4,1.0,4.0,credit card,,2023-11-01
txn_1935119,coffee,4,2.0,8.0,credit card,takeaway,2023-07-15
txn_8246369,juice,1,3.0,,credit card,,2023-10-16
txn_2009782,salad,5,5.0,25.0,credit card,error,2023-05-11
txn_4635230,sandwich,3,4.0,12.0,,in-store,2023-06-10
txn_9583176,cookie,5,1.0,5.0,,in-store,2023-05-03
txn_6784478,cookie,2,1.0,2.0,credit card,takeaway,2023-12-21
txn_9349471,coffee,3,2.0,6.0,digital wallet,,
txn_3866162,cake,5,3.0,15.0,cash,takeaway,2023-06-08
txn_7612056,cookie,5,1.0,5.0,credit card,,2023-03-08
txn_5349355,,2,5.0,10.0,digital wallet,in-store,2023-05-10
txn_9259900,salad,4,5.0,20.0,digital wallet,,2023-08-07
txn_4650834,salad,3,5.0,15.0,digital wallet,takeaway,2023-07-14
txn_6576987,salad,3,,15.0,credit card,takeaway,2023-03-12
txn_1192970,coffee,2,2.0,4.0,digital wallet,takeaway,2023-06-17
txn_7645464,tea,5,1.5,7.5,cash,takeaway,2023-08-17
txn_4205860,salad,5,5.0,25.0,,,2023-09-10
txn_9495855,juice,2,3.0,6.0,cash,in-store,2023-04-18
txn_5712248,sandwich,5,4.0,20.0,,takeaway,2023-03-02
txn_4582966,juice,2,3.0,6.0,,,2023-10-28
txn_4203885,tea,3,1.5,4.5,cash,,2023-05-11
txn_1887083,juice,1,3.0,3.0,digital wallet,,2023-05-05
txn_5602640,smoothie,5,4.0,20.0,,takeaway,2023-04-01
txn_8285410,coffee,4,2.0,8.0,credit card,,2023-09-10
txn_5654663,juice,error,3.0,3.0,error,takeaway,2023-07-31
txn_6687699,salad,4,5.0,20.0,cash,in-store,2023-09-11
txn_4331281,cake,error,3.0,9.0,digital wallet,takeaway,2023-02-03
txn_2390146,coffee,3,2.0,6.0,,,2023-06-24
txn_9478033,cake,2,3.0,6.0,,in-store,2023-04-08
txn_8546777,cake,4,3.0,12.0,,in-store,2023-03-16
txn_6433362,cookie,2,1.0,2.0,cash,in-store,2023-12-07
txn_4991594,smoothie,2,4.0,8.0,credit card,in-store,2023-12-08
txn_9016451,cookie,3,1.0,3.0,,,2023-10-16
txn_3516296,sandwich,3,4.0,12.0,,in-store,2023-05-29
txn_9464961,sandwich,4,4.0,,cash,in-store,2023-11-23
txn_7445257,coffee,1,2.0,2.0,,,2023-04-02
txn_4463677,salad,5,5.0,25.0,digital wallet,in-store,2023-02-27
txn_4886990,salad,3,5.0,15.0,,takeaway,2023-12-17
txn_4962147,cake,2,3.0,6.0,,,2023-02-07
txn_5575420,smoothie,3,4.0,12.0,error,in-store,2023-06-26
txn_1687822,salad,4,5.0,20.0,credit card,takeaway,
txn_3628566,coffee,5,2.0,10.0,,,2023-08-17
txn_5297746,coffee,3,2.0,6.0,credit card,in-store,2023-07-11
txn_5230719,cake,5,3.0,15.0,credit card,,2023-03-23
txn_9244886,coffee,1,2.0,2.0,,takeaway,2023-02-09
txn_8145813,juice,4,3.0,12.0,digital wallet,in-store,2023-02-10
txn_4179797,tea,2,1.5,3.0,,,2023-11-06
txn_7485379,juice,1,3.0,3.0,credit card,,2023-03-27
txn_3171150,error,1,3.0,3.0,digital wallet,,2023-02-06
txn_7988991,tea,4,1.5,6.0,digital wallet,in-store,
txn_3801485,coffee,5,2.0,10.0,credit card,in-store,2023-11-10
txn_2312908,coffee,3,2.0,6.0,cash,in-store,2023-02-07
txn_6826342,,2,3.0,6.0,credit card,,2023-03-30
txn_3620213,coffee,2,2.0,4.0,credit card,in-store,2023-09-09
txn_4030181,smoothie,5,4.0,20.0,credit card,error,2023-09-20
txn_1664563,smoothie,3,4.0,12.0,cash,,2023-04-28
txn_2002730,smoothie,2,4.0,8.0,unknown,takeaway,2023-09-27
txn_9662827,tea,1,1.5,1.5,error,unknown,2023-09-30
txn_9579691,cookie,5,1.0,5.0,credit card,in-store,2023-01-16
txn_4131020,sandwich,2,4.0,8.0,credit card,,2023-06-15
txn_3462602,cake,3,3.0,9.0,credit card,in-store,2023-08-27
txn_1149624,cake,3,3.0,,,,2023-09-14
txn_2628157,coffee,unknown,2.0,8.0,digital wallet,,2023-10-26
txn_9152120,sandwich,4,4.0,16.0,cash,takeaway,2023-03-28
txn_9018195,cake,5,3.0,15.0,cash,,2023-10-07
txn_7799711,smoothie,5,,20.0,digital wallet,takeaway,2023-12-03
txn_6697374,smoothie,2,4.0,8.0,,,2023-07-31
txn_9014681,unknown,,4.0,12.0,unknown,in-store,2023-01-03
txn_4366417,sandwich,3,4.0,12.0,,takeaway,2023-10-10
txn_3930313,cookie,3,1.0,3.0,credit card,takeaway,
txn_7511351,tea,4,1.5,6.0,cash,takeaway,2023-10-07
txn_5205595,juice,1,3.0,3.0,error,in-store,2023-03-01
txn_8276063,coffee,1,2.0,2.0,credit card,,2023-01-06
txn_1020478,coffee,1,2.0,2.0,digital wallet,takeaway,2023-03-09
txn_5176767,smoothie,4,4.0,16.0,,takeaway,2023-05-03
txn_6043396,sandwich,3,4.0,12.0,,in-store,2023-10-07
txn_4975029,smoothie,4,4.0,16.0,cash,in-store,2023-04-23
txn_9493077,cake,4,3.0,12.0,credit card,,2023-01-10
txn_3493771,cake,2,3.0,6.0,,,2023-02-13
txn_8640673,juice,2,3.0,6.0,cash,in-store,2023-09-11
txn_4793771,cake,4,3.0,12.0,cash,,2023-12-26
txn_8107005,juice,3,3.0,9.0,,,2023-09-15
txn_7857126,cookie,4,1.0,4.0,cash,takeaway,2023-08-21
txn_2940613,juice,4,3.0,12.0,cash,,2023-06-28
txn_2407379,smoothie,4,4.0,16.0,digital wallet,,2023-03-13
txn_3376952,tea,2,,3.0,error,takeaway,2023-10-23
txn_4083004,sandwich,5,4.0,20.0,,takeaway,2023-03-06
txn_3635628,sandwich,3,4.0,12.0,digital wallet,in-store,2023-10-28
txn_3554772,tea,3,1.5,4.5,credit card,,2023-10-06
txn_9454387,salad,2,5.0,10.0,cash,takeaway,2023-01-02
txn_9660362,cake,2,3.0,6.0,credit card,takeaway,2023-08-16
txn_9281939,error,3,1.5,4.5,cash,in-store,2023-05-22
txn_2347248,salad,1,5.0,5.0,credit card,error,2023-11-11
txn_3732426,sandwich,2,4.0,8.0,digital wallet,error,2023-03-07
txn_8675558,tea,5,1.5,7.5,,in-store,2023-05-23
txn_1963345,smoothie,4,4.0,16.0,,in-store,2023-10-12
txn_6332405,juice,3,3.0,9.0,digital wallet,takeaway,2023-12-03
txn_8946323,tea,2,,3.0,cash,,2023-08-23
txn_1529961,smoothie,4,4.0,16.0,credit card,unknown,2023-09-29
txn_8860052,cake,5,3.0,15.0,credit card,takeaway,2023-07-18
txn_6732833,salad,1,5.0,5.0,digital wallet,in-store,2023-07-21
txn_1983705,,3,3.0,9.0,cash,takeaway,
txn_6232398,juice,2,3.0,6.0,cash,in-store,2023-07-05
txn_2391245,error,4,2.0,8.0,digital wallet,in-store,2023-04-13
txn_7670296,juice,2,3.0,6.0,cash,takeaway,2023-01-25
txn_6128086,tea,4,,6.0,digital wallet,takeaway,2023-12-26
txn_1141405,cookie,1,1.0,1.0,,,
txn_4898346,smoothie,2,4.0,8.0,cash,,2023-05-07
txn_2807324,sandwich,2,4.0,8.0,cash,,2023-11-13
txn_4428486,smoothie,1,4.0,4.0,unknown,,2023-07-28
txn_4430772,coffee,5,2.0,10.0,credit card,,2023-01-11
txn_7251108,error,unknown,3.0,9.0,credit card,in-store,2023-10-04
txn_3987718,tea,4,1.5,6.0,,,2023-12-24
txn_6658070,juice,2,3.0,6.0,cash,takeaway,2023-11-03
txn_6007437,juice,1,3.0,3.0,credit card,,2023-11-22
txn_6030518,sandwich,3,4.0,12.0,error,in-store,2023-12-20
txn_4228838,coffee,5,2.0,10.0,credit card,takeaway,2023-09-22
txn_3303518,juice,4,3.0,12.0,,in-store,2023-06-30
txn_9719921,salad,5,5.0,25.0,credit card,,2023-07-28
txn_1272118,cookie,4,1.0,4.0,credit card,takeaway,2023-04-21
txn_4060215,salad,3,5.0,15.0,credit card,in-store,2023-01-12
txn_2569119,juice,1,3.0,3.0,credit card,takeaway,2023-08-04
txn_2894945,coffee,2,2.0,4.0,,,2023-02-28
txn_7992512,sandwich,5,4.0,20.0,credit card,in-store,2023-07-17
txn_2771512,error,4,3.0,12.0,digital wallet,takeaway,2023-12-23
txn_6109953,error,3,3.0,9.0,digital wallet,takeaway,2023-04-22
txn_5728193,sandwich,1,4.0,4.0,credit card,in-store,
txn_2417271,tea,4,1.5,6.0,credit card,takeaway,2023-02-01
txn_8156455,cake,2,3.0,6.0,cash,,2023-02-12
txn_7063005,cake,1,3.0,3.0,,,2023-01-18
txn_9425096,smoothie,5,4.0,20.0,credit card,in-store,2023-06-12
txn_6236737,juice,5,3.0,15.0,cash,in-store,2023-03-19
txn_9691364,cookie,3,1.0,3.0,credit card,in-store,2023-03-02
txn_4688280,unknown,1,1.5,1.5,,,2023-02-16
txn_1770648,sandwich,4,4.0,16.0,credit card,,2023-09-30
txn_1524602,unknown,3,2.0,6.0,cash,takeaway,2023-05-11
txn_5289658,smoothie,2,4.0,8.0,digital wallet,takeaway,
txn_2602732,salad,4,5.0,20.0,digital wallet,unknown,2023-06-09
txn_5132482,juice,2,3.0,6.0,digital wallet,in-store,2023-12-21
txn_3281605,unknown,1,1.5,1.5,,takeaway,2023-07-27
txn_9969836,cookie,5,1.0,5.0,digital wallet,takeaway,2023-04-06
txn_7938279,tea,3,1.5,4.5,cash,takeaway,2023-03-17
txn_8712307,,5,3.0,15.0,cash,in-store,2023-04-10
txn_8595386,cookie,4,1.0,4.0,credit card,error,2023-08-04
txn_6398450,tea,2,1.5,3.0,digital wallet,in-store,2023-11-19
txn_3042552,unknown,1,3.0,3.0,cash,,2023-09-08
txn_7084298,cake,3,3.0,9.0,,takeaway,2023-02-18
txn_8384428,cookie,1,1.0,1.0,digital wallet,in-store,2023-08-11
txn_6541329,cookie,2,1.0,2.0,cash,takeaway,2023-09-28
txn_7667139,sandwich,3,4.0,12.0,credit card,takeaway,2023-12-05
txn_1268811,salad,1,5.0,5.0,,,2023-01-04
txn_9190025,tea,4,1.5,6.0,digital wallet,unknown,
txn_5056808,juice,1,3.0,,credit card,,2023-02-25
txn_9191048,cake,5,3.0,15.0,digital wallet,error,2023-09-18
txn_5105810,cookie,5,,5.0,unknown,takeaway,2023-01-17
txn_3272613,cookie,2,1.0,2.0,cash,,2023-03-30
txn_3690903,coffee,3,2.0,6.0,,in-store,2023-10-22
txn_1938413,smoothie,4,4.0,16.0,digital wallet,,2023-04-01
txn_1396019,coffee,4,2.0,8.0,cash,in-store,2023-12-03
txn_6989000,tea,2,1.5,3.0,,takeaway,2023-02-24
txn_4811225,tea,5,1.5,7.5,cash,takeaway,2023-11-01
txn_2193333,coffee,4,2.0,8.0,,takeaway,2023-07-21
txn_4564220,tea,1,1.5,1.5,digital wallet,takeaway,2023-05-09
txn_5414186,smoothie,1,4.0,4.0,credit card,takeaway,2023-04-24
txn_1740742,tea,4,1.5,6.0,digital wallet,in-store,2023-10-06
txn_2547084,sandwich,1,4.0,4.0,cash,,2023-12-16
txn_8879936,cake,5,3.0,15.0,,takeaway,2023-07-25
txn_1605677,tea,5,1.5,7.5,error,,2023-01-15
txn_6070787,sandwich,3,4.0,12.0,,in-store,2023-02-26
txn_3441457,salad,2,,10.0,digital wallet,,2023-10-20
txn_1236759,coffee,1,2.0,2.0,credit card,in-store,2023-01-26
txn_9239309,salad,4,5.0,,error,,
txn_7196144,smoothie,3,4.0,12.0,,,2023-03-28
txn_3981406,salad,4,5.0,20.0,,,2023-04-17
txn_2152054,cake,2,3.0,6.0,digital wallet,,2023-05-11
txn_9339037,cookie,2,1.0,2.0,,takeaway,2023-07-21
txn_7308629,salad,4,5.0,20.0,error,takeaway,2023-11-24
txn_9407636,smoothie,4,4.0,16.0,cash,,2023-10-01
txn_4755860,juice,5,3.0,15.0,digital wallet,in-store,2023-10-28
txn_6118079,coffee,1,2.0,2.0,unknown,takeaway,2023-07-01
txn_6415784,salad,3,5.0,15.0,,,2023-08-16
txn_1755817,salad,5,5.0,25.0,digital wallet,takeaway,2023-07-17
txn_4417326,sandwich,3,4.0,12.0,digital wallet,,
txn_2090061,smoothie,4,4.0,,,,2023-06-23
txn_8128656,smoothie,5,4.0,20.0,,in-store,2023-04-24
txn_6714749,sandwich,1,4.0,4.0,credit card,takeaway,2023-08-02
txn_1103495,juice,1,3.0,3.0,cash,takeaway,
txn_8099424,cake,4,3.0,12.0,,takeaway,2023-04-02
txn_5103036,juice,2,3.0,6.0,unknown,takeaway,2023-12-04
txn_6013024,juice,3,3.0,9.0,credit card,takeaway,2023-09-06
txn_8065852,sandwich,1,4.0,4.0,credit card,in-store,2023-07-17
txn_2035283,error,3,4.0,12.0,,,2023-01-14
txn_3695238,salad,5,5.0,25.0,cash,takeaway,2023-04-20
txn_1336727,smoothie,2,,8.0,,in-store,2023-10-18
txn_5724548,cake,5,3.0,15.0,,,2023-08-12
txn_3521791,coffee,1,2.0,2.0,,takeaway,2023-06-11
txn_2678484,coffee,1,2.0,2.0,unknown,,2023-03-27
txn_6696619,cake,3,3.0,9.0,,takeaway,2023-03-19
txn_2734718,tea,2,1.5,3.0,,unknown,2023-08-16
txn_7465693,,unknown,4.0,12.0,digital wallet,,2023-09-04
txn_8241649,tea,5,1.5,7.5,error,,2023-03-15
txn_6125646,cookie,2,1.0,2.0,,,2023-06-12
txn_8639973,cookie,5,1.0,5.0,,,2023-07-06
txn_1349640,juice,2,3.0,6.0,credit card,in-store,2023-06-17
txn_3719842,cake,3,3.0,9.0,cash,unknown,2023-05-05
txn_3863940,salad,2,5.0,10.0,,,2023-06-18
txn_9660030,cake,5,3.0,15.0,credit card,in-store,2023-11-24
txn_9649503,cake,1,3.0,3.0,credit card,takeaway,2023-01-02
txn_6618160,tea,5,1.5,7.5,cash,takeaway,2023-03-13
txn_9121241,sandwich,5,4.0,20.0,,takeaway,2023-03-18
txn_4419474,juice,2,3.0,6.0,,in-store,2023-02-04
txn_5639485,cookie,3,1.0,3.0,credit card,,2023-07-02
txn_9997263,cookie,2,1.0,2.0,,,2023-03-05
txn_4590013,tea,5,1.5,7.5,cash,takeaway,2023-04-19
txn_4958354,sandwich,4,,16.0,credit card,takeaway,2023-05-01
txn_9240476,coffee,5,2.0,10.0,unknown,,2023-04-29
txn_2457961,coffee,2,2.0,4.0,credit card,in-store,2023-06-08
txn_6494145,cookie,2,1.0,2.0,cash,,2023-08-18
txn_2142941,cookie,5,1.0,5.0,digital wallet,,2023-11-03
txn_2405666,error,2,3.0,6.0,cash,takeaway,2023-04-20
txn_4125871,juice,4,3.0,12.0,,,2023-12-16
txn_7102166,coffee,4,2.0,8.0,,,2023-12-08
txn_1492585,sandwich,error,4.0,12.0,cash,takeaway,2023-01-17
txn_2208949,cake,4,3.0,12.0,cash,takeaway,2023-08-05
txn_9815454,juice,5,3.0,15.0,digital wallet,,2023-12-05
txn_6806968,cookie,4,1.0,4.0,cash,takeaway,2023-07-03
txn_3751420,sandwich,5,4.0,20.0,,takeaway,2023-11-20
txn_3439155,salad,3,5.0,15.0,,takeaway,2023-07-30
txn_5564198,cake,4,3.0,12.0,cash,,2023-06-06
txn_3446643,smoothie,1,4.0,4.0,,,2023-06-01
txn_1770073,cookie,2,1.0,2.0,,takeaway,2023-12-03
txn_7328209,sandwich,3,4.0,12.0,credit card,,2023-03-01
txn_4252608,juice,3,3.0,9.0,credit card,in-store,2023-08-23
txn_7221831,coffee,3,2.0,6.0,credit card,error,2023-03-26
txn_4548565,juice,4,3.0,12.0,,in-store,2023-02-17
txn_7400015,juice,4,,12.0,cash,,2023-01-27
txn_4749986,tea,5,1.5,7.5,,takeaway,2023-05-26
txn_1917336,sandwich,3,4.0,12.0,cash,in-store,2023-04-12
txn_5238755,cookie,3,1.0,3.0,unknown,takeaway,2023-06-01
txn_1822234,salad,2,,10.0,cash,,2023-10-15
txn_1342487,juice,3,3.0,9.0,credit card,,2023-09-21
txn_7413282,cake,5,3.0,15.0,,,2023-10-13
txn_5713298,smoothie,2,4.0,8.0,credit card,,2023-07-14
txn_3045673,smoothie,3,4.0,12.0,digital wallet,,2023-06-24
txn_2662720,juice,5,3.0,15.0,,,2023-09-18
txn_8966922,juice,4,3.0,12.0,,takeaway,2023-11-10
txn_7311815,cookie,4,1.0,4.0,,takeaway,2023-05-11
txn_8211198,juice,3,3.0,9.0,credit card,,2023-01-24
txn_6476719,juice,5,3.0,15.0,cash,takeaway,2023-06-04
txn_1556480,tea,5,1.5,,,,2023-02-06
txn_3009994,unknown,5,1.0,5.0,credit card,in-store,2023-09-13
txn_8992377,cake,4,,12.0,credit card,takeaway,2023-07-12
txn_5504130,cake,3,3.0,9.0,unknown,,2023-06-24
txn_7153455,coffee,4,2.0,8.0,digital wallet,takeaway,2023-07-02
txn_8821579,smoothie,4,4.0,16.0,,takeaway,2023-12-06
txn_6873127,cookie,1,1.0,1.0,unknown,in-store,2023-02-02
txn_9923952,cookie,4,1.0,4.0,,takeaway,2023-08-08
txn_7383137,coffee,2,2.0,4.0,credit card,in-store,2023-12-02
txn_4766317,cookie,2,1.0,2.0,,takeaway,2023-09-23
txn_6335297,cake,3,3.0,9.0,,,2023-10-16
txn_9334593,sandwich,3,4.0,12.0,cash,,2023-04-23
txn_2441029,cake,5,3.0,15.0,cash,in-store,2023-05-18
txn_8260461,cookie,2,,2.0,digital wallet,,2023-10-29
txn_4801947,juice,1,3.0,3.0,digital wallet,takeaway,2023-01-01
txn_4323120,coffee,5,2.0,10.0,,,2023-08-29
txn_5947264,salad,1,5.0,5.0,,in-store,2023-03-07
txn_9072628,salad,4,5.0,20.0,digital wallet,error,2023-12-29
txn_8282744,tea,2,1.5,3.0,,takeaway,2023-06-16
txn_2547156,cookie,3,1.0,3.0,digital wallet,takeaway,2023-08-18
txn_2428781,salad,error,5.0,,,in-store,2023-05-09
txn_8621278,salad,2,5.0,10.0,cash,takeaway,2023-02-01
txn_2616353,smoothie,3,4.0,12.0,cash,takeaway,2023-06-24
txn_9731999,sandwich,error,4.0,16.0,,takeaway,2023-11-26
txn_3608237,salad,1,5.0,5.0,digital wallet,takeaway,2023-11-26
txn_2423167,cake,3,3.0,9.0,digital wallet,takeaway,2023-06-29
txn_5742202,salad,2,5.0,10.0,cash,takeaway,
txn_6695451,salad,1,5.0,5.0,credit card,error,2023-07-28
txn_6098702,coffee,3,2.0,6.0,credit card,error,2023-10-15
txn_8972184,juice,error,3.0,12.0,,,2023-08-17
txn_2010507,cake,3,3.0,9.0,,,2023-05-23
txn_1390754,cake,2,3.0,6.0,,takeaway,2023-11-08
txn_4925291,smoothie,2,4.0,,digital wallet,,2023-09-22
txn_8345383,tea,5,1.5,7.5,,takeaway,2023-10-14
txn_3910293,cake,4,3.0,12.0,cash,in-store,2023-01-30
txn_4696969,salad,1,5.0,5.0,credit card,,2023-09-29
txn_4568379,cookie,3,1.0,3.0,digital wallet,in-store,2023-05-28
txn_8745942,cookie,3,1.0,3.0,cash,error,2023-05-03
txn_1827937,coffee,1,2.0,2.0,,takeaway,
txn_2496907,coffee,2,2.0,4.0,credit card,,2023-11-28
txn_3043371,smoothie,1,4.0,4.0,unknown,,2023-12-04
txn_2687149,coffee,5,2.0,10.0,,,2023-03-24
txn_9752207,sandwich,4,4.0,16.0,,in-store,2023-10-15
txn_7223850,salad,2,5.0,10.0,credit card,,2023-02-05
txn_5421917,tea,5,1.5,7.5,,,2023-05-03
txn_3812053,coffee,5,2.0,10.0,,in-store,2023-04-03
txn_8437195,cake,1,3.0,3.0,cash,,2023-12-10
txn_3880494,sandwich,4,4.0,16.0,cash,takeaway,2023-12-17
txn_2755642,cake,,3.0,9.0,digital wallet,in-store,2023-03-24
txn_9320353,salad,5,5.0,25.0,cash,in-store,2023-01-10
txn_8837015,juice,3,3.0,9.0,credit card,in-store,2023-06-11
txn_1856538,coffee,3,2.0,6.0,cash,,2023-11-01
txn_2933439,salad,4,5.0,20.0,digital wallet,,2023-04-14
txn_2667131,sandwich,2,4.0,8.0,credit card,takeaway,2023-10-10
txn_5536056,smoothie,3,4.0,12.0,digital wallet,takeaway,2023-12-22
txn_3846628,juice,1,3.0,3.0,,takeaway,2023-10-16
txn_9043894,cake,1,3.0,3.0,digital wallet,,2023-07-28
txn_9354349,juice,1,,3.0,credit card,,2023-02-12
txn_3655950,cookie,1,1.0,1.0,,in-store,2023-11-25
txn_4483585,smoothie,5,4.0,20.0,,takeaway,2023-12-26
txn_2332364,cake,2,3.0,6.0,credit card,,2023-08-10
txn_5878649,salad,3,5.0,15.0,unknown,takeaway,2023-02-15
txn_2716940,coffee,1,2.0,2.0,,,2023-11-27
txn_2496249,juice,4,3.0,12.0,cash,takeaway,
txn_9020641,cake,4,3.0,12.0,credit card,in-store,2023-06-27
txn_5931551,sandwich,4,4.0,,,in-store,2023-03-28
txn_5812552,cake,1,,3.0,,,2023-09-17
txn_8899417,,3,5.0,15.0,digital wallet,,
txn_2259102,sandwich,2,4.0,,,,2023-02-19
txn_7041367,cookie,4,1.0,4.0,,error,2023-01-04
txn_1005377,cake,5,,15.0,digital wallet,takeaway,2023-06-03
txn_7262554,salad,3,5.0,15.0,credit card,,2023-07-08
txn_9705971,juice,2,3.0,6.0,credit card,takeaway,2023-09-02
txn_4809626,coffee,5,2.0,10.0,cash,takeaway,2023-02-18
txn_5171248,cake,5,3.0,15.0,digital wallet,in-store,2023-06-14
txn_2201235,tea,1,1.5,1.5,digital wallet,,2023-12-17
txn_2907979,juice,3,3.0,9.0,cash,,2023-06-18
txn_7229918,coffee,2,,4.0,digital wallet,takeaway,2023-03-24
txn_5179245,juice,3,3.0,9.0,credit card,,2023-04-17
txn_5010968,smoothie,2,4.0,8.0,digital wallet,,2023-12-03
txn_6294315,cookie,2,1.0,2.0,digital wallet,,2023-04-04
txn_8487985,juice,5,3.0,15.0,,takeaway,2023-05-09
txn_8552898,coffee,5,2.0,10.0,credit card,takeaway,2023-11-06
txn_1307428,,4,1.5,6.0,credit card,,
txn_4787754,juice,2,3.0,6.0,digital wallet,takeaway,2023-08-31
txn_9176533,cake,3,3.0,9.0,credit card,,2023-10-14
txn_1228474,smoothie,4,4.0,,,in-store,2023-11-20
txn_9376428,unknown,1,5.0,5.0,credit card,takeaway,2023-10-30
txn_3678804,,3,2.0,6.0,digital wallet,,2023-10-20
txn_6021363,sandwich,2,4.0,8.0,credit card,takeaway,2023-01-11
txn_8518812,cookie,3,1.0,3.0,,in-store,2023-06-22
txn_5573436,coffee,1,,2.0,error,takeaway,2023-02-22
txn_3274591,juice,5,3.0,15.0,unknown,takeaway,2023-04-09
txn_2477650,cookie,1,1.0,1.0,cash,takeaway,2023-10-24
txn_4987376,tea,2,1.5,3.0,digital wallet,takeaway,2023-08-20
txn_3099819,unknown,4,2.0,8.0,digital wallet,takeaway,
txn_9196694,cake,4,3.0,12.0,,in-store,2023-03-23
txn_2735598,tea,5,,7.5,credit card,takeaway,2023-06-30
txn_7362526,juice,1,3.0,3.0,credit card,takeaway,2023-09-16
txn_3584252,salad,,5.0,10.0,digital wallet,takeaway,2023-12-19
txn_4854751,unknown,3,5.0,15.0,credit card,,
txn_6324687,smoothie,1,4.0,4.0,credit card,takeaway,2023-03-03
txn_2716377,juice,4,3.0,12.0,cash,,2023-01-03
txn_4002142,cake,5,3.0,15.0,,,2023-06-27
txn_9417438,salad,1,5.0,5.0,error,in-store,2023-01-05
txn_4757873,tea,1,1.5,1.5,credit card,in-store,2023-09-12
txn_6283718,smoothie,3,4.0,12.0,digital wallet,takeaway,2023-07-20
txn_2019127,salad,1,5.0,5.0,cash,,2023-08-03
txn_2007652,juice,2,3.0,6.0,digital wallet,unknown,2023-12-09
txn_3048882,juice,2,3.0,6.0,cash,takeaway,2023-12-30
txn_3241510,tea,5,1.5,7.5,credit card,error,2023-10-05
txn_1978239,salad,4,5.0,20.0,,in-store,2023-09-20
txn_3286168,smoothie,5,4.0,20.0,digital wallet,,2023-06-25
txn_5922981,salad,5,5.0,25.0,digital wallet,takeaway,2023-11-10
txn_4108567,coffee,2,2.0,4.0,cash,takeaway,2023-08-14
txn_5217434,coffee,1,2.0,2.0,,takeaway,2023-09-22
txn_6691792,unknown,3,3.0,9.0,,takeaway,2023-06-21
txn_4822216,cake,1,3.0,3.0,,,2023-09-03
txn_9246986,tea,4,1.5,6.0,cash,takeaway,2023-09-08
txn_3931393,sandwich,2,4.0,8.0,digital wallet,,2023-11-18
txn_1429325,smoothie,2,4.0,8.0,cash,error,2023-04-20
txn_2888655,cookie,error,1.0,4.0,digital wallet,unknown,2023-12-17
txn_3648160,coffee,5,2.0,10.0,,takeaway,2023-12-03
txn_5832513,juice,4,3.0,12.0,cash,in-store,2023-11-02
txn_6053755,cookie,4,1.0,4.0,digital wallet,takeaway,2023-01-18
txn_4437520,smoothie,3,4.0,12.0,credit card,,2023-07-28
txn_4995281,salad,4,5.0,20.0,credit card,,2023-02-25
txn_6105807,smoothie,3,,,credit card,takeaway,2023-01-18
txn_8384699,unknown,3,,15.0,,in-store,2023-12-16
txn_3549667,sandwich,error,4.0,12.0,digital wallet,takeaway,2023-01-29
txn_2566211,tea,2,1.5,3.0,cash,error,2023-09-26
txn_3206842,unknown,4,5.0,20.0,cash,,2023-04-30
txn_8970135,juice,4,3.0,12.0,,in-store,2023-03-26
txn_3222612,unknown,3,3.0,,cash,takeaway,2023-01-25
txn_6361593,sandwich,4,4.0,16.0,digital wallet,takeaway,2023-08-29
txn_9375445,smoothie,2,,8.0,,in-store,2023-10-22
txn_4943552,,5,3.0,15.0,,takeaway,2023-04-14
txn_1532390,tea,5,1.5,7.5,digital wallet,error,2023-04-08
txn_8020606,cake,4,3.0,,,takeaway,2023-10-10
txn_2729959,smoothie,4,4.0,16.0,digital wallet,in-store,2023-02-01
txn_4582054,,2,5.0,10.0,digital wallet,takeaway,2023-08-27
txn_2134763,juice,3,3.0,9.0,credit card,takeaway,2023-03-28
txn_1633607,juice,1,3.0,3.0,cash,takeaway,2023-03-13
txn_5124999,coffee,5,2.0,10.0,digital wallet,,2023-04-11
txn_7647190,salad,error,5.0,25.0,credit card,takeaway,2023-02-22
txn_3514890,smoothie,5,4.0,20.0,,in-store,2023-08-02
txn_2921765,tea,2,1.5,3.0,credit card,takeaway,
txn_5845583,tea,4,1.5,6.0,cash,in-store,2023-10-19
txn_6692318,tea,2,1.5,3.0,cash,in-store,2023-08-20
txn_9571019,coffee,2,2.0,4.0,cash,in-store,2023-06-22
txn_6451595,juice,2,3.0,6.0,credit card,takeaway,2023-03-26
txn_4797429,salad,5,5.0,25.0,digital wallet,in-store,2023-11-07
txn_7255755,sandwich,5,4.0,20.0,,,2023-10-19
txn_6925284,juice,5,3.0,15.0,digital wallet,takeaway,2023-01-21
txn_2925996,cake,3,3.0,9.0,cash,takeaway,2023-04-11
txn_3944582,tea,5,1.5,7.5,unknown,in-store,2023-10-21
txn_7653452,sandwich,1,4.0,4.0,credit card,,
txn_5750248,salad,4,5.0,20.0,digital wallet,in-store,2023-07-20
txn_1020983,juice,1,3.0,3.0,digital wallet,,2023-03-23
txn_9072817,cookie,5,1.0,5.0,,takeaway,2023-07-18
txn_1732639,cookie,4,1.0,4.0,,in-store,
txn_7416196,smoothie,2,4.0,8.0,cash,in-store,2023-10-20
txn_7276452,coffee,3,2.0,6.0,digital wallet,,2023-06-05
txn_2610195,cake,2,3.0,6.0,,,2023-10-25
txn_7971761,salad,1,5.0,5.0,credit card,in-store,
txn_9281392,cookie,2,1.0,2.0,digital wallet,,2023-08-06
txn_8386253,tea,4,1.5,6.0,cash,,2023-05-11
txn_7995960,juice,1,3.0,3.0,digital wallet,,2023-01-11
txn_7663739,cookie,5,1.0,5.0,credit card,,2023-03-27
txn_3936339,,5,3.0,15.0,digital wallet,in-store,2023-09-08
txn_7784608,coffee,5,2.0,10.0,,,2023-06-01
txn_7132021,smoothie,2,4.0,8.0,credit card,in-store,
txn_6438980,salad,2,5.0,10.0,credit card,takeaway,2023-11-10
txn_2196926,juice,2,3.0,6.0,digital wallet,unknown,2023-07-27
txn_9582506,cookie,2,1.0,2.0,credit card,,2023-04-28
txn_2424839,juice,4,3.0,12.0,digital wallet,in-store,2023-09-28
txn_5215704,sandwich,5,4.0,20.0,credit card,,2023-10-31
txn_1982031,cookie,4,1.0,4.0,cash,takeaway,2023-02-03
txn_3060286,tea,2,1.5,3.0,cash,takeaway,2023-08-10
txn_7878231,error,unknown,5.0,5.0,cash,error,2023-05-15
txn_9329112,smoothie,3,4.0,12.0,,,
txn_1643029,cookie,3,1.0,3.0,,,2023-09-11
txn_2764625,tea,1,1.5,1.5,cash,in-store,2023-12-03
txn_6086123,juice,3,3.0,9.0,credit card,takeaway,2023-11-17
txn_1796259,juice,1,3.0,3.0,,in-store,2023-04-29
txn_4078284,coffee,1,2.0,2.0,credit card,,2023-05-14
txn_4389662,smoothie,1,4.0,4.0,cash,takeaway,2023-08-09
txn_1992699,cookie,2,1.0,2.0,,takeaway,2023-05-08
txn_9389300,salad,3,5.0,15.0,credit card,takeaway,2023-01-14
txn_5409951,coffee,3,2.0,6.0,,,2023-06-23
txn_2147448,coffee,4,2.0,8.0,credit card,in-store,2023-11-27
txn_9826170,juice,2,3.0,6.0,,,2023-12-06
txn_4949509,smoothie,4,4.0,16.0,,,2023-04-20
txn_9857832,tea,3,1.5,4.5,cash,in-store,2023-03-31
txn_5038122,salad,1,5.0,,,,2023-08-11
txn_8984085,salad,1,5.0,5.0,,,2023-08-17
txn_8830264,salad,1,5.0,5.0,cash,error,2023-11-23
txn_9696074,coffee,4,2.0,8.0,,takeaway,2023-06-24
txn_9579637,tea,4,1.5,6.0,digital wallet,,2023-06-26
txn_7907786,tea,5,,7.5,cash,,2023-09-20
txn_5316852,coffee,2,2.0,4.0,digital wallet,,2023-04-08
txn_1292430,smoothie,1,4.0,4.0,credit card,takeaway,2023-03-09
txn_5226399,error,4,3.0,12.0,,takeaway,2023-01-19
txn_2470530,cake,1,3.0,3.0,digital wallet,takeaway,2023-03-21
txn_6498718,coffee,4,2.0,8.0,,,2023-03-18
txn_1602435,smoothie,1,4.0,4.0,cash,error,2023-12-01
txn_1434598,sandwich,5,4.0,20.0,cash,takeaway,2023-11-18
txn_9871036,smoothie,1,4.0,4.0,,takeaway,2023-07-02
txn_2073001,coffee,2,2.0,4.0,digital wallet,,2023-11-22
txn_9284622,unknown,1,2.0,,credit card,,2023-05-15
txn_7815076,juice,5,3.0,,cash,,2023-12-16
txn_6897172,coffee,4,2.0,8.0,digital wallet,,2023-12-08
txn_3783903,tea,4,1.5,6.0,,,2023-06-25
txn_4378637,cookie,1,1.0,1.0,,takeaway,2023-05-12
txn_7514047,error,1,5.0,,cash,unknown,2023-03-08
txn_4375708,sandwich,4,4.0,16.0,credit card,takeaway,2023-08-01
txn_9775984,juice,2,3.0,6.0,credit card,in-store,2023-10-09
txn_1708928,smoothie,1,4.0,4.0,error,,
txn_2352685,cookie,1,1.0,1.0,cash,takeaway,
txn_1625754,cake,5,3.0,15.0,digital wallet,in-store,2023-08-03
txn_9567915,cake,1,3.0,3.0,digital wallet,takeaway,2023-06-30
txn_4062634,salad,2,5.0,10.0,credit card,in-store,2023-04-05
txn_6624397,juice,4,3.0,12.0,cash,takeaway,2023-04-30
txn_2991733,tea,5,1.5,7.5,credit card,,2023-04-13
txn_8978924,salad,5,5.0,25.0,cash,error,2023-10-09
txn_2404800,sandwich,5,4.0,20.0,cash,in-store,2023-01-28
txn_4501915,juice,4,3.0,12.0,credit card,takeaway,2023-12-04
txn_6273431,,2,3.0,6.0,,in-store,2023-04-05
txn_7166936,cookie,error,1.0,4.0,,in-store,2023-09-25
txn_7645250,juice,2,3.0,6.0,,,2023-10-09
txn_9231480,cookie,4,1.0,4.0,cash,,2023-08-28
txn_4247105,coffee,5,2.0,10.0,cash,in-store,2023-04-14
txn_8732935,cookie,4,1.0,4.0,credit card,takeaway,2023-08-06
txn_5108867,,error,3.0,9.0,cash,takeaway,2023-03-19
txn_3270584,cake,3,3.0,9.0,credit card,takeaway,2023-01-10
txn_8258798,coffee,3,,6.0,cash,in-store,2023-10-18
txn_7412012,coffee,1,2.0,2.0,cash,in-store,2023-08-02
txn_1927324,sandwich,1,4.0,4.0,digital wallet,takeaway,2023-08-29
txn_9159655,cookie,5,1.0,5.0,cash,unknown,2023-03-21
txn_1293057,tea,2,1.5,3.0,digital wallet,,2023-07-03
txn_8829698,cake,2,3.0,,cash,,2023-03-19
txn_5056351,juice,1,3.0,3.0,,takeaway,2023-04-24
txn_4431264,smoothie,2,4.0,8.0,,,2023-11-14
txn_7371782,tea,3,1.5,4.5,cash,in-store,2023-02-26
txn_7631505,sandwich,4,4.0,16.0,cash,in-store,2023-07-08
txn_4331770,salad,4,5.0,20.0,,,2023-06-04
txn_2593909,juice,2,3.0,6.0,cash,in-store,2023-02-25
txn_9728062,coffee,1,2.0,2.0,cash,,2023-05-01
txn_7664606,cookie,2,1.0,2.0,digital wallet,error,2023-07-05
txn_3359911,cookie,4,1.0,4.0,,in-store,2023-06-18
txn_3745153,smoothie,4,4.0,16.0,digital wallet,in-store,2023-06-30
txn_2019258,juice,4,3.0,12.0,credit card,,2023-02-03
txn_8153957,coffee,1,2.0,2.0,digital wallet,takeaway,2023-10-12
txn_3437948,smoothie,2,4.0,8.0,cash,,2023-11-02
txn_6874195,juice,3,3.0,9.0,cash,takeaway,2023-04-22
txn_3234146,juice,1,3.0,3.0,unknown,takeaway,2023-11-14
txn_5172383,juice,3,3.0,9.0,cash,in-store,2023-03-28
txn_9288999,cookie,3,1.0,3.0,credit card,in-store,2023-05-01
txn_4205407,smoothie,5,4.0,20.0,digital wallet,,2023-04-27
txn_8325722,sandwich,2,4.0,8.0,,takeaway,2023-05-27
txn_3050797,sandwich,3,4.0,12.0,credit card,,2023-09-28
txn_8731991,salad,unknown,5.0,20.0,,in-store,2023-01-20
txn_7387416,juice,3,3.0,9.0,cash,,2023-12-15
txn_2244418,salad,5,5.0,25.0,cash,takeaway,2023-10-15
txn_2638644,error,1,1.5,1.5,,unknown,2023-03-08
txn_3886177,cake,3,3.0,9.0,,takeaway,2023-07-17
txn_2334047,tea,1,1.5,1.5,,takeaway,2023-11-08
txn_3888864,sandwich,1,4.0,4.0,credit card,in-store,2023-10-13
txn_6972491,sandwich,1,4.0,4.0,,takeaway,2023-07-02
txn_8886791,tea,2,1.5,3.0,cash,,2023-07-09
txn_4356114,juice,2,3.0,6.0,cash,takeaway,2023-05-05
txn_2097023,salad,3,5.0,15.0,digital wallet,takeaway,2023-11-10
txn_2726749,juice,4,3.0,12.0,,takeaway,2023-05-19
txn_3357336,cake,4,3.0,12.0,,in-store,2023-02-20
txn_3529354,juice,2,3.0,6.0,credit card,takeaway,2023-09-06
txn_9738339,juice,1,3.0,3.0,unknown,in-store,2023-07-09
txn_9389963,error,5,4.0,,,takeaway,2023-02-28
txn_6837879,error,5,3.0,15.0,digital wallet,,2023-04-09
txn_1046659,smoothie,3,4.0,12.0,,takeaway,2023-12-14
txn_2032049,salad,2,5.0,10.0,credit card,unknown,2023-10-12
txn_1444479,,1,3.0,3.0,credit card,,2023-12-10
txn_7251037,salad,3,5.0,15.0,credit card,in-store,2023-08-17
txn_9891576,sandwich,3,4.0,12.0,digital wallet,takeaway,2023-04-28
txn_5315818,salad,1,5.0,5.0,digital wallet,,2023-02-06
txn_9830755,cookie,5,1.0,5.0,digital wallet,takeaway,2023-06-24
txn_8833319,salad,1,5.0,,error,takeaway,2023-10-01
txn_4353750,cake,2,3.0,6.0,credit card,,2023-03-02
txn_8809659,juice,2,3.0,6.0,cash,takeaway,2023-01-16
txn_2104550,coffee,4,2.0,,credit card,in-store,2023-09-08
txn_7554731,cake,1,3.0,3.0,credit card,in-store,2023-02-02
txn_8743142,cookie,1,1.0,1.0,digital wallet,in-store,
txn_8652021,cake,1,3.0,3.0,credit card,in-store,2023-09-23
txn_3744962,salad,1,5.0,5.0,,in-store,2023-07-26
txn_7312277,juice,4,3.0,12.0,,in-store,2023-09-07
txn_2342308,cookie,5,,5.0,digital wallet,,2023-05-20
txn_7797507,sandwich,5,4.0,20.0,digital wallet,takeaway,2023-06-06
txn_3121360,cake,3,3.0,9.0,digital wallet,,2023-01-21
txn_5568416,cake,5,3.0,15.0,credit card,unknown,2023-09-06
txn_7032922,sandwich,4,4.0,16.0,,,2023-08-18
txn_5734186,juice,3,3.0,9.0,cash,,2023-04-03
txn_5107025,tea,2,,3.0,,in-store,2023-02-19
txn_7975387,smoothie,unknown,4.0,8.0,credit card,takeaway,2023-03-23
txn_5209346,smoothie,3,4.0,12.0,credit card,in-store,2023-02-22
txn_8947660,coffee,1,2.0,2.0,,in-store,2023-09-03
txn_6752053,smoothie,4,4.0,16.0,,,2023-05-13
txn_6571385,tea,4,1.5,6.0,cash,takeaway,2023-01-06
txn_6430534,tea,5,1.5,7.5,cash,takeaway,2023-01-29
txn_6467414,tea,3,1.5,4.5,cash,,2023-01-06
txn_2861912,coffee,3,2.0,6.0,,in-store,2023-03-25
txn_8347965,salad,1,,5.0,cash,takeaway,2023-03-17
txn_9693344,tea,4,1.5,6.0,credit card,takeaway,2023-01-15
txn_9801552,sandwich,4,4.0,16.0,credit card,takeaway,2023-04-20
txn_1929109,sandwich,5,4.0,20.0,,,
txn_8082317,juice,3,3.0,9.0,cash,takeaway,2023-08-18
txn_1569729,smoothie,5,4.0,20.0,cash,takeaway,2023-07-16
txn_8126049,sandwich,3,4.0,12.0,error,,
txn_2644962,smoothie,2,4.0,,unknown,,2023-04-09
txn_8991609,salad,4,5.0,20.0,digital wallet,in-store,2023-06-19
txn_5000665,cake,3,3.0,9.0,digital wallet,in-store,2023-11-28
txn_2161255,sandwich,3,4.0,12.0,,,2023-06-08
txn_6549359,unknown,3,1.5,4.5,cash,,2023-04-21
txn_8833173,smoothie,4,4.0,16.0,digital wallet,,2023-03-14
txn_8449081,cookie,2,1.0,2.0,,in-store,2023-02-24
txn_7153321,salad,5,5.0,25.0,credit card,takeaway,2023-12-19
txn_2935761,smoothie,4,4.0,16.0,digital wallet,,2023-04-01
txn_7328705,cookie,4,1.0,4.0,digital wallet,takeaway,2023-09-09
txn_1419790,sandwich,3,4.0,12.0,,,2023-01-06
txn_8970187,cake,1,3.0,3.0,digital wallet,takeaway,2023-03-13
txn_4385632,tea,5,1.5,7.5,,takeaway,2023-06-18
txn_4343133,cookie,4,1.0,4.0,digital wallet,,2023-03-04
txn_7712544,cookie,3,,3.0,cash,,2023-05-06
txn_6904952,salad,4,5.0,20.0,digital wallet,takeaway,2023-04-04
txn_4023091,smoothie,3,4.0,12.0,credit card,,2023-07-24
txn_6005707,juice,4,3.0,,cash,unknown,2023-02-06
txn_9824238,tea,5,1.5,7.5,cash,in-store,2023-07-14
txn_2867795,cookie,1,1.0,1.0,credit card,unknown,2023-06-26
txn_8434259,tea,2,1.5,3.0,digital wallet,,
txn_5437961,sandwich,3,,12.0,,in-store,2023-06-30
txn_3440463,cake,1,3.0,,credit card,takeaway,2023-04-04
txn_1242840,smoothie,1,4.0,4.0,credit card,,2023-08-26
txn_2997717,cake,4,3.0,12.0,credit card,,2023-10-19
txn_4440412,sandwich,3,4.0,12.0,cash,takeaway,2023-04-15
txn_9897583,coffee,2,,4.0,digital wallet,takeaway,2023-01-20
txn_9772498,cake,4,3.0,12.0,cash,,2023-08-21
txn_7908929,tea,2,1.5,3.0,digital wallet,,2023-11-18
txn_6411390,juice,1,3.0,,cash,,2023-09-07
txn_5784400,cake,4,3.0,12.0,digital wallet,,2023-11-25
txn_9660737,cookie,unknown,1.0,5.0,cash,,2023-05-19
txn_9719954,tea,1,1.5,1.5,digital wallet,,
txn_3287282,unknown,2,1.5,3.0,digital wallet,takeaway,2023-09-23
txn_7368518,unknown,3,3.0,9.0,unknown,,2023-03-14
txn_6068074,smoothie,2,4.0,8.0,cash,in-store,2023-06-01
txn_2265329,cake,5,3.0,15.0,credit card,,2023-12-23
txn_8500316,sandwich,4,4.0,16.0,,,2023-03-10
txn_4235472,salad,5,5.0,25.0,,takeaway,2023-12-22
txn_1701798,coffee,2,2.0,4.0,cash,takeaway,2023-07-24
txn_4352950,coffee,1,2.0,2.0,digital wallet,,2023-02-06
txn_4807899,coffee,5,2.0,10.0,digital wallet,takeaway,2023-07-03
txn_4916085,juice,1,3.0,3.0,digital wallet,,2023-03-03
txn_2764819,unknown,1,3.0,3.0,credit card,takeaway,2023-02-23
txn_2102950,coffee,5,2.0,10.0,digital wallet,takeaway,2023-12-07
txn_5530180,cookie,5,1.0,5.0,,in-store,2023-09-06
txn_6774559,cookie,2,1.0,2.0,,,2023-02-18
txn_7914312,sandwich,5,4.0,20.0,,in-store,2023-06-06
txn_5282804,sandwich,1,4.0,4.0,credit card,,2023-12-01
txn_6526078,sandwich,5,4.0,20.0,cash,,2023-11-07
txn_4070040,cake,1,3.0,3.0,,unknown,
txn_7668576,unknown,2,3.0,6.0,,,2023-11-08
txn_2210019,sandwich,3,4.0,12.0,cash,in-store,2023-12-05
txn_4727260,tea,2,1.5,3.0,,,2023-01-30
txn_2617632,smoothie,4,4.0,16.0,digital wallet,,2023-10-17
txn_5585601,cake,4,3.0,12.0,,takeaway,2023-05-28
txn_8019306,juice,1,3.0,3.0,credit card,,2023-05-21
txn_6469563,juice,5,3.0,15.0,credit card,unknown,2023-03-04
txn_4059695,salad,3,5.0,15.0,cash,takeaway,2023-12-30
txn_2393287,unknown,2,3.0,6.0,cash,,2023-04-14
txn_3799280,coffee,5,2.0,10.0,cash,,2023-09-23
txn_1454024,cookie,5,1.0,5.0,digital wallet,,
txn_2749862,salad,4,5.0,,digital wallet,,2023-07-19
txn_3863625,salad,5,,25.0,cash,in-store,2023-09-04
txn_2928676,cookie,1,1.0,1.0,credit card,,2023-06-09
txn_4030763,salad,2,5.0,10.0,unknown,takeaway,2023-06-17
txn_6853830,unknown,5,1.5,7.5,,in-store,2023-07-13
txn_3877643,juice,4,3.0,12.0,cash,in-store,2023-11-15
txn_9395554,,4,2.0,8.0,cash,takeaway,2023-03-31
txn_3755657,smoothie,2,4.0,8.0,digital wallet,in-store,2023-03-24
txn_6987232,juice,5,3.0,15.0,digital wallet,,2023-06-02
txn_8045032,juice,4,3.0,12.0,error,in-store,2023-02-20
txn_3288233,juice,5,3.0,15.0,cash,,2023-12-24
txn_4231121,coffee,4,2.0,8.0,error,unknown,2023-09-01
txn_8932087,unknown,unknown,3.0,3.0,digital wallet,takeaway,2023-10-30
txn_6189486,unknown,5,4.0,20.0,,takeaway,2023-03-23
txn_2489067,juice,2,3.0,6.0,,takeaway,2023-07-05
txn_7293600,cake,3,3.0,,digital wallet,,2023-10-28
txn_3147874,cookie,1,1.0,1.0,digital wallet,takeaway,
txn_5279293,sandwich,3,4.0,12.0,digital wallet,takeaway,2023-11-11
txn_3488082,sandwich,1,4.0,4.0,digital wallet,in-store,2023-04-12
txn_3342106,sandwich,1,4.0,4.0,credit card,in-store,2023-01-14
txn_3713880,salad,5,5.0,25.0,,in-store,2023-06-30
txn_1967032,tea,1,1.5,1.5,digital wallet,takeaway,2023-01-12
txn_6587151,smoothie,4,,16.0,credit card,,2023-10-07
txn_2630698,sandwich,2,4.0,8.0,unknown,takeaway,2023-08-22
txn_3632558,coffee,2,,4.0,cash,takeaway,2023-08-10
txn_8228500,tea,3,1.5,4.5,,in-store,2023-04-15
txn_9708632,coffee,5,2.0,10.0,,in-store,
txn_3543930,juice,2,3.0,6.0,credit card,takeaway,2023-10-10
txn_1037464,unknown,5,4.0,20.0,digital wallet,,2023-02-14
txn_3508619,smoothie,4,4.0,16.0,,error,2023-09-04
txn_4553403,coffee,5,2.0,10.0,,in-store,2023-06-20
txn_5747509,cookie,2,1.0,2.0,cash,in-store,2023-10-30
txn_7910572,sandwich,4,4.0,16.0,,takeaway,2023-07-07
txn_9012517,coffee,2,2.0,4.0,credit card,in-store,2023-10-21
txn_8237192,sandwich,3,4.0,12.0,,,2023-10-03
txn_5303092,tea,2,1.5,3.0,credit card,in-store,2023-05-05
txn_3136657,cake,error,3.0,6.0,cash,in-store,2023-09-21
txn_3865641,cake,5,3.0,15.0,digital wallet,in-store,2023-09-15
txn_1049697,tea,3,,4.5,cash,in-store,2023-10-08
txn_3420316,sandwich,3,4.0,12.0,,takeaway,2023-10-31
txn_6568307,coffee,1,2.0,2.0,cash,in-store,2023-07-16
txn_8281347,juice,4,3.0,12.0,credit card,in-store,2023-08-11
txn_8353202,sandwich,4,4.0,16.0,digital wallet,in-store,2023-06-14
txn_7377398,juice,2,3.0,6.0,cash,takeaway,2023-02-26
txn_6915068,juice,2,3.0,6.0,cash,in-store,2023-11-26
txn_8704802,smoothie,3,4.0,12.0,,,2023-08-30
txn_1983422,cookie,2,1.0,2.0,digital wallet,in-store,2023-06-26
txn_1603186,cake,3,3.0,,cash,takeaway,2023-10-13
txn_5572520,smoothie,5,4.0,20.0,cash,takeaway,2023-05-14
txn_2021680,juice,3,3.0,9.0,,takeaway,2023-08-16
txn_9220900,cookie,4,,4.0,,,2023-06-19
txn_6123007,coffee,3,2.0,6.0,digital wallet,,2023-05-28
txn_2832660,smoothie,2,4.0,8.0,credit card,,2023-01-08
txn_7697496,salad,1,5.0,5.0,error,takeaway,2023-06-18
txn_9802838,tea,1,1.5,1.5,unknown,takeaway,2023-02-15
txn_4011509,smoothie,4,4.0,16.0,digital wallet,,2023-11-10
txn_6786730,coffee,1,2.0,2.0,credit card,,2023-04-15
txn_3641356,juice,3,,9.0,credit card,in-store,2023-07-26
txn_8245502,salad,1,5.0,5.0,credit card,,2023-03-16
txn_3645818,,1,1.0,1.0,digital wallet,takeaway,2023-03-18
txn_1318238,sandwich,1,4.0,,digital wallet,takeaway,2023-09-23
txn_1970180,cake,2,3.0,6.0,digital wallet,takeaway,2023-08-02
txn_5415223,tea,2,1.5,3.0,cash,in-store,2023-09-02
txn_4777601,tea,1,1.5,1.5,credit card,in-store,2023-08-18
txn_2023651,sandwich,,4.0,,cash,in-store,2023-05-25
txn_5110688,salad,3,5.0,15.0,digital wallet,,2023-05-09
txn_7497122,sandwich,5,4.0,20.0,digital wallet,takeaway,2023-03-23
txn_4870483,coffee,1,2.0,2.0,,takeaway,2023-03-03
txn_3003979,tea,error,1.5,1.5,digital wallet,takeaway,2023-01-08
txn_3838923,juice,4,3.0,12.0,unknown,takeaway,2023-06-03
txn_1998143,,1,1.0,1.0,digital wallet,in-store,2023-12-10
txn_2458782,salad,1,5.0,5.0,cash,,2023-04-15
txn_1256513,coffee,4,2.0,8.0,credit card,in-store,2023-02-21
txn_6266187,tea,5,1.5,7.5,credit card,in-store,
txn_9432758,cookie,3,1.0,3.0,cash,takeaway,2023-10-02
txn_1254663,coffee,3,2.0,,,,2023-08-15
txn_7174856,sandwich,1,4.0,4.0,cash,takeaway,2023-05-03
txn_5548756,cookie,4,1.0,4.0,credit card,error,2023-09-09
txn_2736267,salad,5,5.0,25.0,error,in-store,2023-03-17
txn_7595907,,5,,15.0,,in-store,2023-04-24
txn_1990997,salad,1,5.0,5.0,digital wallet,,2023-03-27
txn_3820150,tea,1,1.5,1.5,error,,2023-05-10
txn_7325508,salad,4,5.0,20.0,credit card,takeaway,2023-05-27
txn_5398134,coffee,2,2.0,4.0,credit card,unknown,2023-10-01
txn_2150872,unknown,5,,15.0,cash,takeaway,2023-03-18
txn_6563365,juice,error,3.0,12.0,,takeaway,
txn_9669616,coffee,error,2.0,,,error,2023-06-03
txn_1936447,cookie,2,1.0,2.0,cash,,2023-10-28
txn_8469087,salad,2,5.0,10.0,digital wallet,takeaway,2023-11-06
txn_5556985,juice,3,3.0,9.0,digital wallet,in-store,
txn_8621589,juice,5,3.0,15.0,digital wallet,,2023-11-15
txn_9901097,coffee,1,2.0,2.0,cash,,2023-01-07
txn_8783484,smoothie,1,4.0,4.0,cash,in-store,2023-11-20
txn_9599703,cake,2,3.0,6.0,digital wallet,in-store,2023-09-25
txn_1353248,sandwich,3,4.0,12.0,cash,unknown,2023-09-03
txn_2470745,sandwich,error,4.0,8.0,digital wallet,,2023-01-10
txn_1266598,cake,4,3.0,12.0,digital wallet,,2023-04-05
txn_5445994,juice,1,3.0,3.0,credit card,in-store,2023-06-11
txn_5689687,cake,5,3.0,15.0,,in-store,2023-06-04
txn_2208733,juice,1,3.0,3.0,,takeaway,2023-06-20
txn_1547245,sandwich,,4.0,,,takeaway,2023-09-11
txn_4694285,tea,3,1.5,4.5,,in-store,2023-01-25
txn_3829375,juice,5,,15.0,cash,,2023-12-18
txn_1932224,coffee,1,2.0,2.0,credit card,,2023-09-09
txn_5468153,smoothie,5,4.0,20.0,digital wallet,in-store,2023-12-15
txn_9363711,coffee,5,2.0,10.0,digital wallet,takeaway,2023-11-23
txn_6845073,cookie,1,1.0,1.0,credit card,in-store,2023-04-05
txn_1621227,coffee,2,2.0,4.0,cash,,
txn_1691313,sandwich,2,4.0,8.0,digital wallet,takeaway,2023-03-17
txn_4007522,cake,2,3.0,,cash,takeaway,2023-12-20
txn_3175177,juice,3,3.0,9.0,credit card,,2023-10-24
txn_9282265,salad,2,5.0,10.0,credit card,,2023-03-20
txn_8265257,coffee,1,2.0,2.0,error,in-store,2023-10-25
txn_5425668,cookie,5,1.0,5.0,cash,takeaway,2023-04-09
txn_7738455,tea,3,1.5,4.5,digital wallet,,2023-06-05
txn_7349681,salad,1,,5.0,cash,in-store,2023-08-09
txn_2660576,sandwich,1,4.0,4.0,,,2023-05-15
txn_2101934,smoothie,4,4.0,16.0,cash,in-store,2023-11-27
txn_1525583,sandwich,3,,,cash,takeaway,2023-05-20
txn_6110108,tea,error,1.5,7.5,,takeaway,2023-02-10
txn_9205425,sandwich,3,4.0,12.0,digital wallet,takeaway,2023-09-16
txn_9306482,smoothie,2,4.0,8.0,digital wallet,takeaway,2023-01-16
txn_8407849,cookie,2,1.0,2.0,,,2023-05-05
txn_3162244,sandwich,error,4.0,20.0,digital wallet,in-store,2023-12-15
txn_9121687,sandwich,2,4.0,8.0,error,in-store,2023-05-13
txn_3182191,cake,5,3.0,15.0,digital wallet,,2023-07-21
txn_4734366,smoothie,1,4.0,4.0,credit card,takeaway,2023-08-20
txn_4430006,juice,5,3.0,15.0,unknown,,2023-01-14
txn_7341975,juice,2,3.0,6.0,digital wallet,,2023-07-29
txn_8787149,juice,1,3.0,3.0,,error,2023-04-20
txn_4224284,cookie,2,1.0,2.0,unknown,takeaway,2023-09-04
txn_2177436,cake,,3.0,3.0,error,takeaway,2023-03-13
txn_5097542,cake,5,3.0,15.0,cash,,2023-05-15
txn_4260738,coffee,2,2.0,4.0,,in-store,2023-11-15
txn_5402821,salad,4,5.0,20.0,,,2023-11-29
txn_4130343,coffee,4,2.0,8.0,credit card,in-store,2023-12-08
txn_3028667,juice,2,3.0,6.0,,takeaway,2023-11-24
txn_8592808,error,1,4.0,4.0,credit card,,2023-04-02
txn_5875201,unknown,unknown,4.0,4.0,,in-store,2023-01-31
txn_6849062,coffee,5,2.0,10.0,cash,,2023-07-30
txn_4336844,smoothie,4,4.0,16.0,,,2023-07-09
txn_6090715,juice,3,3.0,9.0,credit card,in-store,2023-11-14
txn_9162014,cake,1,3.0,3.0,cash,,2023-07-21
txn_4751689,smoothie,5,4.0,,cash,in-store,2023-07-28
txn_2200163,coffee,4,2.0,8.0,cash,unknown,2023-03-13
txn_7310903,smoothie,3,4.0,12.0,credit card,,2023-09-10
txn_7155957,salad,5,5.0,25.0,digital wallet,in-store,2023-02-22
txn_4350828,juice,2,3.0,6.0,digital wallet,in-store,2023-02-16
txn_7539585,smoothie,5,4.0,20.0,,,2023-10-20
txn_6868763,error,3,3.0,9.0,digital wallet,in-store,2023-01-13
txn_6156180,coffee,unknown,2.0,10.0,cash,,2023-07-25
txn_4970127,tea,1,1.5,1.5,digital wallet,in-store,2023-12-09
txn_9567719,sandwich,5,4.0,20.0,digital wallet,in-store,2023-01-24
txn_2950265,salad,3,5.0,15.0,credit card,,2023-08-23
txn_1556609,sandwich,1,4.0,4.0,digital wallet,,2023-07-21
txn_2203547,juice,3,3.0,9.0,,in-store,2023-07-01
txn_1084010,smoothie,2,4.0,8.0,credit card,in-store,2023-08-11
txn_4218637,tea,5,1.5,7.5,cash,,2023-08-31
txn_2245465,salad,2,5.0,10.0,digital wallet,,2023-12-27
txn_4742049,juice,1,3.0,3.0,credit card,takeaway,2023-09-10
txn_9889005,cake,3,3.0,9.0,unknown,,2023-12-16
txn_4840522,smoothie,3,4.0,12.0,,in-store,2023-06-16
txn_2585392,salad,4,5.0,20.0,,,2023-07-12
txn_3135264,unknown,2,3.0,6.0,digital wallet,,2023-08-25
txn_2180562,salad,2,5.0,10.0,,takeaway,2023-07-02
txn_5905580,error,3,1.0,3.0,cash,takeaway,2023-02-20
txn_5993677,cake,4,3.0,12.0,,takeaway,2023-01-28
txn_8984991,smoothie,3,4.0,12.0,credit card,,2023-05-17
txn_3522597,unknown,3,1.5,4.5,digital wallet,in-store,2023-02-04
txn_6123633,salad,3,5.0,15.0,unknown,,2023-01-16
txn_6769554,coffee,5,2.0,10.0,credit card,takeaway,2023-02-06
txn_5761414,smoothie,1,4.0,4.0,digital wallet,,2023-10-02
txn_5157516,salad,3,5.0,15.0,,in-store,2023-10-09
txn_2614633,coffee,4,2.0,8.0,digital wallet,in-store,2023-04-23
txn_3781240,cake,5,3.0,15.0,,takeaway,2023-05-27
txn_7068823,,4,4.0,16.0,,takeaway,2023-06-28
txn_2085081,cake,2,3.0,6.0,cash,,2023-03-14
txn_3399636,juice,3,3.0,9.0,digital wallet,takeaway,2023-08-07
txn_8587529,cookie,2,1.0,2.0,credit card,takeaway,2023-07-09
txn_1476775,salad,3,5.0,15.0,credit card,,2023-11-01
txn_6945985,tea,3,1.5,4.5,digital wallet,in-store,2023-02-13
txn_4117627,cake,3,3.0,9.0,credit card,in-store,2023-06-22
txn_7530300,coffee,3,2.0,6.0,digital wallet,,2023-05-08
txn_7071783,cookie,4,1.0,4.0,cash,,2023-07-04
txn_3676305,salad,5,5.0,25.0,credit card,,2023-06-14
txn_8867827,tea,1,1.5,1.5,digital wallet,,2023-01-14
txn_9061106,cake,4,3.0,12.0,digital wallet,takeaway,2023-11-04
txn_1245485,cake,1,,3.0,digital wallet,error,2023-05-15
txn_1357780,tea,4,,6.0,,in-store,2023-10-23
txn_4075053,unknown,3,4.0,12.0,digital wallet,takeaway,2023-02-27
txn_6113724,coffee,1,,2.0,digital wallet,takeaway,2023-03-26
txn_6496176,cookie,4,1.0,4.0,,in-store,2023-07-26
txn_2381411,coffee,5,2.0,10.0,cash,in-store,2023-07-30
txn_9210096,smoothie,3,4.0,12.0,,unknown,2023-05-25
txn_4563544,sandwich,5,4.0,20.0,,error,2023-06-10
txn_2546684,juice,error,3.0,,digital wallet,takeaway,2023-04-08
txn_4623468,coffee,5,2.0,10.0,credit card,takeaway,
txn_2168277,cookie,1,1.0,1.0,,takeaway,2023-06-02
txn_9178545,juice,4,3.0,12.0,cash,in-store,2023-01-24
txn_8535886,tea,5,1.5,7.5,credit card,in-store,2023-05-13
txn_1037486,salad,5,5.0,25.0,digital wallet,in-store,
txn_7978452,cake,5,3.0,15.0,digital wallet,,2023-10-03
txn_8488163,sandwich,4,4.0,,unknown,,2023-01-19
txn_6926855,sandwich,3,4.0,12.0,cash,takeaway,2023-01-12
txn_9869593,cake,2,3.0,6.0,digital wallet,takeaway,2023-10-03
txn_3055407,tea,2,1.5,3.0,unknown,,2023-06-03
txn_4981027,coffee,3,2.0,6.0,,,2023-08-02
txn_5332773,coffee,2,2.0,4.0,digital wallet,takeaway,2023-05-04
txn_5946554,cake,2,3.0,,,,2023-03-01
txn_7508715,smoothie,2,4.0,8.0,cash,in-store,2023-12-11
txn_9728789,cookie,3,1.0,3.0,cash,in-store,2023-03-29
txn_8061866,salad,4,5.0,20.0,cash,takeaway,2023-12-13
txn_8961034,juice,2,3.0,6.0,,,2023-01-21
txn_1099119,smoothie,4,4.0,16.0,cash,,2023-02-09
txn_2421387,cookie,4,1.0,4.0,,,2023-04-09
txn_8627017,tea,4,1.5,6.0,cash,in-store,2023-01-28
txn_7468084,coffee,5,2.0,10.0,credit card,,2023-06-14
txn_1185069,salad,1,5.0,5.0,digital wallet,unknown,2023-02-21
txn_5100941,cookie,5,1.0,,digital wallet,,2023-07-11
txn_6428745,cake,1,3.0,3.0,,takeaway,2023-06-02
txn_4096757,salad,5,5.0,25.0,credit card,in-store,2023-07-20
txn_6057914,smoothie,2,4.0,8.0,digital wallet,error,2023-03-18
txn_2517078,sandwich,2,4.0,8.0,,in-store,2023-03-07
txn_2890321,tea,3,1.5,4.5,cash,in-store,2023-06-13
txn_4808812,smoothie,4,4.0,16.0,unknown,,2023-05-31
txn_1866707,smoothie,3,4.0,12.0,cash,,2023-06-05
txn_9745609,salad,3,5.0,15.0,,,2023-02-05
txn_8488298,cake,3,3.0,9.0,cash,,2023-11-03
txn_2515796,tea,3,1.5,4.5,credit card,takeaway,2023-02-06
txn_2369294,sandwich,2,4.0,8.0,cash,takeaway,2023-09-07
txn_9444736,tea,5,1.5,7.5,credit card,takeaway,2023-04-23
txn_4764398,sandwich,2,4.0,8.0,credit card,,2023-06-13
txn_8696392,juice,,3.0,3.0,,,2023-04-16
txn_1993675,cookie,3,1.0,3.0,cash,takeaway,2023-01-09
txn_7754136,cookie,1,1.0,1.0,credit card,in-store,2023-07-12
txn_4873173,coffee,5,2.0,10.0,cash,takeaway,2023-10-08
txn_7221126,tea,5,1.5,7.5,digital wallet,in-store,2023-10-11
txn_4537288,cookie,1,1.0,1.0,cash,,2023-02-25
txn_5492760,cake,2,3.0,6.0,,takeaway,
txn_5079166,salad,5,5.0,25.0,credit card,takeaway,2023-04-15
txn_4597600,cookie,5,1.0,,,takeaway,2023-11-15
txn_6568440,cookie,1,1.0,1.0,,takeaway,2023-06-15
txn_1713639,cookie,1,1.0,1.0,,,2023-08-04
txn_4780352,salad,,5.0,5.0,digital wallet,takeaway,2023-01-12
txn_6419344,juice,1,3.0,3.0,cash,in-store,2023-05-26
txn_3669068,cake,5,3.0,15.0,cash,takeaway,2023-01-17
txn_2201248,tea,1,,1.5,cash,takeaway,2023-07-20
txn_4432252,smoothie,5,4.0,20.0,credit card,,2023-02-16
txn_6595038,cookie,2,,2.0,,,2023-02-08
txn_2940895,cake,4,3.0,12.0,,unknown,2023-02-20
txn_9796122,salad,3,5.0,15.0,,,
txn_4069354,salad,1,5.0,5.0,unknown,,2023-08-18
txn_9737509,tea,5,1.5,7.5,digital wallet,in-store,2023-11-27
txn_8749404,coffee,4,2.0,8.0,digital wallet,in-store,2023-12-16
txn_2069068,cake,5,3.0,15.0,,in-store,2023-06-15
txn_7010812,error,2,5.0,10.0,digital wallet,in-store,2023-11-13
txn_6411385,salad,4,5.0,20.0,cash,takeaway,2023-06-06
txn_4375698,sandwich,error,4.0,20.0,credit card,in-store,2023-12-30
txn_4768744,tea,5,1.5,7.5,cash,in-store,2023-05-14
txn_5260646,tea,4,1.5,6.0,cash,takeaway,2023-11-18
txn_2393219,juice,4,3.0,12.0,digital wallet,in-store,2023-12-27
txn_4544172,juice,1,3.0,3.0,digital wallet,takeaway,2023-05-20
txn_1180623,sandwich,5,4.0,20.0,,in-store,2023-09-23
txn_8275137,salad,4,5.0,20.0,cash,error,2023-11-16
txn_3758861,smoothie,3,4.0,12.0,credit card,error,2023-07-03
txn_6279736,salad,1,5.0,5.0,,,2023-08-25
txn_8661276,cookie,1,1.0,1.0,digital wallet,in-store,2023-01-07
txn_5974796,sandwich,4,4.0,16.0,cash,in-store,2023-11-09
txn_9880967,cookie,error,1.0,3.0,credit card,in-store,2023-01-15
txn_5452978,salad,2,5.0,10.0,cash,in-store,2023-04-10
txn_7231153,unknown,1,5.0,5.0,cash,in-store,2023-06-15
txn_6455517,cake,2,3.0,6.0,cash,,2023-08-04
txn_4038488,error,3,3.0,9.0,credit card,,2023-12-05
txn_3933290,coffee,1,2.0,2.0,,,2023-08-05
txn_9655661,juice,1,3.0,3.0,digital wallet,,2023-06-07
txn_7932830,unknown,2,3.0,6.0,,takeaway,2023-01-08
txn_1931190,cookie,3,1.0,3.0,unknown,takeaway,2023-12-31
txn_8633758,,1,5.0,5.0,credit card,takeaway,2023-09-24
txn_4887189,smoothie,3,4.0,12.0,cash,takeaway,2023-07-19
txn_7687146,coffee,1,2.0,2.0,digital wallet,takeaway,2023-12-02
txn_9728414,tea,1,1.5,1.5,credit card,takeaway,2023-01-11
txn_3081950,cookie,1,1.0,1.0,digital wallet,error,2023-05-01
txn_7589318,cake,4,3.0,12.0,cash,in-store,2023-09-21
txn_9452972,sandwich,3,4.0,12.0,digital wallet,,2023-02-10
txn_9299563,juice,5,3.0,15.0,credit card,,2023-03-27
txn_2273499,,3,2.0,,cash,takeaway,2023-01-27
txn_3374343,cake,2,3.0,6.0,,,2023-09-02
txn_8732269,cake,2,3.0,6.0,credit card,takeaway,2023-01-11
txn_6763296,coffee,5,,10.0,cash,,2023-10-04
txn_3758250,salad,3,5.0,15.0,cash,in-store,2023-09-08
txn_7764304,cake,error,,3.0,credit card,takeaway,2023-01-09
txn_8697749,cookie,3,1.0,3.0,,takeaway,2023-07-24
txn_6904247,,3,4.0,12.0,credit card,,2023-09-19
txn_6027798,cookie,2,1.0,2.0,digital wallet,,2023-05-26
txn_4482692,salad,2,5.0,10.0,error,,2023-04-14
txn_8196921,coffee,4,2.0,8.0,credit card,takeaway,2023-05-19
txn_9289408,coffee,4,2.0,8.0,digital wallet,,2023-09-23
txn_3771902,juice,5,,15.0,cash,takeaway,2023-03-31
txn_8506937,salad,1,5.0,,,in-store,2023-09-07
txn_6706566,unknown,3,1.0,3.0,cash,,2023-09-01
txn_6217375,smoothie,5,4.0,20.0,cash,unknown,2023-12-07
txn_3779320,tea,4,1.5,6.0,credit card,in-store,2023-03-27
txn_2894525,juice,3,,9.0,error,takeaway,2023-04-16
txn_9789876,salad,4,5.0,20.0,cash,takeaway,2023-09-05
txn_9129403,sandwich,3,4.0,12.0,credit card,,2023-12-05
txn_2944325,sandwich,4,4.0,16.0,cash,,2023-12-18
txn_5591155,smoothie,4,4.0,16.0,,takeaway,2023-05-14
txn_6532832,cookie,5,1.0,,cash,in-store,2023-06-23
txn_5992166,juice,5,3.0,15.0,cash,takeaway,2023-10-01
txn_6895165,coffee,3,2.0,6.0,credit card,takeaway,2023-02-18
txn_3410147,juice,error,3.0,3.0,,,2023-09-30
txn_6269306,smoothie,5,4.0,20.0,credit card,,2023-08-29
txn_2132747,sandwich,2,4.0,8.0,,in-store,2023-12-19
txn_6241505,smoothie,4,4.0,16.0,cash,takeaway,2023-11-20
txn_7965585,smoothie,5,4.0,20.0,,takeaway,2023-01-30
txn_1950063,salad,2,5.0,10.0,cash,,2023-02-24
txn_4682737,coffee,2,2.0,4.0,cash,takeaway,2023-02-03
txn_4376376,unknown,3,5.0,15.0,digital wallet,error,2023-09-05
txn_9061471,cake,1,3.0,3.0,digital wallet,takeaway,2023-07-13
txn_8932070,error,3,4.0,12.0,digital wallet,in-store,2023-12-03
txn_8410979,smoothie,3,4.0,12.0,digital wallet,in-store,2023-05-02
txn_3710523,sandwich,3,4.0,12.0,digital wallet,,2023-10-03
txn_8014289,juice,5,3.0,15.0,digital wallet,in-store,2023-12-04
txn_1888294,juice,3,3.0,9.0,cash,,2023-07-03
txn_8628615,,1,2.0,2.0,credit card,takeaway,2023-08-03
txn_2648236,smoothie,2,4.0,8.0,credit card,in-store,2023-09-10
txn_1837817,tea,2,1.5,3.0,cash,error,2023-08-13
txn_8467229,error,3,1.5,4.5,,takeaway,2023-02-02
txn_4197575,salad,2,5.0,10.0,credit card,,2023-01-21
txn_5863650,tea,1,1.5,1.5,digital wallet,in-store,2023-08-09
txn_7371295,unknown,3,3.0,9.0,,,2023-03-28
txn_1292476,juice,4,3.0,12.0,digital wallet,takeaway,2023-09-07
txn_4872708,coffee,5,2.0,10.0,cash,,2023-11-16
txn_1299936,coffee,1,2.0,2.0,,takeaway,2023-03-27
txn_2199236,smoothie,5,4.0,20.0,,takeaway,2023-10-06
txn_1311237,cookie,4,1.0,4.0,credit card,,2023-11-11
txn_9265423,juice,1,,3.0,,,2023-10-20
txn_5808749,salad,1,5.0,5.0,cash,takeaway,2023-01-25
txn_7677646,sandwich,5,4.0,20.0,,,2023-02-15
txn_3894165,smoothie,5,4.0,20.0,credit card,,2023-03-31
txn_5270067,cake,3,3.0,9.0,digital wallet,unknown,2023-03-09
txn_9326761,tea,1,1.5,1.5,,,2023-01-02
txn_2168513,cake,1,3.0,3.0,digital wallet,in-store,2023-02-09
txn_3947116,sandwich,1,4.0,4.0,,takeaway,2023-01-13
txn_7248722,cake,3,3.0,9.0,cash,takeaway,2023-04-06
txn_9989458,smoothie,3,4.0,12.0,cash,,2023-02-16
txn_1850339,cookie,5,1.0,5.0,cash,takeaway,2023-01-17
txn_9934619,cookie,1,1.0,1.0,,in-store,2023-02-11
txn_4551353,tea,5,1.5,7.5,digital wallet,in-store,2023-08-17
txn_6657245,sandwich,1,4.0,4.0,,in-store,2023-10-25
txn_1786141,smoothie,4,4.0,16.0,error,,2023-03-12
txn_6405088,juice,1,3.0,3.0,,in-store,2023-07-24
txn_1185003,error,5,3.0,15.0,cash,takeaway,2023-01-06
txn_4550558,cookie,,1.0,,credit card,in-store,2023-08-04
txn_9555291,error,3,4.0,12.0,credit card,,2023-09-21
txn_8571432,juice,2,3.0,6.0,cash,,2023-12-07
txn_6744096,coffee,1,2.0,2.0,digital wallet,in-store,2023-11-15
txn_8512204,unknown,4,4.0,16.0,cash,takeaway,2023-06-01
txn_3485502,juice,2,3.0,6.0,,,2023-12-25
txn_5188843,smoothie,2,4.0,8.0,cash,in-store,2023-02-06
txn_4821343,cookie,1,1.0,1.0,credit card,in-store,2023-09-16
txn_4988100,coffee,1,2.0,2.0,digital wallet,in-store,
txn_7791428,smoothie,5,,20.0,digital wallet,takeaway,2023-10-10
txn_8725610,sandwich,2,4.0,8.0,,takeaway,2023-02-11
txn_8404563,tea,1,1.5,1.5,cash,in-store,2023-01-22
txn_8942133,salad,3,5.0,15.0,cash,takeaway,2023-10-04
txn_1122699,unknown,5,5.0,25.0,digital wallet,in-store,2023-10-14
txn_9230208,juice,3,3.0,9.0,credit card,,2023-05-13
txn_4932916,unknown,1,2.0,2.0,,takeaway,2023-12-13
txn_8980468,smoothie,5,4.0,20.0,cash,,2023-08-24
txn_4175635,salad,3,5.0,15.0,unknown,takeaway,2023-05-26
txn_2851446,salad,2,,10.0,credit card,takeaway,2023-10-08
txn_8359693,sandwich,2,4.0,8.0,digital wallet,in-store,2023-10-23
txn_9432268,salad,unknown,5.0,20.0,,takeaway,2023-01-25
txn_2244902,coffee,5,2.0,10.0,credit card,,2023-02-13
txn_5561958,smoothie,4,4.0,16.0,digital wallet,,2023-07-24
txn_6963106,sandwich,1,4.0,4.0,cash,in-store,2023-06-01
txn_6008133,coffee,3,2.0,6.0,digital wallet,unknown,2023-11-08
txn_9119194,cake,unknown,3.0,9.0,cash,takeaway,2023-01-29
txn_2551074,cookie,1,1.0,1.0,cash,,2023-09-17
txn_1899827,coffee,5,2.0,10.0,credit card,takeaway,2023-06-24
txn_3046572,salad,4,5.0,20.0,cash,error,2023-05-16
txn_6397921,,1,4.0,4.0,,in-store,2023-12-01
txn_8701063,sandwich,2,4.0,8.0,,,2023-08-23
txn_9157625,tea,5,1.5,7.5,credit card,takeaway,2023-02-10
txn_7865037,coffee,1,2.0,2.0,digital wallet,,2023-06-05
txn_8410376,coffee,4,2.0,8.0,digital wallet,,2023-07-02
txn_4192665,coffee,1,2.0,2.0,cash,,2023-07-15
txn_5433077,cake,4,3.0,12.0,cash,in-store,2023-11-29
txn_1844925,tea,5,1.5,7.5,cash,,2023-10-21
txn_7215311,tea,1,1.5,1.5,,,2023-07-31
txn_8003664,sandwich,1,4.0,4.0,credit card,unknown,2023-11-26
txn_3872616,cake,2,3.0,6.0,,takeaway,2023-10-23
txn_3659483,smoothie,3,4.0,,cash,,2023-05-14
txn_1688499,smoothie,2,4.0,8.0,credit card,,2023-03-23
txn_5632556,juice,4,3.0,,digital wallet,in-store,2023-05-16
txn_7954416,coffee,1,2.0,2.0,digital wallet,in-store,2023-06-04
txn_7845656,juice,3,3.0,9.0,credit card,takeaway,
txn_7421687,coffee,5,2.0,10.0,credit card,in-store,2023-11-18
txn_2444134,,2,4.0,8.0,credit card,in-store,2023-01-16
txn_3793672,cookie,5,1.0,5.0,credit card,,2023-01-14
txn_1903825,salad,4,5.0,20.0,digital wallet,takeaway,2023-04-01
txn_4267136,tea,1,1.5,1.5,credit card,in-store,2023-08-02
txn_6281616,coffee,4,2.0,8.0,,,2023-08-19
txn_6567287,cookie,4,1.0,4.0,digital wallet,takeaway,
txn_3743107,coffee,4,2.0,8.0,cash,,2023-01-14
txn_6739664,salad,3,5.0,15.0,cash,,2023-09-12
txn_8343149,juice,unknown,3.0,15.0,digital wallet,in-store,2023-10-28
txn_2376870,error,5,4.0,20.0,digital wallet,,
txn_2025634,unknown,1,4.0,4.0,,,
txn_7187140,juice,2,3.0,6.0,credit card,in-store,2023-05-25
txn_6988675,coffee,1,2.0,2.0,,in-store,2023-02-24
txn_1108326,cake,2,3.0,,,takeaway,
txn_6544160,salad,unknown,5.0,5.0,unknown,error,2023-02-05
txn_3053494,,5,3.0,15.0,digital wallet,in-store,2023-06-11
txn_9653700,error,1,3.0,3.0,credit card,,2023-03-12
txn_4623303,smoothie,3,4.0,12.0,,in-store,2023-01-29
txn_7568175,salad,1,5.0,5.0,cash,in-store,2023-11-06
txn_4968258,smoothie,2,4.0,8.0,,takeaway,2023-05-14
txn_8843061,smoothie,1,4.0,4.0,cash,takeaway,2023-11-10
txn_5666241,cookie,error,1.0,4.0,,takeaway,2023-07-18
txn_7079566,juice,4,3.0,12.0,digital wallet,in-store,2023-10-20
txn_3937788,smoothie,1,4.0,4.0,cash,in-store,2023-06-27
txn_3397034,cake,4,3.0,12.0,,error,2023-04-11
txn_8343414,salad,2,5.0,10.0,credit card,takeaway,2023-02-28
txn_4204491,smoothie,2,4.0,8.0,digital wallet,,2023-04-25
txn_4801327,cake,5,3.0,15.0,cash,in-store,2023-02-03
txn_4276482,sandwich,4,4.0,16.0,,takeaway,2023-08-26
txn_6025054,coffee,1,2.0,2.0,credit card,takeaway,2023-03-10
txn_1485725,salad,5,5.0,25.0,,in-store,2023-12-10
txn_9929033,coffee,2,2.0,4.0,cash,takeaway,2023-02-17
txn_1888706,cookie,1,1.0,1.0,,takeaway,2023-11-26
txn_7495804,juice,3,3.0,9.0,credit card,takeaway,2023-11-24
txn_5133476,juice,4,3.0,12.0,error,,2023-03-17
txn_5542500,sandwich,3,,12.0,credit card,,2023-07-19
txn_5895330,salad,5,5.0,25.0,,in-store,2023-05-12
txn_5351447,salad,4,5.0,20.0,,,2023-07-20
txn_8505782,cookie,2,1.0,2.0,,in-store,2023-11-24
txn_8365530,,4,,16.0,,takeaway,2023-03-10
txn_2357107,sandwich,1,4.0,4.0,,in-store,2023-07-05
txn_1371708,cookie,2,1.0,2.0,,takeaway,2023-03-14
txn_6265785,error,5,5.0,25.0,credit card,takeaway,2023-08-26
txn_6806563,coffee,1,2.0,2.0,,,2023-04-16
txn_8183734,cookie,2,1.0,2.0,digital wallet,in-store,2023-08-25
txn_6882503,tea,1,1.5,1.5,,in-store,2023-01-02
txn_2785654,tea,1,1.5,1.5,credit card,takeaway,2023-02-21
txn_1453579,sandwich,5,4.0,20.0,,,2023-01-21
txn_1121833,coffee,4,2.0,8.0,credit card,in-store,2023-03-16
txn_1277989,unknown,5,1.5,7.5,,in-store,2023-08-09
txn_8249996,unknown,unknown,1.0,4.0,digital wallet,,2023-09-19
txn_7471281,sandwich,5,4.0,20.0,,,2023-06-16
txn_1512159,cake,2,3.0,6.0,credit card,in-store,2023-11-25
txn_4008899,salad,4,5.0,20.0,,,2023-05-07
txn_4566950,coffee,2,2.0,4.0,cash,takeaway,2023-09-29
txn_6648081,salad,4,5.0,20.0,,takeaway,2023-04-24
txn_5094936,coffee,4,2.0,8.0,,in-store,2023-07-12
txn_8154928,tea,3,1.5,,credit card,,2023-07-26
txn_6550707,coffee,1,2.0,,digital wallet,,2023-03-01
txn_3676019,juice,4,3.0,12.0,digital wallet,,2023-11-07
txn_2486026,tea,5,,7.5,digital wallet,in-store,2023-03-26
txn_9644830,cookie,1,1.0,1.0,,,2023-11-24
txn_3219378,salad,3,5.0,15.0,digital wallet,in-store,2023-12-04
txn_6372515,cookie,1,1.0,1.0,digital wallet,in-store,2023-11-22
txn_4692681,tea,2,1.5,3.0,,,2023-06-02
txn_9364172,tea,4,1.5,6.0,,takeaway,2023-03-18
txn_4745933,salad,1,5.0,5.0,digital wallet,in-store,2023-11-05
txn_6540267,salad,2,5.0,10.0,,takeaway,2023-09-26
txn_6994245,coffee,4,2.0,8.0,digital wallet,in-store,2023-12-30
txn_8973007,coffee,5,2.0,10.0,,takeaway,2023-02-07
txn_5108183,smoothie,,4.0,16.0,credit card,error,2023-08-31
txn_8103630,cookie,1,1.0,1.0,digital wallet,takeaway,2023-03-08
txn_2575160,tea,5,1.5,7.5,,unknown,2023-01-02
txn_8002309,sandwich,1,4.0,4.0,,,2023-04-04
txn_3252542,sandwich,5,4.0,20.0,digital wallet,in-store,2023-09-22
txn_4775220,juice,3,3.0,9.0,,takeaway,2023-07-21
txn_4413197,tea,4,1.5,6.0,digital wallet,,2023-09-06
txn_1283149,salad,2,5.0,10.0,credit card,in-store,2023-01-23
txn_6822426,cake,5,3.0,15.0,digital wallet,in-store,2023-05-27
txn_8210816,salad,4,5.0,20.0,digital wallet,takeaway,2023-08-12
txn_5896728,juice,4,3.0,12.0,digital wallet,takeaway,2023-10-06
txn_4407308,tea,4,1.5,6.0,digital wallet,in-store,2023-09-19
txn_7710078,juice,2,3.0,6.0,credit card,takeaway,2023-12-05
txn_5206046,sandwich,3,4.0,12.0,,in-store,
txn_6016707,juice,1,3.0,3.0,cash,in-store,2023-06-27
txn_7895436,cake,3,3.0,9.0,,,2023-09-09
txn_3600632,unknown,4,2.0,8.0,cash,takeaway,2023-12-09
txn_4565969,coffee,3,2.0,6.0,,takeaway,2023-03-16
txn_7821478,cake,4,,12.0,cash,in-store,2023-05-24
txn_2971555,cake,1,3.0,3.0,cash,,2023-02-24
txn_1465364,tea,4,1.5,6.0,digital wallet,in-store,
txn_9664173,sandwich,1,4.0,4.0,,in-store,2023-03-20
txn_4049270,,5,2.0,10.0,digital wallet,in-store,2023-07-28
txn_4731715,coffee,5,2.0,10.0,,,2023-03-14
txn_3377626,cookie,5,1.0,5.0,cash,in-store,2023-07-23
txn_5753111,salad,1,5.0,5.0,credit card,,2023-04-25
txn_2054549,smoothie,unknown,4.0,4.0,unknown,in-store,2023-04-07
txn_6996548,coffee,unknown,2.0,2.0,credit card,,2023-06-24
txn_6761402,error,1,2.0,2.0,,takeaway,2023-08-31
txn_1983842,cake,5,3.0,15.0,digital wallet,error,2023-03-16
txn_4982165,tea,1,1.5,1.5,credit card,takeaway,2023-04-12
txn_5679295,tea,5,,7.5,,takeaway,2023-04-30
txn_9194266,salad,5,5.0,25.0,cash,,2023-10-30
txn_1141920,coffee,4,2.0,8.0,digital wallet,,2023-10-26
txn_8878500,salad,4,5.0,20.0,,,2023-02-24
txn_1012349,unknown,4,3.0,12.0,cash,in-store,2023-07-08
txn_3811655,smoothie,2,4.0,,,,
txn_1581562,coffee,2,2.0,4.0,cash,in-store,2023-01-01
txn_6762236,juice,4,3.0,12.0,unknown,in-store,2023-01-17
txn_1041891,cookie,5,1.0,5.0,,,2023-08-09
txn_6467796,,5,2.0,10.0,credit card,takeaway,2023-10-25
txn_8701045,unknown,2,3.0,6.0,cash,in-store,2023-06-07
txn_9656325,error,2,2.0,4.0,credit card,takeaway,2023-03-31
txn_2716560,sandwich,4,4.0,16.0,credit card,takeaway,2023-08-29
txn_4141941,coffee,2,2.0,4.0,digital wallet,in-store,2023-05-18
txn_4633505,,3,1.5,4.5,digital wallet,takeaway,2023-08-25
txn_5283053,juice,4,3.0,12.0,digital wallet,,2023-04-30
txn_1054912,sandwich,3,4.0,12.0,cash,,2023-08-02
txn_9100081,juice,1,3.0,3.0,cash,,2023-08-18
txn_5129701,smoothie,2,4.0,8.0,credit card,takeaway,2023-11-09
txn_7021592,salad,4,5.0,20.0,credit card,in-store,2023-07-01
txn_8644119,sandwich,error,4.0,20.0,,,2023-10-01
txn_3041142,smoothie,3,4.0,12.0,digital wallet,error,2023-12-22
txn_5618631,coffee,5,2.0,10.0,credit card,in-store,2023-12-21
txn_6496379,sandwich,1,4.0,4.0,cash,takeaway,2023-12-24
txn_1486119,cookie,4,1.0,4.0,,unknown,2023-08-24
txn_2386202,salad,4,5.0,20.0,cash,in-store,2023-01-22
txn_6836109,coffee,4,2.0,8.0,,takeaway,2023-04-09
txn_9190061,salad,5,5.0,25.0,cash,takeaway,2023-06-14
txn_1691512,smoothie,1,4.0,4.0,,unknown,2023-03-25
txn_1059293,unknown,5,4.0,20.0,unknown,,2023-12-04
txn_8813052,tea,4,1.5,6.0,,in-store,
txn_2495471,salad,3,5.0,15.0,credit card,takeaway,2023-10-22
txn_7708201,salad,3,5.0,15.0,cash,,2023-01-04
txn_2038871,tea,2,1.5,3.0,,takeaway,2023-07-15
txn_7195393,salad,2,5.0,10.0,credit card,in-store,2023-01-24
txn_8022892,sandwich,4,4.0,16.0,digital wallet,in-store,2023-08-07
txn_4298189,coffee,1,2.0,2.0,digital wallet,in-store,2023-10-13
txn_4967446,sandwich,1,4.0,4.0,error,in-store,2023-07-11
txn_3368231,tea,3,1.5,4.5,,,2023-08-11
txn_7353699,tea,5,1.5,7.5,digital wallet,,2023-07-20
txn_6888998,coffee,5,2.0,10.0,,,2023-02-27
txn_3541304,sandwich,3,4.0,12.0,cash,in-store,2023-04-22
txn_8188818,tea,2,1.5,3.0,error,,2023-10-07
txn_9431971,smoothie,1,4.0,4.0,credit card,error,2023-07-17
txn_4543742,coffee,3,2.0,6.0,digital wallet,,2023-03-28
txn_5961027,cake,2,3.0,6.0,cash,in-store,
txn_1807140,salad,error,5.0,5.0,cash,,2023-03-22
txn_3007866,juice,4,3.0,12.0,credit card,in-store,2023-04-14
txn_6779377,smoothie,5,4.0,20.0,,in-store,2023-10-06
txn_7053830,coffee,3,2.0,6.0,digital wallet,,2023-02-14
txn_3660048,cake,1,,3.0,credit card,error,
txn_6522299,tea,2,1.5,3.0,cash,error,2023-08-29
txn_5811766,cake,5,,15.0,digital wallet,in-store,
txn_2848421,cookie,1,1.0,1.0,digital wallet,in-store,2023-08-07
txn_4935533,unknown,1,4.0,4.0,,in-store,2023-06-12
txn_2389320,coffee,2,2.0,4.0,,takeaway,2023-07-26
txn_8423155,coffee,1,2.0,2.0,,takeaway,2023-07-03
txn_6053617,sandwich,2,4.0,8.0,credit card,,2023-11-25
txn_8384372,tea,4,1.5,6.0,digital wallet,,2023-08-07
txn_3426338,salad,1,5.0,5.0,cash,in-store,2023-07-31
txn_4581359,juice,2,3.0,6.0,credit card,,2023-03-22
txn_3561451,salad,4,5.0,20.0,credit card,,2023-05-31
txn_7768989,sandwich,2,4.0,,cash,in-store,2023-10-02
txn_5963316,tea,2,1.5,,credit card,takeaway,2023-06-25
txn_4265942,coffee,5,2.0,10.0,,unknown,2023-04-24
txn_6014389,cookie,5,1.0,5.0,credit card,in-store,2023-07-21
txn_7358729,cookie,2,1.0,2.0,cash,takeaway,2023-02-25
txn_9815521,sandwich,3,4.0,12.0,credit card,in-store,2023-05-26
txn_8325221,,2,2.0,4.0,credit card,error,2023-11-17
txn_8267031,cake,,3.0,6.0,,takeaway,2023-03-28
txn_1950187,tea,2,1.5,3.0,credit card,takeaway,2023-04-13
txn_9518691,salad,2,5.0,10.0,credit card,error,2023-03-30
txn_3612790,smoothie,1,,4.0,,,2023-09-01
txn_5436816,salad,3,5.0,15.0,credit card,,2023-08-04
txn_7896586,sandwich,2,4.0,8.0,credit card,,2023-09-04
txn_5835004,smoothie,5,4.0,20.0,credit card,in-store,2023-04-14
txn_3774886,sandwich,3,4.0,12.0,,,2023-06-01
txn_5950951,salad,1,5.0,,credit card,in-store,2023-04-10
txn_3918096,juice,4,3.0,12.0,,unknown,2023-08-17
txn_2786231,juice,1,3.0,3.0,cash,takeaway,2023-08-17
txn_3803063,,4,,12.0,credit card,takeaway,2023-11-23
txn_4262451,coffee,1,2.0,2.0,digital wallet,takeaway,2023-10-16
txn_4773210,coffee,1,2.0,2.0,credit card,,2023-11-29
txn_1231366,sandwich,3,4.0,12.0,digital wallet,takeaway,2023-11-28
txn_6596377,cookie,5,,5.0,,,2023-08-02
txn_2713279,cookie,4,1.0,4.0,digital wallet,in-store,2023-02-12
txn_4247602,salad,5,5.0,25.0,credit card,takeaway,2023-07-13
txn_2446298,juice,error,3.0,15.0,,in-store,2023-05-21
txn_7258784,,4,2.0,8.0,cash,in-store,2023-09-21
txn_5164540,tea,2,1.5,3.0,,takeaway,2023-01-05
txn_6488040,salad,1,5.0,,digital wallet,takeaway,2023-05-20
txn_9850842,tea,3,,4.5,error,,2023-01-23
txn_7269738,cookie,3,1.0,3.0,cash,,2023-05-26
txn_2638760,cake,5,3.0,15.0,cash,,2023-02-09
txn_3459152,cake,error,3.0,9.0,digital wallet,,2023-06-28
txn_8013818,tea,2,1.5,3.0,,unknown,2023-07-24
txn_8077367,tea,,,7.5,credit card,,2023-02-27
txn_6643922,coffee,5,2.0,10.0,digital wallet,in-store,2023-06-24
txn_8388056,salad,1,5.0,5.0,credit card,,2023-06-23
txn_4728936,juice,4,3.0,12.0,digital wallet,takeaway,2023-02-27
txn_6386388,tea,3,1.5,4.5,credit card,takeaway,2023-05-21
txn_9443285,cake,2,3.0,6.0,credit card,,2023-05-27
txn_6377838,cake,2,3.0,6.0,digital wallet,takeaway,2023-02-19
txn_7483986,salad,2,5.0,10.0,,takeaway,2023-03-24
txn_7719510,juice,3,3.0,9.0,credit card,takeaway,2023-08-14
txn_7908153,cookie,3,1.0,3.0,cash,in-store,2023-01-19
txn_3083412,coffee,5,,10.0,credit card,in-store,
txn_8159649,,4,2.0,8.0,,in-store,2023-06-15
txn_5391160,juice,2,3.0,6.0,cash,in-store,2023-03-09
txn_8324715,sandwich,5,4.0,20.0,credit card,,2023-03-21
txn_7353685,sandwich,2,4.0,,,in-store,
txn_1985223,smoothie,3,4.0,12.0,digital wallet,takeaway,2023-09-21
txn_2944460,salad,1,5.0,5.0,digital wallet,in-store,2023-04-16
txn_6957157,cake,1,3.0,3.0,,,2023-02-01
txn_5693294,,3,3.0,9.0,credit card,,2023-12-30
txn_2887257,cookie,3,1.0,3.0,credit card,in-store,2023-08-27
txn_3986876,cake,3,3.0,9.0,cash,takeaway,2023-11-06
txn_1066604,sandwich,5,4.0,20.0,credit card,,2023-05-18
txn_2494494,coffee,1,2.0,2.0,cash,,2023-06-13
txn_4464373,cookie,2,1.0,2.0,digital wallet,in-store,2023-04-22
txn_7844770,cake,2,3.0,6.0,digital wallet,,2023-01-31
txn_9968943,smoothie,1,4.0,4.0,digital wallet,error,2023-07-25
txn_4051488,cookie,4,1.0,4.0,,takeaway,2023-06-09
txn_2668838,cake,4,3.0,12.0,,takeaway,2023-05-11
txn_8039752,,2,2.0,4.0,,takeaway,2023-11-28
txn_3388908,cookie,4,,4.0,,takeaway,2023-11-22
txn_2096487,error,5,4.0,20.0,digital wallet,takeaway,2023-08-09
txn_8795794,sandwich,3,4.0,12.0,cash,in-store,2023-02-13
txn_4627457,cake,3,3.0,9.0,,in-store,2023-12-13
txn_2352308,cookie,2,1.0,2.0,cash,,2023-11-10
txn_3980743,salad,1,5.0,5.0,,takeaway,2023-09-21
txn_6538210,smoothie,1,4.0,4.0,,in-store,2023-12-29
txn_3749051,,error,4.0,12.0,,takeaway,2023-04-19
txn_6683798,cookie,1,1.0,,digital wallet,takeaway,2023-07-26
txn_7246683,smoothie,1,4.0,4.0,digital wallet,takeaway,2023-05-17
txn_6755348,,5,4.0,20.0,,,2023-06-23
txn_3691228,cake,3,3.0,9.0,cash,takeaway,2023-10-26
txn_7407946,salad,3,5.0,15.0,credit card,,2023-03-26
txn_8635803,tea,2,1.5,3.0,cash,,2023-03-17
txn_9550508,smoothie,5,,20.0,,,2023-11-18
txn_8010562,sandwich,1,4.0,4.0,cash,,2023-07-23
txn_2501648,cake,2,3.0,6.0,credit card,unknown,2023-12-05
txn_9455679,salad,5,5.0,25.0,,takeaway,2023-05-18
txn_8105705,juice,1,3.0,3.0,digital wallet,takeaway,2023-10-17
txn_9676096,cake,3,3.0,9.0,digital wallet,,2023-04-05
txn_8476828,,3,1.5,4.5,error,takeaway,2023-10-25
txn_2126034,coffee,4,,8.0,cash,in-store,2023-10-30
txn_2151258,cake,3,3.0,9.0,credit card,unknown,2023-08-09
txn_3672345,tea,3,1.5,4.5,credit card,,2023-10-17
txn_6793298,tea,2,1.5,3.0,credit card,,2023-04-14
txn_3951329,sandwich,error,4.0,4.0,credit card,takeaway,2023-12-28
txn_7480853,smoothie,2,,8.0,digital wallet,in-store,2023-10-07
txn_4944024,smoothie,2,4.0,8.0,,takeaway,2023-09-26
txn_6687528,juice,2,3.0,6.0,,,2023-05-06
txn_5531648,coffee,5,2.0,10.0,cash,takeaway,2023-01-23
txn_8789736,coffee,2,2.0,4.0,credit card,,2023-05-06
txn_9938977,cake,5,3.0,15.0,cash,in-store,2023-12-18
txn_2730798,tea,4,1.5,6.0,credit card,,2023-12-01
txn_3749801,cake,5,3.0,,credit card,takeaway,2023-01-03
txn_3326626,cake,2,3.0,6.0,cash,takeaway,2023-09-26
txn_4843989,tea,4,1.5,6.0,digital wallet,takeaway,2023-09-30
txn_6606514,juice,1,3.0,3.0,credit card,in-store,2023-06-25
txn_6187752,smoothie,5,4.0,20.0,,takeaway,2023-12-24
txn_1666190,smoothie,4,4.0,16.0,,takeaway,2023-07-28
txn_9438576,cookie,1,1.0,1.0,credit card,in-store,2023-05-05
txn_1344947,cake,3,3.0,9.0,,takeaway,2023-02-16
txn_4978922,cookie,4,1.0,4.0,cash,,
txn_3951552,salad,2,,10.0,cash,in-store,2023-03-25
txn_3916668,juice,2,3.0,6.0,digital wallet,,2023-05-14
txn_4789941,sandwich,3,4.0,12.0,credit card,,2023-04-17
txn_6957001,tea,4,1.5,6.0,unknown,in-store,2023-08-08
txn_3536893,salad,2,5.0,10.0,,,2023-05-16
txn_4519915,smoothie,,4.0,4.0,digital wallet,in-store,2023-05-15
txn_3269434,juice,1,3.0,3.0,cash,,2023-02-01
txn_3291988,juice,2,3.0,6.0,credit card,,2023-07-03
txn_7083611,cake,2,3.0,6.0,,error,2023-05-15
txn_1875220,tea,3,1.5,4.5,cash,in-store,2023-03-07
txn_1926712,coffee,5,2.0,,credit card,,2023-01-31
txn_5552114,sandwich,2,4.0,8.0,,in-store,2023-06-13
txn_5672583,juice,2,3.0,,cash,takeaway,2023-04-09
txn_3717444,smoothie,3,4.0,12.0,error,,2023-09-07
txn_1899114,tea,3,1.5,4.5,digital wallet,takeaway,2023-04-05
txn_2625388,coffee,5,2.0,10.0,digital wallet,in-store,2023-02-09
txn_7153665,salad,5,5.0,25.0,cash,in-store,2023-07-31
txn_9161256,smoothie,2,4.0,8.0,digital wallet,in-store,2023-01-01
txn_2010060,unknown,1,3.0,3.0,cash,,2023-11-09
txn_9077843,tea,3,1.5,4.5,,,2023-03-28
txn_5611262,unknown,2,5.0,10.0,digital wallet,in-store,2023-05-22
txn_3255254,juice,4,3.0,12.0,cash,,2023-03-23
txn_9275800,smoothie,3,4.0,12.0,cash,,2023-05-01
txn_2430215,error,2,1.0,2.0,digital wallet,,2023-04-10
txn_1372003,tea,4,1.5,6.0,digital wallet,takeaway,2023-10-13
txn_7364110,coffee,5,2.0,10.0,cash,,
txn_7202644,smoothie,5,4.0,20.0,,takeaway,2023-08-01
txn_5330387,coffee,3,2.0,6.0,,,2023-10-21
txn_2119809,salad,5,5.0,25.0,digital wallet,in-store,2023-04-21
txn_5587224,salad,2,5.0,10.0,error,in-store,2023-01-05
txn_6332132,juice,3,3.0,9.0,unknown,takeaway,
txn_2185661,sandwich,4,4.0,,cash,,2023-03-16
txn_2491186,salad,5,5.0,25.0,,,2023-11-28
txn_1891217,tea,5,1.5,7.5,,,2023-04-02
txn_8977555,cake,2,3.0,,cash,,2023-07-21
txn_7179922,cake,2,3.0,6.0,,in-store,2023-09-05
txn_5114283,tea,1,1.5,1.5,digital wallet,in-store,2023-05-28
txn_1528454,coffee,2,2.0,4.0,,in-store,2023-03-22
txn_5615114,tea,4,1.5,6.0,digital wallet,error,2023-10-31
txn_4968659,tea,5,1.5,7.5,credit card,,2023-03-18
txn_4858666,cake,3,3.0,9.0,credit card,,2023-03-18
txn_3502394,unknown,3,2.0,6.0,credit card,in-store,2023-09-02
txn_4754723,coffee,2,2.0,4.0,credit card,,
txn_1902009,unknown,2,3.0,6.0,credit card,,2023-04-12
txn_8492074,tea,3,1.5,4.5,digital wallet,in-store,2023-11-12
txn_6355908,sandwich,3,4.0,12.0,credit card,,2023-03-28
txn_6856530,smoothie,5,4.0,20.0,digital wallet,,2023-11-11
txn_1180397,smoothie,3,4.0,12.0,credit card,takeaway,2023-04-05
txn_4747863,cookie,2,1.0,2.0,digital wallet,in-store,2023-10-04
txn_3979966,smoothie,5,4.0,20.0,,takeaway,2023-08-23
txn_5127984,sandwich,3,4.0,12.0,cash,in-store,2023-11-12
txn_9904214,sandwich,5,4.0,20.0,,takeaway,2023-03-13
txn_9948753,tea,2,1.5,3.0,,takeaway,2023-05-09
txn_8263172,error,2,3.0,6.0,,takeaway,2023-12-30
txn_1196223,juice,3,3.0,9.0,digital wallet,in-store,2023-10-14
txn_2401073,coffee,4,2.0,8.0,credit card,,2023-02-10
txn_9639089,juice,4,3.0,12.0,credit card,in-store,2023-05-14
txn_8654093,coffee,3,2.0,6.0,digital wallet,unknown,2023-11-29
txn_1038397,cookie,3,1.0,3.0,,in-store,2023-05-20
txn_8872715,cookie,2,1.0,2.0,digital wallet,takeaway,
txn_4638979,salad,1,5.0,5.0,,,2023-06-28
txn_5506097,,5,4.0,20.0,cash,takeaway,2023-05-04
txn_9579984,salad,5,5.0,25.0,credit card,,2023-12-25
txn_6087578,tea,1,1.5,1.5,credit card,,2023-12-17
txn_5297299,coffee,5,2.0,10.0,,,2023-10-04
txn_7526174,juice,3,3.0,9.0,credit card,,2023-08-06
txn_5401244,salad,1,5.0,5.0,credit card,in-store,2023-07-08
txn_7470034,smoothie,5,4.0,20.0,digital wallet,takeaway,
txn_7775760,cake,4,3.0,,,,2023-02-21
txn_5820892,juice,1,3.0,3.0,digital wallet,error,2023-11-14
txn_3801338,sandwich,3,4.0,12.0,credit card,,2023-11-03
txn_1521861,error,5,3.0,15.0,cash,in-store,2023-04-02
txn_8365857,smoothie,5,4.0,20.0,digital wallet,takeaway,2023-10-06
txn_9349657,cookie,2,1.0,2.0,credit card,in-store,2023-03-14
txn_4503716,cake,1,3.0,3.0,,,2023-11-12
txn_5679014,coffee,1,2.0,2.0,,in-store,2023-06-12
txn_1161606,sandwich,5,4.0,20.0,credit card,takeaway,2023-09-20
txn_5938359,cookie,2,1.0,2.0,credit card,,2023-06-02
txn_7565894,salad,1,5.0,5.0,cash,takeaway,2023-07-15
txn_1987311,smoothie,1,4.0,4.0,,in-store,2023-08-03
txn_4656387,cookie,2,1.0,2.0,digital wallet,,2023-07-25
txn_9277276,cake,4,3.0,12.0,credit card,takeaway,2023-09-15
txn_1576076,coffee,3,2.0,6.0,cash,takeaway,2023-10-07
txn_3676632,smoothie,4,4.0,16.0,credit card,,2023-12-11
txn_9945457,cookie,4,1.0,4.0,cash,,2023-06-28
txn_6508674,error,2,3.0,6.0,,takeaway,2023-02-09
txn_4579086,cake,2,3.0,6.0,credit card,in-store,2023-07-20
txn_2421873,coffee,2,2.0,4.0,credit card,,2023-02-18
txn_3601382,salad,3,5.0,15.0,,,2023-02-12
txn_2323650,tea,4,1.5,6.0,digital wallet,,2023-10-09
txn_3587916,salad,3,5.0,15.0,cash,in-store,2023-07-09
txn_8914956,cookie,2,1.0,2.0,credit card,,2023-05-13
txn_9080521,coffee,2,2.0,4.0,credit card,in-store,2023-01-24
txn_1450705,cookie,5,1.0,5.0,,,2023-10-07
txn_9648941,coffee,2,2.0,4.0,cash,takeaway,2023-06-30
txn_9989719,smoothie,2,4.0,8.0,credit card,takeaway,2023-11-26
txn_8409154,cake,4,3.0,12.0,digital wallet,,2023-06-20
txn_4630633,sandwich,1,4.0,4.0,unknown,takeaway,2023-10-22
txn_8332592,juice,unknown,3.0,15.0,,,2023-03-25
txn_5736595,coffee,3,2.0,6.0,credit card,error,2023-08-14
txn_2264883,juice,2,3.0,6.0,credit card,takeaway,2023-12-24
txn_6137394,sandwich,1,4.0,4.0,error,in-store,2023-11-22
txn_4127927,salad,5,5.0,25.0,,takeaway,2023-08-04
txn_7256205,juice,4,3.0,,cash,,2023-04-08
txn_1766527,unknown,4,5.0,,digital wallet,,2023-02-07
txn_7591982,salad,1,5.0,5.0,cash,,2023-02-28
txn_5530273,cake,3,3.0,9.0,digital wallet,error,2023-01-13
txn_2958213,,5,1.0,5.0,unknown,,2023-08-15
txn_2057961,juice,2,3.0,6.0,,in-store,2023-10-04
txn_9705027,cookie,2,1.0,,cash,,
txn_6367976,juice,1,3.0,3.0,digital wallet,,2023-10-16
txn_9921277,cake,,3.0,3.0,,takeaway,2023-01-29
txn_4867316,sandwich,1,4.0,4.0,digital wallet,,2023-11-28
txn_6704173,smoothie,2,4.0,8.0,credit card,,2023-07-24
txn_9510130,salad,4,5.0,20.0,cash,,2023-03-06
txn_1192009,coffee,1,2.0,2.0,error,,2023-05-18
txn_2899889,salad,2,5.0,10.0,,in-store,2023-12-09
txn_7172693,,5,5.0,25.0,credit card,in-store,2023-03-23
txn_6862603,salad,4,5.0,20.0,credit card,takeaway,2023-04-17
txn_5761207,smoothie,3,4.0,12.0,credit card,,2023-04-19
txn_9852820,salad,2,5.0,10.0,credit card,in-store,2023-08-27
txn_5939783,cookie,2,1.0,2.0,,takeaway,
txn_2062604,coffee,2,2.0,4.0,cash,in-store,
txn_9531812,sandwich,2,4.0,8.0,digital wallet,in-store,2023-02-04
txn_1423173,smoothie,5,4.0,20.0,credit card,,2023-10-02
txn_9811007,cookie,5,1.0,5.0,credit card,,2023-03-07
txn_4346813,salad,5,5.0,25.0,,error,2023-07-07
txn_4383311,cake,2,,6.0,unknown,in-store,2023-09-23
txn_5935353,,2,,8.0,credit card,error,2023-05-01
txn_6778796,cake,5,3.0,15.0,cash,,2023-11-29
txn_2119373,salad,4,5.0,20.0,credit card,in-store,2023-06-30
txn_6803555,tea,2,1.5,3.0,digital wallet,takeaway,2023-05-31
txn_7010218,cookie,4,1.0,4.0,,takeaway,2023-04-29
txn_1707537,cake,3,3.0,,digital wallet,takeaway,2023-10-17
txn_8470187,juice,3,3.0,9.0,,takeaway,2023-06-28
txn_6087604,sandwich,4,4.0,16.0,digital wallet,,2023-01-27
txn_9825905,coffee,1,2.0,2.0,digital wallet,error,2023-01-04
txn_2086557,smoothie,2,4.0,8.0,cash,in-store,2023-01-13
txn_9077087,juice,1,3.0,3.0,,in-store,2023-05-08
txn_7714902,coffee,4,2.0,8.0,cash,,2023-09-10
txn_2154477,cake,4,3.0,12.0,,error,2023-02-11
txn_5949199,tea,5,1.5,7.5,,in-store,2023-02-28
txn_8209124,coffee,2,2.0,4.0,cash,,2023-10-05
txn_7519611,unknown,4,1.5,6.0,credit card,in-store,2023-10-08
txn_1318943,unknown,2,2.0,,cash,in-store,2023-06-13
txn_4502922,,1,4.0,4.0,credit card,takeaway,2023-06-23
txn_4554194,smoothie,3,,12.0,credit card,takeaway,2023-10-04
txn_3418612,tea,3,1.5,4.5,digital wallet,,2023-01-31
txn_2539469,cake,2,3.0,6.0,credit card,takeaway,2023-09-24
txn_2764544,juice,4,3.0,12.0,cash,in-store,2023-04-02
txn_8672939,smoothie,1,4.0,4.0,,error,2023-11-02
txn_1499346,cake,5,3.0,15.0,,,2023-12-09
txn_9930357,juice,1,3.0,3.0,credit card,,
txn_7631216,juice,5,3.0,15.0,credit card,,2023-02-16
txn_3116803,coffee,1,2.0,2.0,credit card,in-store,2023-09-10
txn_6050844,tea,2,1.5,3.0,,error,2023-03-12
txn_7403963,sandwich,4,4.0,16.0,cash,in-store,2023-07-27
txn_2708387,tea,4,1.5,6.0,credit card,,2023-11-12
txn_7916758,smoothie,1,4.0,4.0,,takeaway,2023-10-14
txn_2944717,cookie,2,1.0,2.0,cash,,2023-12-11
txn_7571571,sandwich,2,4.0,8.0,credit card,,2023-04-09
txn_7250085,coffee,4,2.0,8.0,,takeaway,2023-09-19
txn_1892102,error,3,4.0,12.0,cash,,2023-03-23
txn_7039529,cookie,3,1.0,,digital wallet,in-store,2023-01-19
txn_1452931,tea,1,1.5,1.5,digital wallet,,2023-07-08
txn_5148201,smoothie,5,4.0,20.0,unknown,,2023-11-18
txn_7322317,tea,1,,,,,2023-03-16
txn_4648214,salad,1,5.0,5.0,,,2023-02-15
txn_7902691,juice,error,3.0,9.0,digital wallet,takeaway,2023-10-13
txn_4966750,cookie,3,1.0,3.0,digital wallet,in-store,2023-12-24
txn_7740239,tea,2,1.5,3.0,,,2023-01-26
txn_6901162,,3,4.0,12.0,digital wallet,in-store,
txn_3689579,,2,4.0,8.0,digital wallet,takeaway,2023-12-02
txn_7770188,juice,5,3.0,15.0,digital wallet,in-store,2023-10-28
txn_5088167,coffee,5,2.0,10.0,credit card,unknown,2023-09-02
txn_1865302,cookie,5,1.0,5.0,credit card,in-store,2023-08-16
txn_4224423,juice,3,3.0,9.0,cash,takeaway,2023-08-27
txn_8269956,smoothie,unknown,4.0,20.0,,takeaway,2023-08-02
txn_9263959,cookie,,1.0,5.0,cash,,
txn_3879052,coffee,3,2.0,6.0,credit card,,2023-12-14
txn_7340284,error,5,1.0,5.0,,takeaway,2023-09-05
txn_9809696,smoothie,1,4.0,4.0,,takeaway,2023-01-05
txn_5719592,coffee,1,2.0,2.0,credit card,in-store,2023-08-07
txn_6121301,smoothie,5,4.0,20.0,digital wallet,takeaway,2023-01-07
txn_2097987,sandwich,2,4.0,8.0,digital wallet,in-store,
txn_7514279,salad,1,5.0,5.0,credit card,in-store,2023-02-04
txn_5153408,smoothie,1,4.0,4.0,credit card,takeaway,2023-08-22
txn_4678948,juice,3,3.0,9.0,unknown,takeaway,2023-07-02
txn_8918253,unknown,3,,12.0,digital wallet,,2023-09-07
txn_7292662,sandwich,1,4.0,4.0,,in-store,
txn_1209852,cookie,2,1.0,2.0,credit card,in-store,2023-11-18
txn_4367311,coffee,5,2.0,10.0,,in-store,2023-02-26
txn_5985513,error,error,4.0,8.0,credit card,,2023-08-02
txn_2086325,coffee,2,2.0,4.0,credit card,,2023-08-14
txn_4062032,tea,5,1.5,7.5,digital wallet,,2023-10-28
txn_4329558,,4,2.0,8.0,,,2023-04-22
txn_2029301,tea,5,1.5,7.5,digital wallet,,2023-08-06
txn_4508067,smoothie,5,4.0,20.0,credit card,takeaway,2023-03-19
txn_6637315,cake,3,3.0,9.0,cash,,2023-12-02
txn_3660347,smoothie,5,4.0,20.0,,in-store,
txn_4251500,cookie,4,1.0,,digital wallet,takeaway,2023-11-11
txn_1516961,sandwich,3,4.0,12.0,credit card,takeaway,2023-11-01
txn_5033660,coffee,2,2.0,4.0,error,,2023-09-12
txn_9506595,,3,1.5,4.5,cash,in-store,2023-07-10
txn_6646684,cookie,3,1.0,3.0,cash,,2023-06-01
txn_6866644,sandwich,1,4.0,4.0,,,2023-07-22
txn_7228322,cookie,1,1.0,,credit card,,2023-02-18
txn_3595118,juice,2,3.0,6.0,cash,in-store,2023-02-03
txn_4040941,cookie,1,1.0,1.0,cash,in-store,2023-02-20
txn_7753584,coffee,4,2.0,8.0,,takeaway,
txn_4738349,smoothie,2,4.0,8.0,digital wallet,,2023-02-06
txn_9436284,coffee,3,2.0,6.0,credit card,,2023-03-28
txn_1221801,smoothie,2,4.0,8.0,,,2023-06-17
txn_3185929,salad,3,5.0,15.0,,takeaway,2023-07-27
txn_2332609,,5,4.0,20.0,credit card,in-store,2023-05-17
txn_4183705,tea,2,1.5,3.0,credit card,in-store,2023-11-23
txn_5459138,smoothie,2,4.0,8.0,digital wallet,in-store,
txn_7435096,,4,1.5,6.0,,in-store,2023-10-21
txn_2561471,sandwich,1,4.0,4.0,,in-store,2023-07-12
txn_3098503,salad,1,5.0,,credit card,takeaway,2023-05-31
txn_1148060,cookie,5,1.0,5.0,cash,,2023-10-12
txn_5151780,salad,4,5.0,20.0,cash,takeaway,2023-06-24
txn_3398955,cookie,3,1.0,3.0,cash,error,2023-10-19
txn_8140360,coffee,4,2.0,8.0,digital wallet,takeaway,2023-05-05
txn_4448318,coffee,4,2.0,8.0,digital wallet,unknown,2023-08-07
txn_8341520,sandwich,3,4.0,,,takeaway,2023-06-24
txn_9883214,juice,3,3.0,9.0,,,2023-04-04
txn_2912934,cookie,5,1.0,5.0,credit card,,2023-04-01
txn_7694996,salad,4,5.0,20.0,unknown,in-store,2023-03-11
txn_5660244,cake,5,3.0,15.0,digital wallet,,2023-10-04
txn_7873479,cookie,1,1.0,1.0,credit card,takeaway,2023-03-18
txn_7771516,sandwich,3,4.0,12.0,unknown,,2023-05-26
txn_1166001,,unknown,3.0,15.0,cash,error,
txn_6775304,tea,4,1.5,6.0,cash,in-store,2023-03-08
txn_3801966,sandwich,4,4.0,16.0,digital wallet,in-store,2023-01-14
txn_2849095,,3,2.0,6.0,digital wallet,in-store,2023-07-13
txn_1749930,salad,5,5.0,25.0,unknown,in-store,2023-07-01
txn_2210925,juice,4,3.0,12.0,cash,in-store,2023-07-06
txn_6810969,,1,4.0,4.0,unknown,in-store,2023-03-08
txn_2651789,cookie,1,1.0,1.0,,takeaway,2023-02-10
txn_7750963,tea,4,1.5,6.0,credit card,in-store,2023-06-09
txn_8134280,cookie,1,1.0,1.0,digital wallet,takeaway,2023-01-29
txn_2231082,cake,unknown,3.0,15.0,cash,in-store,2023-05-03
txn_2014042,cookie,4,1.0,4.0,digital wallet,takeaway,2023-10-27
txn_1132293,tea,4,1.5,6.0,error,,2023-07-05
txn_3550177,salad,5,5.0,25.0,cash,,2023-09-13
txn_5326795,cookie,2,1.0,2.0,,,2023-04-05
txn_1993503,cookie,4,1.0,4.0,credit card,error,2023-08-16
txn_4097922,salad,3,5.0,15.0,cash,,2023-01-16
txn_2317041,tea,3,,4.5,cash,in-store,2023-01-15
txn_4648031,tea,4,1.5,6.0,digital wallet,,2023-09-04
txn_4942960,juice,1,3.0,3.0,error,takeaway,2023-04-12
txn_8740501,salad,5,5.0,25.0,,,2023-02-05
txn_4523273,cake,4,,12.0,digital wallet,,2023-10-17
txn_7276478,sandwich,5,4.0,20.0,cash,takeaway,2023-09-07
txn_6036240,cake,4,3.0,12.0,credit card,in-store,2023-10-30
txn_1449866,salad,4,5.0,20.0,cash,,2023-09-21
txn_2882871,salad,3,5.0,15.0,credit card,takeaway,2023-08-30
txn_1047450,coffee,2,2.0,4.0,cash,in-store,2023-11-19
txn_9673685,salad,1,5.0,5.0,cash,in-store,2023-12-11
txn_3547569,smoothie,4,4.0,16.0,digital wallet,in-store,2023-08-04
txn_2866587,sandwich,3,4.0,12.0,credit card,,2023-09-16
txn_1629218,coffee,error,2.0,6.0,digital wallet,,2023-06-27
txn_2964982,sandwich,1,4.0,4.0,digital wallet,in-store,2023-04-15
txn_5974791,cookie,2,1.0,2.0,cash,,2023-10-22
txn_1005472,coffee,4,2.0,8.0,credit card,,2023-04-21
txn_7202898,cookie,4,1.0,4.0,error,error,2023-07-18
txn_4511996,unknown,3,3.0,9.0,digital wallet,,2023-09-18
txn_9896694,sandwich,4,4.0,16.0,cash,,2023-02-16
txn_9881555,unknown,5,3.0,15.0,cash,in-store,2023-04-09
txn_9853220,cookie,unknown,1.0,5.0,credit card,in-store,2023-04-02
txn_2354774,coffee,5,2.0,10.0,,in-store,
txn_5723229,juice,5,3.0,15.0,digital wallet,takeaway,2023-06-23
txn_1065721,sandwich,4,4.0,16.0,cash,takeaway,2023-12-06
txn_4921791,salad,4,5.0,20.0,credit card,,
txn_3692789,sandwich,,4.0,8.0,credit card,error,
txn_8155446,salad,3,5.0,15.0,digital wallet,takeaway,2023-12-20
txn_2253852,cookie,2,1.0,2.0,credit card,takeaway,2023-08-26
txn_2810187,coffee,error,2.0,8.0,error,in-store,2023-10-17
txn_4962500,juice,5,3.0,15.0,,takeaway,
txn_6994752,juice,4,3.0,12.0,cash,takeaway,2023-06-17
txn_7598654,coffee,3,2.0,6.0,credit card,,2023-11-26
txn_8039560,,5,2.0,10.0,digital wallet,,2023-03-29
txn_6785331,cake,1,3.0,3.0,,,2023-04-12
txn_8260297,salad,2,5.0,10.0,cash,in-store,2023-07-04
txn_7152012,sandwich,3,4.0,12.0,digital wallet,in-store,2023-04-02
txn_7907366,coffee,4,2.0,8.0,digital wallet,unknown,2023-01-13
txn_3830888,coffee,4,2.0,8.0,,in-store,2023-02-20
txn_1565027,unknown,3,1.5,,,,2023-03-16
txn_5618377,sandwich,2,4.0,8.0,,in-store,2023-04-02
txn_3645674,tea,4,1.5,6.0,cash,takeaway,2023-07-18
txn_2464236,cookie,5,1.0,5.0,digital wallet,,2023-04-02
txn_4543793,sandwich,2,4.0,8.0,cash,in-store,2023-10-12
txn_5745921,sandwich,2,4.0,8.0,,in-store,2023-03-01
txn_7229419,salad,2,5.0,10.0,,takeaway,2023-05-15
txn_9247075,salad,3,5.0,15.0,,in-store,2023-07-05
txn_6960459,coffee,1,2.0,,credit card,in-store,2023-07-24
txn_4679083,cake,5,3.0,,,takeaway,2023-12-25
txn_3313534,cookie,2,1.0,2.0,digital wallet,in-store,2023-01-05
txn_4969431,salad,4,5.0,20.0,credit card,takeaway,2023-04-11
txn_2977905,smoothie,3,4.0,12.0,,,2023-06-23
txn_5341204,coffee,unknown,2.0,2.0,,,2023-07-24
txn_2147706,juice,5,3.0,,unknown,,2023-03-23
txn_3663592,smoothie,2,4.0,8.0,,takeaway,2023-08-26
txn_4459351,smoothie,5,4.0,20.0,credit card,,2023-12-08
txn_2976052,cookie,5,1.0,5.0,,takeaway,2023-11-01
txn_1373048,salad,5,5.0,25.0,,in-store,2023-08-31
txn_2575331,cookie,5,1.0,5.0,cash,in-store,2023-03-20
txn_4764236,juice,1,3.0,3.0,digital wallet,,2023-05-29
txn_3544380,juice,1,3.0,3.0,credit card,in-store,2023-09-13
txn_2104473,cake,3,3.0,9.0,digital wallet,takeaway,2023-01-01
txn_3819405,juice,4,3.0,12.0,digital wallet,in-store,2023-02-16
txn_3512665,salad,5,5.0,25.0,credit card,,2023-10-16
txn_1696813,cookie,3,1.0,3.0,cash,in-store,2023-04-02
txn_4631228,unknown,1,3.0,3.0,digital wallet,error,2023-10-07
txn_2084232,,4,1.5,6.0,digital wallet,takeaway,2023-10-11
txn_5399303,coffee,2,2.0,4.0,error,unknown,2023-11-02
txn_1251960,sandwich,5,,20.0,digital wallet,takeaway,2023-11-20
txn_1984774,tea,3,1.5,4.5,cash,takeaway,2023-11-13
txn_9886794,cake,1,3.0,3.0,cash,,2023-06-06
txn_3821298,,5,4.0,20.0,credit card,error,2023-04-26
txn_1057760,juice,4,3.0,12.0,credit card,takeaway,2023-02-20
txn_2294778,cookie,,1.0,3.0,digital wallet,,2023-05-29
txn_6091431,tea,3,1.5,4.5,credit card,,2023-11-16
txn_1728644,coffee,1,2.0,2.0,cash,takeaway,2023-04-07
txn_6993624,cake,4,3.0,12.0,cash,,2023-05-09
txn_4003831,cookie,1,1.0,1.0,credit card,,
txn_9018366,juice,5,,15.0,cash,,2023-03-31
txn_7708810,smoothie,1,4.0,4.0,cash,,2023-06-09
txn_8726874,sandwich,2,4.0,8.0,,takeaway,2023-09-30
txn_4190431,tea,3,1.5,4.5,digital wallet,,2023-09-23
txn_5201123,salad,2,5.0,10.0,digital wallet,takeaway,2023-07-12
txn_6172528,smoothie,3,4.0,12.0,credit card,in-store,2023-05-18
txn_1193551,cookie,1,1.0,1.0,,takeaway,2023-01-07
txn_9877722,sandwich,5,4.0,20.0,digital wallet,in-store,
txn_2702861,cookie,4,,4.0,digital wallet,takeaway,2023-06-02
txn_4255580,error,1,,3.0,cash,,
txn_1256851,sandwich,4,4.0,16.0,unknown,in-store,2023-07-29
txn_4146795,tea,5,1.5,7.5,cash,in-store,2023-10-29
txn_2203873,tea,3,1.5,4.5,digital wallet,,2023-01-26
txn_5018462,smoothie,5,4.0,20.0,cash,in-store,2023-11-28
txn_6133971,smoothie,5,4.0,20.0,credit card,,2023-04-18
txn_1417400,cookie,2,1.0,2.0,cash,in-store,2023-03-20
txn_4239859,juice,1,,3.0,,error,2023-02-03
txn_5369010,,4,5.0,20.0,cash,takeaway,2023-04-23
txn_4877436,juice,4,3.0,12.0,,,2023-10-08
txn_9697670,,3,3.0,9.0,cash,takeaway,2023-12-29
txn_8643596,coffee,5,2.0,10.0,credit card,,2023-03-29
txn_1654784,cookie,5,1.0,5.0,,in-store,2023-12-31
txn_4422898,salad,2,5.0,10.0,credit card,in-store,2023-04-20
txn_4175191,sandwich,2,4.0,8.0,cash,error,2023-11-20
txn_3196388,salad,3,5.0,15.0,cash,in-store,2023-03-04
txn_6960031,sandwich,5,4.0,20.0,digital wallet,takeaway,2023-04-25
txn_8963106,coffee,5,2.0,10.0,cash,in-store,2023-04-01
txn_7167980,smoothie,3,4.0,,error,,2023-10-05
txn_8732716,tea,3,1.5,4.5,,,2023-12-29
txn_3530118,cake,5,3.0,15.0,digital wallet,unknown,2023-11-14
txn_7875743,cake,5,3.0,15.0,cash,takeaway,2023-04-17
txn_1526920,sandwich,5,4.0,20.0,digital wallet,takeaway,
txn_1933315,juice,2,3.0,6.0,digital wallet,in-store,2023-09-29
txn_5674503,cake,3,3.0,9.0,error,takeaway,2023-12-14
txn_5252187,sandwich,1,4.0,4.0,cash,,2023-01-20
txn_4668931,juice,3,3.0,9.0,cash,in-store,2023-07-09
txn_2504703,smoothie,5,4.0,20.0,digital wallet,takeaway,2023-01-09
txn_3113428,juice,2,3.0,6.0,cash,in-store,2023-10-30
txn_9663941,juice,4,3.0,12.0,cash,in-store,
txn_7595115,sandwich,2,4.0,8.0,,takeaway,2023-04-17
txn_9034955,cookie,1,1.0,1.0,credit card,in-store,2023-09-07
txn_7856009,cake,2,3.0,6.0,,,2023-05-27
txn_2375919,sandwich,3,4.0,12.0,,error,2023-11-23
txn_9344399,cookie,2,1.0,2.0,unknown,,2023-12-04
txn_1091243,sandwich,2,4.0,8.0,,in-store,2023-01-06
txn_8800741,coffee,4,,8.0,,,2023-06-26
txn_3546303,tea,2,1.5,3.0,digital wallet,takeaway,2023-09-11
txn_7595096,juice,1,3.0,3.0,,unknown,2023-11-02
txn_4788849,cookie,1,,1.0,,takeaway,2023-03-13
txn_7838802,cookie,2,1.0,2.0,credit card,takeaway,2023-11-20
txn_6736326,salad,2,5.0,10.0,credit card,in-store,2023-04-14
txn_2536021,cookie,5,1.0,5.0,unknown,takeaway,2023-10-02
txn_2065683,unknown,3,,6.0,,,2023-09-21
txn_5538696,coffee,2,2.0,4.0,error,in-store,2023-08-30
txn_8434651,,4,3.0,12.0,digital wallet,,2023-01-27
txn_4635386,tea,1,1.5,1.5,credit card,takeaway,
txn_5466291,salad,1,5.0,5.0,credit card,error,2023-09-19
txn_2643389,sandwich,2,4.0,8.0,credit card,,2023-08-24
txn_9817135,salad,1,5.0,5.0,digital wallet,error,2023-03-25
txn_7426086,coffee,4,2.0,8.0,,error,2023-01-13
txn_9327861,tea,5,1.5,7.5,credit card,in-store,2023-07-17
txn_3971440,cake,4,3.0,12.0,digital wallet,takeaway,2023-10-22
txn_8494583,cookie,5,1.0,5.0,credit card,in-store,2023-11-29
txn_8083377,tea,4,1.5,6.0,digital wallet,in-store,2023-01-06
txn_6883187,juice,2,,6.0,error,,2023-11-16
txn_8340038,tea,1,1.5,1.5,digital wallet,in-store,2023-07-15
txn_2275799,sandwich,3,4.0,12.0,digital wallet,in-store,2023-10-04
txn_3497691,smoothie,4,4.0,16.0,credit card,,2023-09-06
txn_5881237,cookie,2,1.0,2.0,,,2023-08-14
txn_2271705,tea,5,1.5,7.5,,,2023-07-20
txn_1640172,salad,unknown,5.0,5.0,,,2023-04-13
txn_4618211,smoothie,4,4.0,16.0,cash,,2023-09-12
txn_9618563,smoothie,1,4.0,4.0,,takeaway,2023-02-24
txn_4374260,cookie,1,1.0,,cash,unknown,2023-04-20
txn_1946773,sandwich,4,4.0,16.0,cash,,2023-08-28
txn_4387523,cake,3,3.0,9.0,,,2023-02-07
txn_7661094,salad,4,5.0,20.0,cash,,2023-07-21
txn_6766664,coffee,3,2.0,6.0,,,2023-05-21
txn_9055374,sandwich,1,4.0,,,takeaway,
txn_1861717,tea,2,1.5,3.0,cash,in-store,2023-11-10
txn_3421079,smoothie,1,4.0,4.0,credit card,in-store,2023-12-18
txn_1637131,error,4,,6.0,cash,,
txn_7636536,cookie,2,1.0,2.0,cash,,2023-05-06
txn_4971607,smoothie,5,4.0,20.0,cash,in-store,2023-03-30
txn_1852436,juice,4,,12.0,,,
txn_9701622,cookie,5,1.0,5.0,digital wallet,,2023-09-24
txn_6966241,juice,2,3.0,6.0,digital wallet,in-store,2023-04-13
txn_9252700,unknown,3,3.0,9.0,credit card,,2023-08-24
txn_1124900,,4,4.0,16.0,credit card,in-store,2023-09-08
txn_3964624,tea,3,1.5,4.5,,in-store,2023-09-20
txn_2226371,cake,1,3.0,3.0,cash,,2023-11-18
txn_5744797,cake,,,3.0,cash,in-store,2023-12-20
txn_5777164,smoothie,1,4.0,4.0,credit card,takeaway,2023-02-07
txn_5817802,coffee,5,2.0,10.0,,in-store,2023-02-13
txn_3787234,tea,2,1.5,3.0,digital wallet,in-store,2023-03-15
txn_4525646,cake,3,3.0,9.0,credit card,,2023-07-07
txn_7004303,unknown,3,4.0,12.0,cash,in-store,2023-10-06
txn_8649416,cake,5,3.0,15.0,credit card,takeaway,2023-09-21
txn_3219599,unknown,2,3.0,6.0,,,2023-08-22
txn_1394131,juice,4,3.0,12.0,,takeaway,2023-06-13
txn_9237291,juice,2,3.0,6.0,credit card,error,2023-09-22
txn_9520855,cake,4,3.0,12.0,,,2023-01-11
txn_4565080,smoothie,4,4.0,16.0,digital wallet,in-store,2023-09-28
txn_8348710,coffee,1,2.0,2.0,cash,in-store,2023-12-27
txn_5127819,juice,3,3.0,9.0,error,,2023-04-03
txn_7496394,smoothie,4,4.0,16.0,,,2023-06-12
txn_8495889,cake,1,3.0,3.0,cash,takeaway,2023-06-26
txn_5064188,sandwich,4,4.0,16.0,credit card,unknown,2023-12-08
txn_6104335,smoothie,2,4.0,8.0,credit card,,2023-11-13
txn_5313435,salad,4,5.0,,cash,,2023-02-18
txn_6700745,juice,3,3.0,,,in-store,2023-04-23
txn_9897215,cake,3,3.0,,credit card,,2023-11-22
txn_7764175,salad,3,5.0,15.0,cash,in-store,2023-09-02
txn_3027490,cookie,3,1.0,3.0,error,takeaway,2023-02-25
txn_5368297,smoothie,2,4.0,8.0,,takeaway,2023-10-04
txn_2053125,salad,1,5.0,5.0,digital wallet,,2023-07-26
txn_2522828,smoothie,4,4.0,16.0,credit card,,2023-01-15
txn_6616787,unknown,2,3.0,6.0,error,in-store,2023-09-29
txn_6419317,sandwich,4,4.0,16.0,credit card,error,2023-02-25
txn_5939950,sandwich,2,4.0,8.0,cash,error,2023-06-16
txn_4607296,cake,5,3.0,15.0,error,in-store,2023-04-02
txn_8316135,salad,3,5.0,15.0,digital wallet,takeaway,2023-11-06
txn_7910956,coffee,5,2.0,10.0,digital wallet,in-store,2023-07-21
txn_1142233,tea,5,1.5,7.5,digital wallet,takeaway,2023-09-01
txn_9810581,,1,3.0,3.0,cash,,2023-11-20
txn_2588566,,3,5.0,15.0,,takeaway,2023-01-10
txn_3786518,salad,1,5.0,,credit card,in-store,2023-09-16
txn_2009407,juice,5,,15.0,cash,takeaway,2023-05-05
txn_9163155,unknown,4,2.0,,credit card,takeaway,2023-04-23
txn_8272750,salad,5,,25.0,,,2023-05-18
txn_2532563,salad,4,5.0,20.0,,takeaway,
txn_8532735,coffee,2,2.0,4.0,cash,takeaway,2023-07-28
txn_1697299,smoothie,3,4.0,12.0,cash,in-store,2023-10-08
txn_5785639,salad,1,5.0,5.0,credit card,,2023-04-10
txn_8445753,tea,4,1.5,6.0,cash,takeaway,2023-04-07
txn_3641519,,5,1.0,5.0,digital wallet,in-store,2023-06-08
txn_1985278,sandwich,3,4.0,12.0,,in-store,2023-02-13
txn_6612143,tea,5,1.5,7.5,cash,in-store,2023-11-07
txn_8352416,salad,1,5.0,,digital wallet,in-store,2023-07-26
txn_5498693,cake,4,3.0,12.0,unknown,,2023-05-13
txn_2644561,,4,4.0,16.0,digital wallet,,2023-09-13
txn_8912001,cookie,error,1.0,1.0,credit card,,2023-03-27
txn_8330837,juice,3,3.0,9.0,digital wallet,,2023-10-13
txn_3703482,cake,4,3.0,,,unknown,2023-01-08
txn_3455103,salad,1,5.0,5.0,digital wallet,takeaway,2023-04-22
txn_1496962,smoothie,5,4.0,20.0,,in-store,2023-12-17
txn_4216294,tea,4,1.5,6.0,cash,in-store,2023-10-19
txn_3002889,coffee,3,2.0,6.0,digital wallet,unknown,2023-10-22
txn_4275827,unknown,2,1.5,3.0,cash,takeaway,2023-04-21
txn_6044312,cake,2,3.0,6.0,error,in-store,2023-01-03
txn_4008135,cookie,5,1.0,5.0,cash,takeaway,2023-11-25
txn_5336876,smoothie,error,4.0,12.0,credit card,,2023-07-07
txn_8990020,sandwich,4,4.0,16.0,error,in-store,2023-09-09
txn_5654331,coffee,4,2.0,8.0,cash,in-store,2023-07-31
txn_1213938,salad,5,5.0,25.0,digital wallet,takeaway,2023-07-06
txn_2522182,salad,2,5.0,,digital wallet,in-store,2023-11-11
txn_5329431,sandwich,3,4.0,,credit card,in-store,2023-10-03
txn_9647494,,2,4.0,8.0,credit card,unknown,2023-10-21
txn_8482887,salad,1,5.0,5.0,digital wallet,takeaway,2023-10-29
txn_3883425,smoothie,5,4.0,20.0,digital wallet,unknown,2023-07-09
txn_4434185,smoothie,5,,20.0,credit card,takeaway,2023-04-30
txn_7388851,smoothie,1,4.0,4.0,digital wallet,,2023-09-30
txn_8460225,smoothie,5,4.0,20.0,error,in-store,2023-02-23
txn_5471175,cookie,4,1.0,4.0,cash,,2023-04-16
txn_1874601,coffee,4,2.0,8.0,,,2023-12-10
txn_3641001,smoothie,3,4.0,12.0,digital wallet,error,2023-11-10
txn_6446441,salad,3,5.0,15.0,digital wallet,,2023-02-18
txn_9718216,juice,4,3.0,12.0,,unknown,2023-07-07
txn_7391138,tea,5,1.5,7.5,cash,,2023-08-23
txn_9548077,tea,2,1.5,3.0,cash,in-store,2023-07-05
txn_9185022,sandwich,3,4.0,12.0,digital wallet,in-store,2023-06-19
txn_6841993,juice,3,3.0,9.0,cash,takeaway,2023-09-15
txn_1701766,cake,4,3.0,12.0,,,2023-11-22
txn_9541057,juice,4,3.0,12.0,cash,in-store,2023-04-24
txn_4699706,coffee,5,2.0,10.0,,in-store,2023-12-04
txn_2451247,tea,4,1.5,6.0,digital wallet,takeaway,2023-02-14
txn_6272908,juice,3,3.0,9.0,cash,takeaway,2023-12-01
txn_9093708,sandwich,3,,12.0,credit card,in-store,2023-12-08
txn_7785034,smoothie,4,4.0,16.0,unknown,takeaway,2023-11-09
txn_4048690,cake,3,3.0,9.0,cash,in-store,2023-09-06
txn_4971992,cake,2,3.0,6.0,,,2023-09-24
txn_6738516,sandwich,unknown,4.0,20.0,cash,,2023-10-07
txn_3919995,tea,3,1.5,4.5,cash,takeaway,2023-01-26
txn_3522385,smoothie,4,4.0,16.0,credit card,takeaway,2023-03-19
txn_3140020,juice,5,3.0,15.0,,in-store,2023-06-19
txn_9756401,salad,3,5.0,15.0,cash,in-store,2023-02-04
txn_1937081,cake,2,3.0,6.0,credit card,,2023-06-07
txn_9668584,cookie,2,,2.0,digital wallet,,2023-12-13
txn_2544072,cookie,1,1.0,1.0,,in-store,2023-08-17
txn_7260110,salad,5,5.0,25.0,credit card,in-store,2023-03-07
txn_1588687,coffee,2,2.0,4.0,digital wallet,takeaway,2023-08-22
txn_2886505,tea,3,1.5,4.5,,,2023-09-05
txn_3864453,cookie,5,1.0,5.0,digital wallet,,2023-11-15
txn_5346027,sandwich,2,4.0,8.0,,unknown,2023-12-19
txn_3674876,smoothie,5,4.0,20.0,cash,takeaway,
txn_8690361,smoothie,3,4.0,12.0,,,2023-07-12
txn_8419805,cake,5,3.0,15.0,,in-store,2023-07-24
txn_3125699,juice,1,3.0,3.0,credit card,takeaway,2023-02-05
txn_5106316,sandwich,5,4.0,,digital wallet,takeaway,2023-01-23
txn_5666369,juice,2,3.0,6.0,digital wallet,in-store,2023-07-17
txn_7712807,smoothie,4,4.0,16.0,credit card,,2023-02-17
txn_8199561,cookie,4,1.0,4.0,unknown,,2023-07-31
txn_4334932,coffee,2,2.0,4.0,error,in-store,2023-12-27
txn_4082099,juice,2,3.0,6.0,credit card,in-store,2023-06-01
txn_9191700,tea,5,1.5,7.5,,in-store,2023-10-01
txn_2249212,cake,2,3.0,6.0,error,,
txn_9921392,coffee,5,2.0,10.0,,,2023-06-28
txn_7125395,salad,1,,5.0,cash,takeaway,2023-07-23
txn_4521701,cake,4,3.0,12.0,,in-store,2023-10-08
txn_4243930,unknown,5,4.0,20.0,cash,in-store,2023-06-07
txn_1418829,smoothie,1,4.0,4.0,,takeaway,2023-09-19
txn_8955306,coffee,3,2.0,6.0,credit card,in-store,2023-10-14
txn_7851403,coffee,5,2.0,10.0,credit card,takeaway,2023-03-06
txn_5288715,juice,3,3.0,9.0,digital wallet,,2023-04-19
txn_7108056,juice,3,3.0,9.0,credit card,,2023-01-25
txn_9950775,unknown,4,5.0,20.0,credit card,takeaway,2023-02-20
txn_9688601,juice,1,3.0,3.0,,in-store,2023-10-16
txn_9924732,sandwich,unknown,4.0,,credit card,in-store,2023-01-18
txn_8807429,cookie,4,1.0,4.0,digital wallet,,2023-07-21
txn_3340550,juice,2,3.0,6.0,digital wallet,error,2023-05-02
txn_4380808,juice,4,3.0,12.0,,in-store,2023-04-30
txn_6403012,juice,5,3.0,15.0,cash,in-store,2023-07-23
txn_4176272,coffee,1,2.0,2.0,digital wallet,,2023-06-06
txn_9293877,juice,error,3.0,15.0,digital wallet,,2023-08-24
txn_8609510,unknown,5,3.0,15.0,,takeaway,2023-05-08
txn_2294776,juice,4,3.0,12.0,credit card,takeaway,2023-04-10
txn_8068515,cookie,1,1.0,,cash,takeaway,2023-06-16
txn_7915173,unknown,3,1.0,3.0,cash,takeaway,
txn_2556999,tea,1,1.5,1.5,credit card,takeaway,2023-08-14
txn_3816131,juice,3,3.0,9.0,,error,2023-01-23
txn_6564856,tea,5,1.5,7.5,digital wallet,takeaway,2023-02-16
txn_4822256,smoothie,1,4.0,4.0,credit card,,2023-11-11
txn_9397870,cake,2,,6.0,,,2023-05-23
txn_4976485,salad,5,5.0,25.0,unknown,takeaway,2023-07-10
txn_4856060,juice,1,3.0,3.0,cash,,2023-07-29
txn_3967103,coffee,5,2.0,10.0,cash,,2023-11-14
txn_8746881,cake,2,3.0,6.0,unknown,,2023-11-07
txn_4569448,,1,3.0,3.0,,,
txn_8732682,salad,5,5.0,25.0,credit card,in-store,2023-04-07
txn_3687257,tea,4,1.5,,credit card,takeaway,2023-03-27
txn_3616839,cake,4,3.0,12.0,digital wallet,,2023-04-01
txn_2875074,cake,4,3.0,12.0,credit card,takeaway,2023-02-06
txn_5470909,cookie,4,1.0,,credit card,in-store,2023-10-21
txn_5680657,error,5,3.0,15.0,cash,in-store,2023-05-16
txn_3587915,salad,2,5.0,10.0,digital wallet,takeaway,2023-06-24
txn_9406938,salad,1,5.0,5.0,error,,2023-10-09
txn_9342366,smoothie,3,4.0,12.0,credit card,,2023-02-18
txn_3101697,,3,5.0,15.0,cash,in-store,2023-05-29
txn_6146889,juice,unknown,3.0,6.0,,takeaway,2023-09-01
txn_7226052,sandwich,3,4.0,12.0,cash,in-store,2023-02-21
txn_3422336,tea,error,1.5,7.5,,takeaway,2023-08-02
txn_8644398,sandwich,4,4.0,16.0,,takeaway,2023-02-08
txn_8112788,smoothie,1,4.0,4.0,credit card,takeaway,2023-08-07
txn_4179583,smoothie,3,4.0,12.0,digital wallet,takeaway,2023-06-13
txn_3787265,salad,1,5.0,5.0,credit card,in-store,2023-12-16
txn_3577683,cookie,2,1.0,2.0,digital wallet,in-store,2023-09-17
txn_1310741,sandwich,3,4.0,12.0,,takeaway,2023-07-25
txn_2862856,cake,5,3.0,15.0,,takeaway,2023-02-01
txn_4940237,cake,2,3.0,6.0,cash,takeaway,2023-08-03
txn_8765822,cake,1,3.0,3.0,credit card,takeaway,2023-03-22
txn_3205813,juice,3,3.0,9.0,cash,in-store,2023-04-25
txn_8436045,cake,,3.0,15.0,credit card,,2023-08-08
txn_5751040,tea,5,1.5,7.5,cash,error,2023-02-27
txn_4657291,coffee,unknown,2.0,4.0,unknown,takeaway,2023-05-05
txn_8018572,cookie,5,1.0,,,in-store,2023-10-09
txn_3454877,sandwich,5,4.0,20.0,credit card,,2023-04-19
txn_1837764,tea,3,1.5,4.5,cash,in-store,2023-07-30
txn_4120124,coffee,1,2.0,2.0,,,2023-06-08
txn_1661682,error,5,4.0,20.0,digital wallet,,2023-07-13
txn_1927404,juice,1,3.0,3.0,digital wallet,,2023-12-22
txn_9147596,coffee,2,,4.0,digital wallet,takeaway,2023-10-08
txn_5012988,salad,3,5.0,,credit card,,2023-08-17
txn_1534763,cookie,2,1.0,2.0,cash,takeaway,2023-09-17
txn_4485458,sandwich,4,4.0,16.0,cash,takeaway,2023-12-08
txn_9288882,sandwich,3,4.0,12.0,,in-store,2023-04-23
txn_3964550,tea,3,1.5,4.5,credit card,takeaway,2023-06-09
txn_2509803,coffee,1,,2.0,unknown,,2023-02-22
txn_3769567,unknown,1,1.0,1.0,digital wallet,in-store,2023-02-10
txn_4529101,cookie,2,1.0,2.0,digital wallet,in-store,2023-09-17
txn_2391534,cookie,3,1.0,3.0,credit card,,2023-05-06
txn_8379919,cookie,3,1.0,3.0,digital wallet,,2023-12-04
txn_6474636,,3,1.5,4.5,,in-store,2023-10-25
txn_6219977,cookie,2,1.0,2.0,credit card,,2023-12-17
txn_5731238,cake,2,3.0,,credit card,,2023-03-27
txn_7825796,tea,2,1.5,3.0,,,2023-04-03
txn_2375667,salad,1,5.0,5.0,cash,,2023-12-28
txn_5213761,coffee,3,2.0,6.0,digital wallet,takeaway,2023-08-18
txn_1427485,coffee,3,2.0,6.0,credit card,,2023-07-19
txn_5954991,sandwich,3,4.0,12.0,,takeaway,2023-08-07
txn_8860270,,1,4.0,4.0,cash,takeaway,2023-11-06
txn_6482416,coffee,1,2.0,2.0,,unknown,2023-07-20
txn_4916611,juice,5,3.0,15.0,,takeaway,2023-05-21
txn_4814244,smoothie,3,4.0,12.0,error,in-store,2023-06-01
txn_7968892,tea,2,1.5,3.0,,in-store,2023-10-02
txn_9535721,cake,5,3.0,15.0,digital wallet,in-store,2023-08-03
txn_2161372,juice,1,3.0,3.0,credit card,takeaway,2023-12-17
txn_8877714,juice,5,3.0,15.0,,,2023-03-28
txn_5478129,juice,4,3.0,12.0,credit card,,2023-01-22
txn_7267366,sandwich,3,4.0,12.0,digital wallet,takeaway,2023-06-02
txn_4696403,,3,1.0,3.0,cash,error,2023-08-19
txn_2480808,unknown,1,,4.0,credit card,,2023-03-30
txn_8688603,coffee,2,2.0,4.0,cash,,2023-05-05
txn_6148811,tea,5,1.5,,credit card,takeaway,2023-06-18
txn_2827259,tea,3,1.5,,credit card,takeaway,
txn_4382406,coffee,5,2.0,10.0,,takeaway,2023-09-26
txn_5426507,juice,2,3.0,6.0,cash,takeaway,2023-06-13
txn_3855408,cookie,1,1.0,1.0,cash,takeaway,2023-06-02
txn_6992783,tea,1,1.5,1.5,digital wallet,takeaway,2023-01-29
txn_8801160,salad,2,5.0,10.0,cash,in-store,
txn_2638810,tea,2,1.5,3.0,,takeaway,2023-11-16
txn_9158251,salad,2,5.0,10.0,credit card,,2023-03-24
txn_3390610,sandwich,2,4.0,8.0,,,2023-02-01
txn_6498876,sandwich,3,4.0,12.0,,takeaway,2023-08-20
txn_1627038,juice,4,3.0,12.0,,takeaway,2023-12-25
txn_2785262,salad,3,5.0,15.0,cash,takeaway,2023-08-30
txn_9944730,tea,1,1.5,1.5,digital wallet,,2023-04-10
txn_7002929,cookie,1,1.0,1.0,,in-store,2023-01-30
txn_7484886,smoothie,3,4.0,12.0,,,2023-04-17
txn_7316790,coffee,1,2.0,,credit card,in-store,2023-11-07
txn_4663529,sandwich,5,4.0,20.0,digital wallet,error,2023-12-24
txn_2675174,salad,2,5.0,10.0,,takeaway,2023-12-04
txn_4350798,error,1,5.0,5.0,credit card,in-store,2023-11-23
txn_7229543,cake,1,3.0,3.0,credit card,unknown,2023-07-10
txn_4330643,cookie,3,1.0,3.0,cash,takeaway,2023-05-15
txn_2003488,juice,3,3.0,9.0,,takeaway,2023-09-25
txn_2206884,unknown,5,5.0,25.0,credit card,,2023-06-22
txn_3492393,coffee,1,2.0,2.0,,in-store,2023-05-29
txn_3894660,juice,2,3.0,6.0,,,2023-02-09
txn_5766532,smoothie,5,4.0,,cash,in-store,2023-06-23
txn_5476485,juice,2,3.0,6.0,cash,in-store,2023-01-07
txn_9335226,sandwich,5,4.0,20.0,,,2023-05-08
txn_2581559,sandwich,1,4.0,4.0,credit card,takeaway,2023-03-25
txn_9146123,coffee,2,2.0,4.0,digital wallet,,2023-12-12
txn_1335256,coffee,5,2.0,10.0,,takeaway,2023-08-04
txn_5968921,salad,5,5.0,25.0,credit card,takeaway,2023-10-10
txn_6895558,coffee,2,2.0,4.0,credit card,unknown,2023-04-10
txn_6428404,salad,2,5.0,10.0,digital wallet,in-store,2023-02-06
txn_6762311,juice,1,3.0,3.0,credit card,takeaway,
txn_1190402,cake,1,3.0,3.0,credit card,takeaway,2023-12-01
txn_9607633,unknown,2,1.0,2.0,digital wallet,,2023-08-25
txn_3787941,tea,2,1.5,3.0,,,
txn_6349424,sandwich,5,4.0,20.0,cash,takeaway,2023-02-24
txn_1401771,sandwich,2,4.0,8.0,cash,,2023-12-08
txn_9188733,salad,error,5.0,15.0,,in-store,2023-08-19
txn_3334632,,1,,2.0,credit card,takeaway,2023-11-20
txn_3851928,juice,3,3.0,9.0,credit card,in-store,2023-02-07
txn_8267915,sandwich,2,4.0,8.0,,takeaway,2023-03-22
txn_3726397,salad,5,5.0,25.0,,takeaway,2023-01-30
txn_1210058,tea,5,1.5,7.5,,,2023-11-25
txn_7791293,salad,3,5.0,15.0,credit card,takeaway,2023-04-08
txn_6343367,juice,2,3.0,6.0,,in-store,2023-09-17
txn_2653224,juice,3,3.0,9.0,digital wallet,,2023-03-27
txn_6300001,tea,error,1.5,1.5,digital wallet,,2023-06-07
txn_4693942,sandwich,4,4.0,16.0,cash,takeaway,2023-12-16
txn_3562418,unknown,2,4.0,8.0,digital wallet,unknown,2023-08-13
txn_7963324,coffee,3,2.0,6.0,,takeaway,2023-12-09
txn_5563486,juice,5,3.0,15.0,digital wallet,in-store,2023-03-13
txn_3679582,,5,2.0,10.0,credit card,in-store,2023-04-11
txn_6932752,smoothie,5,4.0,20.0,,,2023-09-20
txn_5697414,cake,5,3.0,15.0,credit card,in-store,2023-02-16
txn_5434310,smoothie,3,4.0,12.0,cash,,2023-11-21
txn_8435360,unknown,3,1.5,4.5,credit card,in-store,2023-07-03
txn_5422843,sandwich,2,4.0,8.0,cash,in-store,2023-07-21
txn_1704041,coffee,4,2.0,,credit card,,2023-05-21
txn_9729178,coffee,3,2.0,6.0,credit card,,2023-05-28
txn_4663964,cookie,4,,4.0,digital wallet,in-store,2023-06-29
txn_6805057,cookie,4,1.0,4.0,credit card,,2023-10-15
txn_8162690,salad,2,5.0,10.0,digital wallet,,2023-05-08
txn_7089712,cake,5,3.0,15.0,cash,,2023-08-13
txn_8077812,salad,5,,25.0,cash,in-store,2023-01-16
txn_4834450,cake,2,3.0,6.0,cash,,2023-06-26
txn_9081686,cookie,5,1.0,5.0,,,2023-06-11
txn_6650875,cookie,5,1.0,5.0,credit card,takeaway,2023-01-29
txn_2133223,cake,3,3.0,9.0,cash,,2023-11-17
txn_5879154,salad,2,5.0,10.0,error,takeaway,2023-06-28
txn_9575926,sandwich,3,4.0,12.0,credit card,unknown,2023-12-12
txn_5425911,smoothie,1,4.0,4.0,digital wallet,,2023-11-30
txn_5604021,sandwich,unknown,4.0,4.0,cash,takeaway,2023-09-10
txn_9860308,smoothie,2,4.0,8.0,digital wallet,,2023-02-20
txn_5908078,unknown,1,2.0,2.0,unknown,in-store,2023-03-23
txn_3507013,juice,1,,3.0,digital wallet,in-store,2023-01-16
txn_7896733,cake,4,3.0,12.0,digital wallet,,2023-06-03
txn_3092390,sandwich,3,,12.0,,in-store,2023-07-24
txn_8131570,salad,4,5.0,20.0,,in-store,2023-12-02
txn_3898445,sandwich,3,4.0,12.0,cash,takeaway,2023-06-17
txn_8588758,sandwich,4,4.0,16.0,credit card,in-store,
txn_7641606,coffee,3,2.0,6.0,credit card,takeaway,2023-12-26
txn_1414039,juice,4,3.0,12.0,,unknown,2023-02-13
txn_2322162,error,5,3.0,15.0,digital wallet,,2023-11-12
txn_6190857,tea,1,1.5,1.5,,in-store,2023-10-14
txn_7652830,unknown,2,3.0,6.0,,,2023-08-15
txn_1688292,unknown,3,,9.0,credit card,in-store,
txn_1805937,juice,3,3.0,9.0,credit card,,2023-06-12
txn_7390866,tea,5,1.5,7.5,,takeaway,
txn_4717715,sandwich,3,4.0,12.0,digital wallet,,2023-07-27
txn_1237674,,3,1.5,4.5,credit card,unknown,2023-10-04
txn_9686177,cake,3,3.0,9.0,,in-store,
txn_2672972,sandwich,1,4.0,4.0,digital wallet,takeaway,2023-06-15
txn_9582818,,1,4.0,4.0,cash,in-store,2023-10-27
txn_6970542,sandwich,4,4.0,16.0,credit card,,2023-08-04
txn_6091542,juice,5,3.0,15.0,digital wallet,takeaway,2023-01-17
txn_4184461,salad,2,5.0,10.0,digital wallet,in-store,2023-02-22
txn_3224397,cookie,4,1.0,4.0,digital wallet,takeaway,2023-05-15
txn_2772639,tea,4,1.5,6.0,credit card,in-store,2023-08-30
txn_4385826,unknown,2,1.5,3.0,credit card,takeaway,2023-08-02
txn_5109348,cake,4,3.0,12.0,digital wallet,in-store,2023-02-10
txn_6137985,coffee,5,2.0,,credit card,in-store,2023-03-15
txn_3895871,error,1,1.0,1.0,,in-store,2023-05-30
txn_3526255,smoothie,4,4.0,16.0,unknown,takeaway,2023-06-23
txn_7310356,juice,4,3.0,12.0,digital wallet,,2023-10-20
txn_9054074,cake,1,3.0,3.0,credit card,takeaway,2023-10-15
txn_7538724,sandwich,1,4.0,4.0,,in-store,2023-05-17
txn_6715991,juice,1,3.0,3.0,cash,,2023-06-18
txn_2271725,smoothie,5,4.0,20.0,cash,,2023-12-21
txn_1488481,coffee,4,2.0,8.0,credit card,takeaway,2023-07-28
txn_4600894,,5,5.0,25.0,digital wallet,,2023-09-17
txn_3494652,coffee,1,2.0,2.0,,,2023-05-23
txn_2860281,smoothie,4,4.0,16.0,cash,,2023-09-19
txn_1232346,salad,5,5.0,25.0,digital wallet,in-store,2023-01-04
txn_1911093,tea,2,1.5,3.0,digital wallet,in-store,2023-10-07
txn_1672229,cookie,2,1.0,2.0,cash,,2023-11-12
txn_7056162,smoothie,3,4.0,12.0,digital wallet,in-store,2023-03-04
txn_2064049,salad,4,5.0,20.0,credit card,takeaway,2023-09-21
txn_8191202,cookie,2,,2.0,digital wallet,in-store,2023-01-14
txn_4518505,tea,unknown,1.5,7.5,cash,,2023-05-09
txn_2823220,salad,4,5.0,,,in-store,2023-05-17
txn_6826409,sandwich,1,4.0,4.0,credit card,takeaway,2023-10-21
txn_2954833,coffee,1,2.0,2.0,,,2023-01-29
txn_5309677,coffee,4,2.0,8.0,cash,in-store,2023-08-09
txn_6011106,juice,2,3.0,6.0,digital wallet,,2023-09-07
txn_4714592,tea,1,1.5,1.5,cash,,2023-06-02
txn_6704284,salad,2,5.0,10.0,credit card,takeaway,2023-08-31
txn_9506076,salad,5,5.0,25.0,,,2023-01-17
txn_2354394,tea,4,1.5,6.0,cash,in-store,2023-04-17
txn_3436344,smoothie,2,4.0,8.0,,,2023-02-28
txn_7826516,cake,4,3.0,12.0,credit card,,2023-06-21
txn_2699745,coffee,4,2.0,8.0,,in-store,2023-12-30
txn_6097664,salad,4,5.0,20.0,digital wallet,in-store,2023-11-27
txn_3858288,tea,2,1.5,3.0,,,2023-04-12
txn_1272815,juice,4,3.0,12.0,credit card,,2023-08-07
txn_4755623,juice,3,3.0,9.0,cash,,2023-11-23
txn_8261045,tea,3,1.5,4.5,cash,,2023-01-21
txn_2217015,coffee,3,2.0,6.0,,takeaway,2023-04-17
txn_1660104,smoothie,2,4.0,8.0,credit card,takeaway,2023-02-04
txn_6589078,tea,3,1.5,4.5,digital wallet,,2023-08-03
txn_6306555,smoothie,1,4.0,4.0,digital wallet,takeaway,2023-04-12
txn_1208561,,error,,20.0,credit card,,2023-08-19
txn_8751702,,5,,15.0,cash,,2023-02-13
txn_2079029,cake,5,3.0,15.0,cash,in-store,2023-05-11
txn_5737641,cookie,1,1.0,1.0,error,,2023-02-16
txn_2845506,tea,2,1.5,3.0,digital wallet,takeaway,2023-12-30
txn_8565799,smoothie,4,4.0,16.0,credit card,in-store,2023-04-22
txn_3052584,salad,1,5.0,5.0,cash,in-store,2023-01-21
txn_1530892,juice,2,3.0,6.0,digital wallet,,2023-09-09
txn_3392953,coffee,1,2.0,,digital wallet,takeaway,2023-01-06
txn_4606893,juice,5,3.0,15.0,digital wallet,in-store,2023-05-24
txn_7300653,cookie,5,1.0,5.0,error,,2023-04-24
txn_1759063,cookie,2,1.0,2.0,digital wallet,takeaway,2023-09-09
txn_1706896,smoothie,3,4.0,12.0,cash,,2023-07-15
txn_3325234,tea,error,1.5,1.5,error,in-store,2023-08-26
txn_5536245,smoothie,4,4.0,16.0,cash,,
txn_1976619,coffee,2,2.0,4.0,digital wallet,,2023-08-02
txn_7953750,sandwich,5,4.0,20.0,cash,in-store,2023-06-16
txn_9162296,unknown,3,4.0,12.0,cash,in-store,2023-05-10
txn_8367194,juice,1,3.0,3.0,digital wallet,takeaway,2023-02-04
txn_6744733,sandwich,1,4.0,,cash,takeaway,
txn_4959078,cake,2,3.0,6.0,digital wallet,takeaway,2023-09-13
txn_4552137,tea,2,1.5,3.0,,in-store,2023-04-05
txn_1748121,cake,2,3.0,6.0,,in-store,2023-12-07
txn_7922350,coffee,2,2.0,4.0,unknown,takeaway,2023-05-09
txn_1944293,coffee,3,2.0,6.0,,in-store,2023-02-25
txn_4528914,salad,,5.0,5.0,error,in-store,2023-08-06
txn_1928401,sandwich,5,4.0,20.0,digital wallet,in-store,2023-06-15
txn_7621213,coffee,error,2.0,6.0,,in-store,2023-03-07
txn_7861799,cookie,2,1.0,2.0,cash,takeaway,2023-05-23
txn_5244674,cake,5,3.0,15.0,,,2023-04-27
txn_9679675,coffee,1,2.0,2.0,cash,,2023-07-07
txn_2562041,cake,5,3.0,15.0,cash,takeaway,2023-12-24
txn_2738904,smoothie,4,4.0,16.0,digital wallet,,2023-11-23
txn_7359190,salad,unknown,5.0,15.0,,,2023-12-19
txn_9266499,cake,1,3.0,,digital wallet,unknown,2023-02-16
txn_9196229,sandwich,5,4.0,20.0,credit card,,2023-12-08
txn_3740505,,2,1.5,3.0,,,2023-11-21
txn_4308634,coffee,3,2.0,6.0,cash,in-store,2023-02-14
txn_3450880,tea,3,1.5,4.5,,in-store,2023-05-29
txn_6838411,coffee,1,2.0,2.0,cash,,2023-07-04
txn_7548396,tea,2,1.5,3.0,digital wallet,,2023-04-06
txn_8786286,sandwich,5,4.0,20.0,digital wallet,,2023-05-28
txn_7439400,salad,3,5.0,15.0,,takeaway,2023-06-28
txn_7461658,coffee,3,2.0,6.0,credit card,,2023-08-13
txn_6017034,cake,4,3.0,12.0,unknown,,2023-10-06
txn_3649492,salad,4,5.0,20.0,digital wallet,,2023-12-01
txn_4071743,error,5,2.0,10.0,,takeaway,2023-07-06
txn_8150967,smoothie,3,4.0,12.0,cash,,2023-01-08
txn_3792683,salad,4,5.0,20.0,digital wallet,in-store,2023-08-06
txn_4006067,juice,4,3.0,12.0,cash,takeaway,2023-01-30
txn_1975184,coffee,,2.0,,digital wallet,,2023-01-15
txn_3456242,sandwich,5,4.0,20.0,credit card,,2023-04-28
txn_1928131,smoothie,1,4.0,4.0,credit card,takeaway,2023-04-17
txn_8318388,cake,5,3.0,15.0,unknown,unknown,2023-11-26
txn_8270768,juice,5,3.0,15.0,digital wallet,takeaway,2023-02-28
txn_4157300,tea,4,1.5,6.0,cash,takeaway,2023-09-23
txn_3224156,cookie,1,1.0,1.0,credit card,in-store,2023-03-16
txn_3105633,,1,2.0,2.0,,in-store,2023-03-30
txn_1964893,smoothie,1,4.0,4.0,,error,
txn_7936851,sandwich,3,4.0,12.0,,,2023-10-07
txn_6393305,salad,5,5.0,25.0,digital wallet,in-store,2023-10-19
txn_7326720,cake,2,3.0,6.0,error,in-store,2023-12-08
txn_3069563,sandwich,2,4.0,8.0,cash,unknown,2023-04-25
txn_1728427,coffee,5,2.0,10.0,cash,,2023-02-11
txn_9176288,tea,2,1.5,3.0,digital wallet,in-store,2023-02-08
txn_9071439,juice,3,3.0,9.0,credit card,,2023-02-05
txn_4659954,,3,4.0,12.0,credit card,in-store,
txn_1841204,salad,3,5.0,15.0,digital wallet,in-store,2023-04-18
txn_8963470,salad,,5.0,10.0,,in-store,2023-06-01
txn_8330240,sandwich,4,4.0,16.0,digital wallet,,2023-06-06
txn_3534588,salad,1,5.0,5.0,cash,error,2023-07-05
txn_2749289,smoothie,2,4.0,,digital wallet,takeaway,2023-05-05
txn_6587628,coffee,5,2.0,10.0,,in-store,2023-05-09
txn_1711872,juice,1,3.0,3.0,,takeaway,2023-01-27
txn_3809533,juice,2,,,digital wallet,takeaway,2023-02-02
txn_4339925,cookie,1,1.0,1.0,cash,takeaway,2023-11-23
txn_1183208,smoothie,5,4.0,20.0,error,,2023-08-26
txn_9089045,coffee,,2.0,10.0,cash,in-store,2023-03-12
txn_9503145,juice,5,3.0,15.0,digital wallet,,2023-09-21
txn_8999360,juice,3,3.0,9.0,cash,takeaway,2023-09-27
txn_6188262,juice,1,3.0,3.0,cash,takeaway,2023-10-24
txn_5967452,juice,5,3.0,15.0,credit card,,2023-03-07
txn_9053365,cookie,1,1.0,1.0,digital wallet,in-store,2023-07-15
txn_3706457,tea,5,1.5,7.5,credit card,takeaway,2023-07-18
txn_9612533,cake,2,3.0,6.0,digital wallet,in-store,2023-01-26
txn_4948026,tea,4,1.5,6.0,digital wallet,in-store,2023-07-02
txn_8741663,smoothie,1,4.0,4.0,credit card,takeaway,2023-01-21
txn_7249396,cake,1,3.0,3.0,cash,,2023-09-26
txn_8104914,cookie,1,1.0,1.0,,takeaway,
txn_8922585,salad,5,5.0,25.0,credit card,unknown,2023-06-22
txn_2112522,sandwich,5,4.0,20.0,digital wallet,takeaway,2023-04-30
txn_2338617,error,2,3.0,6.0,digital wallet,unknown,2023-01-12
txn_2464054,coffee,error,2.0,10.0,,takeaway,2023-08-18
txn_6133115,smoothie,5,4.0,20.0,,in-store,2023-12-08
txn_8408353,tea,1,1.5,1.5,credit card,unknown,2023-12-13
txn_6420902,cake,3,3.0,9.0,credit card,takeaway,2023-11-22
txn_9400245,salad,1,5.0,5.0,,in-store,2023-02-24
txn_4767609,coffee,3,2.0,6.0,digital wallet,in-store,2023-10-15
txn_1425591,smoothie,1,4.0,4.0,cash,,2023-09-10
txn_2292088,error,1,4.0,4.0,digital wallet,takeaway,2023-03-04
txn_6706599,cake,1,3.0,3.0,,takeaway,2023-09-20
txn_4365321,salad,4,5.0,20.0,cash,in-store,2023-03-09
txn_4457299,smoothie,3,4.0,12.0,credit card,in-store,2023-09-19
txn_4671375,tea,1,1.5,1.5,,,2023-06-28
txn_1184715,cake,2,3.0,6.0,,,2023-09-10
txn_5981429,juice,2,,6.0,digital wallet,,2023-12-24
txn_9036527,smoothie,4,4.0,16.0,digital wallet,,2023-06-27
txn_2464706,cake,4,,12.0,digital wallet,takeaway,2023-11-09
txn_8844497,sandwich,3,4.0,12.0,,takeaway,2023-11-18
txn_5171519,salad,3,5.0,15.0,,in-store,2023-04-06
txn_6049240,juice,1,3.0,3.0,cash,,2023-05-31
txn_4428252,sandwich,3,4.0,12.0,,takeaway,2023-10-31
txn_8344810,smoothie,2,4.0,8.0,,unknown,
txn_8502079,tea,unknown,1.5,3.0,cash,,2023-04-20
txn_9460419,cake,1,3.0,3.0,,takeaway,
txn_1169615,smoothie,5,4.0,20.0,digital wallet,in-store,2023-03-16
txn_9778251,tea,error,1.5,6.0,,takeaway,2023-11-09
txn_1949093,smoothie,2,4.0,8.0,cash,,2023-02-05
txn_8253472,cake,1,3.0,3.0,,,
txn_9357808,sandwich,4,4.0,16.0,cash,,2023-05-20
txn_9026468,sandwich,2,4.0,8.0,credit card,error,2023-08-23
txn_8273780,salad,2,5.0,10.0,digital wallet,takeaway,2023-10-15
txn_4224427,juice,4,3.0,12.0,cash,takeaway,2023-01-23
txn_5344848,salad,1,5.0,5.0,digital wallet,takeaway,2023-09-27
txn_6411708,coffee,4,2.0,8.0,credit card,in-store,2023-05-20
txn_7495283,cake,unknown,3.0,15.0,credit card,takeaway,2023-04-14
txn_8153550,cookie,2,1.0,2.0,cash,takeaway,2023-10-12
txn_8807600,unknown,1,4.0,4.0,cash,takeaway,2023-09-24
txn_5921442,smoothie,4,4.0,16.0,cash,takeaway,2023-02-04
txn_9496697,tea,1,1.5,1.5,,in-store,2023-09-27
txn_3130865,juice,3,3.0,9.0,,in-store,
txn_2818204,cake,1,3.0,3.0,digital wallet,,2023-03-09
txn_4122925,error,4,1.0,4.0,,takeaway,2023-10-20
txn_9407169,sandwich,1,4.0,4.0,digital wallet,,2023-01-28
txn_8966400,cake,5,3.0,15.0,credit card,takeaway,2023-11-29
txn_1191659,coffee,4,2.0,,credit card,in-store,2023-11-21
txn_9187008,tea,4,1.5,6.0,error,,2023-09-16
txn_1958525,cookie,3,1.0,3.0,,takeaway,2023-10-08
txn_6487003,coffee,error,2.0,8.0,credit card,takeaway,2023-11-15
txn_4125474,error,2,5.0,10.0,credit card,in-store,2023-08-02
txn_4556831,juice,2,3.0,6.0,digital wallet,in-store,2023-05-28
txn_3546629,juice,5,3.0,15.0,,in-store,2023-03-04
txn_2153100,tea,2,,3.0,cash,,2023-12-29
txn_4723089,sandwich,4,4.0,16.0,cash,in-store,2023-05-23
txn_8545707,cake,5,3.0,15.0,,takeaway,2023-02-14
txn_8938445,cake,3,3.0,9.0,,in-store,2023-11-07
txn_5846013,tea,2,1.5,3.0,digital wallet,,2023-12-20
txn_6494265,coffee,2,2.0,4.0,,,2023-05-24
txn_8563793,juice,4,3.0,12.0,,in-store,2023-03-26
txn_8866974,smoothie,3,4.0,12.0,digital wallet,takeaway,2023-03-14
txn_9954652,coffee,2,2.0,4.0,cash,in-store,2023-09-12
txn_5762440,sandwich,5,4.0,20.0,cash,in-store,2023-03-05
txn_6120851,salad,5,5.0,25.0,cash,takeaway,2023-02-04
txn_3124078,cake,4,3.0,12.0,unknown,in-store,2023-08-06
txn_7936002,salad,2,5.0,10.0,digital wallet,,2023-01-26
txn_8076061,tea,4,1.5,6.0,cash,in-store,2023-04-01
txn_9668108,cake,1,3.0,3.0,cash,in-store,2023-01-20
txn_3528020,cookie,1,1.0,1.0,,takeaway,2023-08-26
txn_5548914,juice,2,3.0,,digital wallet,in-store,2023-11-04
txn_4302199,tea,3,1.5,4.5,,,2023-02-16
txn_9933628,smoothie,5,4.0,20.0,cash,in-store,2023-07-20
txn_6796890,tea,4,1.5,6.0,unknown,,2023-08-24
txn_4583012,error,5,4.0,20.0,digital wallet,,2023-02-27
txn_8567525,cookie,2,1.0,2.0,,takeaway,2023-12-30
txn_9226047,smoothie,3,4.0,12.0,cash,,
txn_3142496,smoothie,unknown,4.0,4.0,cash,takeaway,2023-07-27
txn_3297457,cake,2,3.0,6.0,,unknown,2023-01-03
txn_2858441,sandwich,2,4.0,8.0,credit card,in-store,2023-12-14
txn_1784478,juice,5,3.0,15.0,cash,,2023-07-31
txn_9594133,cake,5,3.0,,error,,
txn_1741685,juice,5,3.0,15.0,cash,,2023-08-18
txn_1538510,coffee,5,2.0,10.0,digital wallet,,2023-05-22
txn_3897619,sandwich,3,4.0,12.0,cash,takeaway,2023-02-24
txn_2739140,smoothie,4,4.0,16.0,unknown,in-store,2023-07-05
txn_4766549,smoothie,2,4.0,,cash,,2023-10-20
txn_7851634,unknown,4,4.0,16.0,,,2023-01-08
txn_7672686,coffee,2,2.0,4.0,,unknown,2023-08-30
txn_9659401,,3,,3.0,digital wallet,,2023-06-02
txn_5255387,coffee,4,2.0,8.0,digital wallet,,2023-03-02
txn_7695629,cookie,3,,3.0,digital wallet,,2023-12-02
txn_6170729,sandwich,3,4.0,12.0,cash,in-store,2023-11-07
